{
"type": "FeatureCollection",
"name": "jadavpur_university_crowns",
"crs": { "type": "name", "properties": { "name": "urn:ogc:def:crs:EPSG::32645" } },
"features": [
{ "type": "Feature", "properties": { "xmin": 895.10876, "ymin": 155.48224, "xmax": 931.63477, "ymax": 189.83514, "score": 0.61250627, "label": "Tree", "tile_idx": 2, "geo_xmin": 641159.88, "geo_ymin": 2488820.8, "geo_xmax": 641170.06, "geo_ymax": 2488830.0, "center_x": 641165.0, "center_y": 2488825.5, "width_m": 10.1875, "height_m": 9.25, "crown_diameter_m": 9.7074394, "lon": 88.372372042486262, "lat": 22.50006140071153, "crown_area_raw_m2": 74.011505, "crown_area_calibrated_m2": 88.813812, "agb_tree_kg": 170.03999460767577 }, "geometry": { "type": "Polygon", "coordinates": [ [ [ 641170.09375, 2488825.5 ], [ 641170.069222201476805, 2488825.04667072603479 ], [ 641169.995875022024848, 2488824.597707260865718 ], [ 641169.874414835125208, 2488824.157433367799968 ], [ 641169.706011368776672, 2488823.730089125223458 ], [ 641169.492286440217867, 2488823.319790092296898 ], [ 641169.235298337647691, 2488822.930487672332674 ], [ 641168.937521996791475, 2488822.565931060817093 ], [ 641168.601825166726485, 2488822.229631137102842 ], [ 641168.231440791161731, 2488821.924826653208584 ], [ 641167.829935874440707, 2488821.654453042894602 ], [ 641167.401177128194831, 2488821.421114152297378 ], [ 641166.94929373357445, 2488821.22705716220662 ], [ 641166.478637574822642, 2488821.074150947388262 ], [ 641165.993741327780299, 2488820.963868078310043 ], [ 641165.499274808564223, 2488820.897270638961345 ], [ 641165.0, 2488820.875 ], [ 641164.500725191435777, 2488820.897270638961345 ], [ 641164.006258672219701, 2488820.963868078310043 ], [ 641163.521362425177358, 2488821.074150947388262 ], [ 641163.05070626642555, 2488821.22705716220662 ], [ 641162.598822871805169, 2488821.421114152297378 ], [ 641162.170064125559293, 2488821.654453042894602 ], [ 641161.768559208838269, 2488821.924826653208584 ], [ 641161.398174833273515, 2488822.229631137102842 ], [ 641161.062478003208525, 2488822.565931060817093 ], [ 641160.764701662352309, 2488822.930487672332674 ], [ 641160.507713559782133, 2488823.319790092296898 ], [ 641160.293988631223328, 2488823.730089125223458 ], [ 641160.125585164874792, 2488824.157433367799968 ], [ 641160.004124977975152, 2488824.597707260865718 ], [ 641159.930777798523195, 2488825.04667072603479 ], [ 641159.90625, 2488825.5 ], [ 641159.930777798523195, 2488825.95332927396521 ], [ 641160.004124977975152, 2488826.402292739134282 ], [ 641160.125585164874792, 2488826.842566632200032 ], [ 641160.293988631223328, 2488827.269910874776542 ], [ 641160.507713559782133, 2488827.680209907703102 ], [ 641160.764701662352309, 2488828.069512327667326 ], [ 641161.062478003208525, 2488828.434068939182907 ], [ 641161.398174833273515, 2488828.770368862897158 ], [ 641161.768559208838269, 2488829.075173346791416 ], [ 641162.170064125559293, 2488829.345546957105398 ], [ 641162.598822871805169, 2488829.578885847702622 ], [ 641163.05070626642555, 2488829.77294283779338 ], [ 641163.521362425177358, 2488829.925849052611738 ], [ 641164.006258672219701, 2488830.036131921689957 ], [ 641164.500725191435777, 2488830.102729361038655 ], [ 641165.0, 2488830.125 ], [ 641165.499274808564223, 2488830.102729361038655 ], [ 641165.993741327780299, 2488830.036131921689957 ], [ 641166.478637574822642, 2488829.925849052611738 ], [ 641166.94929373357445, 2488829.77294283779338 ], [ 641167.401177128194831, 2488829.578885847702622 ], [ 641167.829935874440707, 2488829.345546957105398 ], [ 641168.231440791161731, 2488829.075173346791416 ], [ 641168.601825166726485, 2488828.770368862897158 ], [ 641168.937521996791475, 2488828.434068939182907 ], [ 641169.235298337647691, 2488828.069512327667326 ], [ 641169.492286440217867, 2488827.680209907703102 ], [ 641169.706011368776672, 2488827.269910874776542 ], [ 641169.874414835125208, 2488826.842566632200032 ], [ 641169.995875022024848, 2488826.402292739134282 ], [ 641170.069222201476805, 2488825.95332927396521 ], [ 641170.09375, 2488825.5 ] ] ] } },
{ "type": "Feature", "properties": { "xmin": 202.81635, "ymin": 672.18689, "xmax": 247.45261, "ymax": 716.64075, "score": 0.61074585, "label": "Tree", "tile_idx": 3, "geo_xmin": 640967.12, "geo_ymin": 2488677.5, "geo_xmax": 640979.5, "geo_ymax": 2488689.5, "center_x": 640973.31, "center_y": 2488683.5, "width_m": 12.375, "height_m": 12.0, "crown_diameter_m": 12.186058, "lon": 88.370496276479201, "lat": 22.498794800573897, "crown_area_raw_m2": 116.63162, "crown_area_calibrated_m2": 139.95795, "agb_tree_kg": 293.74240391505055 }, "geometry": { "type": "Polygon", "coordinates": [ [ [ 640979.5, 2488683.5 ], [ 640979.470205496298149, 2488682.911897158250213 ], [ 640979.381108922534622, 2488682.32945806812495 ], [ 640979.233568327385001, 2488681.758291936479509 ], [ 640979.029004607466049, 2488681.203899405896664 ], [ 640978.769387823180296, 2488680.671619579195976 ], [ 640978.457218226161785, 2488680.166578602045774 ], [ 640978.095502180163749, 2488679.693640294950455 ], [ 640977.687723208568059, 2488679.257359312847257 ], [ 640977.237808445817791, 2488678.861937279812992 ], [ 640976.75009081675671, 2488678.511182326357812 ], [ 640976.229267309070565, 2488678.208472413942218 ], [ 640975.680353737785481, 2488677.956722804810852 ], [ 640975.108636440476403, 2488677.758357985410839 ], [ 640974.519621367449872, 2488677.615288317669183 ], [ 640973.918981055845506, 2488677.528891639783978 ], [ 640973.3125, 2488677.5 ], [ 640972.706018944154494, 2488677.528891639783978 ], [ 640972.105378632550128, 2488677.615288317669183 ], [ 640971.516363559523597, 2488677.758357985410839 ], [ 640970.944646262214519, 2488677.956722804810852 ], [ 640970.395732690929435, 2488678.208472413942218 ], [ 640969.87490918324329, 2488678.511182326357812 ], [ 640969.387191554182209, 2488678.861937279812992 ], [ 640968.937276791431941, 2488679.257359312847257 ], [ 640968.529497819836251, 2488679.693640294950455 ], [ 640968.167781773838215, 2488680.166578602045774 ], [ 640967.855612176819704, 2488680.671619579195976 ], [ 640967.595995392533951, 2488681.203899405896664 ], [ 640967.391431672614999, 2488681.758291936479509 ], [ 640967.243891077465378, 2488682.32945806812495 ], [ 640967.154794503701851, 2488682.911897158250213 ], [ 640967.125, 2488683.5 ], [ 640967.154794503701851, 2488684.088102841749787 ], [ 640967.243891077465378, 2488684.67054193187505 ], [ 640967.391431672614999, 2488685.241708063520491 ], [ 640967.595995392533951, 2488685.796100594103336 ], [ 640967.855612176819704, 2488686.328380420804024 ], [ 640968.167781773838215, 2488686.833421397954226 ], [ 640968.529497819836251, 2488687.306359705049545 ], [ 640968.937276791431941, 2488687.742640687152743 ], [ 640969.387191554182209, 2488688.138062720187008 ], [ 640969.87490918324329, 2488688.488817673642188 ], [ 640970.395732690929435, 2488688.791527586057782 ], [ 640970.944646262214519, 2488689.043277195189148 ], [ 640971.516363559523597, 2488689.241642014589161 ], [ 640972.105378632550128, 2488689.384711682330817 ], [ 640972.706018944154494, 2488689.471108360216022 ], [ 640973.3125, 2488689.5 ], [ 640973.918981055845506, 2488689.471108360216022 ], [ 640974.519621367449872, 2488689.384711682330817 ], [ 640975.108636440476403, 2488689.241642014589161 ], [ 640975.680353737785481, 2488689.043277195189148 ], [ 640976.229267309070565, 2488688.791527586057782 ], [ 640976.75009081675671, 2488688.488817673642188 ], [ 640977.237808445817791, 2488688.138062720187008 ], [ 640977.687723208568059, 2488687.742640687152743 ], [ 640978.095502180163749, 2488687.306359705049545 ], [ 640978.457218226161785, 2488686.833421397954226 ], [ 640978.769387823180296, 2488686.328380420804024 ], [ 640979.029004607466049, 2488685.796100594103336 ], [ 640979.233568327385001, 2488685.241708063520491 ], [ 640979.381108922534622, 2488684.67054193187505 ], [ 640979.470205496298149, 2488684.088102841749787 ], [ 640979.5, 2488683.5 ] ] ] } },
{ "type": "Feature", "properties": { "xmin": 846.60822, "ymin": 475.96655, "xmax": 867.16797, "ymax": 498.49475, "score": 0.60894173, "label": "Tree", "tile_idx": 5, "geo_xmin": 641146.38, "geo_ymin": 2488736.8, "geo_xmax": 641152.06, "geo_ymax": 2488742.8, "center_x": 641149.25, "center_y": 2488739.8, "width_m": 5.6875, "height_m": 6.0, "crown_diameter_m": 5.8416605, "lon": 88.372211318386462, "lat": 22.499288261392653, "crown_area_raw_m2": 26.801714, "crown_area_calibrated_m2": 32.16206, "agb_tree_kg": 50.153899737981178 }, "geometry": { "type": "Polygon", "coordinates": [ [ [ 641152.09375, 2488739.75 ], [ 641152.080056566512212, 2488739.455948579125106 ], [ 641152.039108141092584, 2488739.164729034062475 ], [ 641151.97129907971248, 2488738.879145968239754 ], [ 641151.877282420522533, 2488738.601949702948332 ], [ 641151.757963595446199, 2488738.335809789597988 ], [ 641151.614491709973663, 2488738.083289301022887 ], [ 641151.448248476721346, 2488737.846820147708058 ], [ 641151.260834909044206, 2488737.628679656423628 ], [ 641151.054055901826359, 2488737.430968639906496 ], [ 641150.829902850091457, 2488737.255591162946075 ], [ 641150.590534470393322, 2488737.104236206971109 ], [ 641150.338256010785699, 2488736.978361402638257 ], [ 641150.075497050886042, 2488736.87917899293825 ], [ 641149.80478810321074, 2488736.807644158601761 ], [ 641149.528736242791638, 2488736.764445819891989 ], [ 641149.25, 2488736.75 ], [ 641148.971263757208362, 2488736.764445819891989 ], [ 641148.69521189678926, 2488736.807644158601761 ], [ 641148.424502949113958, 2488736.87917899293825 ], [ 641148.161743989214301, 2488736.978361402638257 ], [ 641147.909465529606678, 2488737.104236206971109 ], [ 641147.670097149908543, 2488737.255591162946075 ], [ 641147.445944098173641, 2488737.430968639906496 ], [ 641147.239165090955794, 2488737.628679656423628 ], [ 641147.051751523278654, 2488737.846820147708058 ], [ 641146.885508290026337, 2488738.083289301022887 ], [ 641146.742036404553801, 2488738.335809789597988 ], [ 641146.622717579477467, 2488738.601949702948332 ], [ 641146.52870092028752, 2488738.879145968239754 ], [ 641146.460891858907416, 2488739.164729034062475 ], [ 641146.419943433487788, 2488739.455948579125106 ], [ 641146.40625, 2488739.75 ], [ 641146.419943433487788, 2488740.044051420874894 ], [ 641146.460891858907416, 2488740.335270965937525 ], [ 641146.52870092028752, 2488740.620854031760246 ], [ 641146.622717579477467, 2488740.898050297051668 ], [ 641146.742036404553801, 2488741.164190210402012 ], [ 641146.885508290026337, 2488741.416710698977113 ], [ 641147.051751523278654, 2488741.653179852291942 ], [ 641147.239165090955794, 2488741.871320343576372 ], [ 641147.445944098173641, 2488742.069031360093504 ], [ 641147.670097149908543, 2488742.244408837053925 ], [ 641147.909465529606678, 2488742.395763793028891 ], [ 641148.161743989214301, 2488742.521638597361743 ], [ 641148.424502949113958, 2488742.62082100706175 ], [ 641148.69521189678926, 2488742.692355841398239 ], [ 641148.971263757208362, 2488742.735554180108011 ], [ 641149.25, 2488742.75 ], [ 641149.528736242791638, 2488742.735554180108011 ], [ 641149.80478810321074, 2488742.692355841398239 ], [ 641150.075497050886042, 2488742.62082100706175 ], [ 641150.338256010785699, 2488742.521638597361743 ], [ 641150.590534470393322, 2488742.395763793028891 ], [ 641150.829902850091457, 2488742.244408837053925 ], [ 641151.054055901826359, 2488742.069031360093504 ], [ 641151.260834909044206, 2488741.871320343576372 ], [ 641151.448248476721346, 2488741.653179852291942 ], [ 641151.614491709973663, 2488741.416710698977113 ], [ 641151.757963595446199, 2488741.164190210402012 ], [ 641151.877282420522533, 2488740.898050297051668 ], [ 641151.97129907971248, 2488740.620854031760246 ], [ 641152.039108141092584, 2488740.335270965937525 ], [ 641152.080056566512212, 2488740.044051420874894 ], [ 641152.09375, 2488739.75 ] ] ] } },
{ "type": "Feature", "properties": { "xmin": 50.518616, "ymin": 858.16455, "xmax": 78.822693, "ymax": 889.35529, "score": 0.60689509, "label": "Tree", "tile_idx": 6, "geo_xmin": 640924.69, "geo_ymin": 2488630.5, "geo_xmax": 640932.56, "geo_ymax": 2488639.0, "center_x": 640928.62, "center_y": 2488634.8, "width_m": 7.875, "height_m": 8.5, "crown_diameter_m": 8.1815338, "lon": 88.370057598172139, "lat": 22.49835821319607, "crown_area_raw_m2": 52.572594, "crown_area_calibrated_m2": 63.087116, "agb_tree_kg": 112.72132885107958 }, "geometry": { "type": "Polygon", "coordinates": [ [ [ 640932.5625, 2488634.75 ], [ 640932.543539861217141, 2488634.333427153527737 ], [ 640932.486842041602358, 2488633.92086613131687 ], [ 640932.392952571972273, 2488633.516290121711791 ], [ 640932.262775659211911, 2488633.123595412354916 ], [ 640932.097564978408627, 2488632.74656386859715 ], [ 640931.898911598487757, 2488632.388826509471983 ], [ 640931.66872866009362, 2488632.053828542120755 ], [ 640931.40923295088578, 2488631.744796180166304 ], [ 640931.122923556366004, 2488631.464705573394895 ], [ 640930.812557792523876, 2488631.216254147700965 ], [ 640930.481124651269056, 2488631.001834626309574 ], [ 640930.131816014880314, 2488630.823511986993253 ], [ 640929.767995916656218, 2488630.683003573212773 ], [ 640929.393168142880313, 2488630.581662558484823 ], [ 640929.010942490072921, 2488630.520464911591262 ], [ 640928.625, 2488630.5 ], [ 640928.239057509927079, 2488630.520464911591262 ], [ 640927.856831857119687, 2488630.581662558484823 ], [ 640927.482004083343782, 2488630.683003573212773 ], [ 640927.118183985119686, 2488630.823511986993253 ], [ 640926.768875348730944, 2488631.001834626309574 ], [ 640926.437442207476124, 2488631.216254147700965 ], [ 640926.127076443633996, 2488631.464705573394895 ], [ 640925.84076704911422, 2488631.744796180166304 ], [ 640925.58127133990638, 2488632.053828542120755 ], [ 640925.351088401512243, 2488632.388826509471983 ], [ 640925.152435021591373, 2488632.74656386859715 ], [ 640924.987224340788089, 2488633.123595412354916 ], [ 640924.857047428027727, 2488633.516290121711791 ], [ 640924.763157958397642, 2488633.92086613131687 ], [ 640924.706460138782859, 2488634.333427153527737 ], [ 640924.6875, 2488634.75 ], [ 640924.706460138782859, 2488635.166572846472263 ], [ 640924.763157958397642, 2488635.57913386868313 ], [ 640924.857047428027727, 2488635.983709878288209 ], [ 640924.987224340788089, 2488636.376404587645084 ], [ 640925.152435021591373, 2488636.75343613140285 ], [ 640925.351088401512243, 2488637.111173490528017 ], [ 640925.58127133990638, 2488637.446171457879245 ], [ 640925.84076704911422, 2488637.755203819833696 ], [ 640926.127076443633996, 2488638.035294426605105 ], [ 640926.437442207476124, 2488638.283745852299035 ], [ 640926.768875348730944, 2488638.498165373690426 ], [ 640927.118183985119686, 2488638.676488013006747 ], [ 640927.482004083343782, 2488638.816996426787227 ], [ 640927.856831857119687, 2488638.918337441515177 ], [ 640928.239057509927079, 2488638.979535088408738 ], [ 640928.625, 2488639.0 ], [ 640929.010942490072921, 2488638.979535088408738 ], [ 640929.393168142880313, 2488638.918337441515177 ], [ 640929.767995916656218, 2488638.816996426787227 ], [ 640930.131816014880314, 2488638.676488013006747 ], [ 640930.481124651269056, 2488638.498165373690426 ], [ 640930.812557792523876, 2488638.283745852299035 ], [ 640931.122923556366004, 2488638.035294426605105 ], [ 640931.40923295088578, 2488637.755203819833696 ], [ 640931.66872866009362, 2488637.446171457879245 ], [ 640931.898911598487757, 2488637.111173490528017 ], [ 640932.097564978408627, 2488636.75343613140285 ], [ 640932.262775659211911, 2488636.376404587645084 ], [ 640932.392952571972273, 2488635.983709878288209 ], [ 640932.486842041602358, 2488635.57913386868313 ], [ 640932.543539861217141, 2488635.166572846472263 ], [ 640932.5625, 2488634.75 ] ] ] } },
{ "type": "Feature", "properties": { "xmin": 320.0, "ymin": 84.995071, "xmax": 337.22006, "ymax": 117.10919, "score": 0.58777338, "label": "Tree", "tile_idx": 1, "geo_xmin": 640999.75, "geo_ymin": 2488840.5, "geo_xmax": 641004.5, "geo_ymax": 2488849.2, "center_x": 641002.12, "center_y": 2488845.0, "width_m": 4.75, "height_m": 8.75, "crown_diameter_m": 6.4468985, "lon": 88.370790694752827, "lat": 22.500250991546679, "crown_area_raw_m2": 32.643112, "crown_area_calibrated_m2": 39.171738, "agb_tree_kg": 63.566866763101686 }, "geometry": { "type": "Polygon", "coordinates": [ [ [ 641004.5, 2488845.0 ], [ 641004.488563725841232, 2488844.571175010874867 ], [ 641004.454365040990524, 2488844.146479841321707 ], [ 641004.397733297315426, 2488843.730004536919296 ], [ 641004.319213889772072, 2488843.325759983621538 ], [ 641004.219563002814539, 2488842.937639276497066 ], [ 641004.099740329198539, 2488842.569380230735987 ], [ 641003.960899826721288, 2488842.224529381841421 ], [ 641003.804378605331294, 2488841.906407832168043 ], [ 641003.631684049847536, 2488841.618079266510904 ], [ 641003.444479303434491, 2488841.362320445943624 ], [ 641003.244567250018008, 2488841.141594468615949 ], [ 641003.033873151871376, 2488840.958027045242488 ], [ 641002.814426108496264, 2488840.813386030960828 ], [ 641002.588339514797553, 2488840.709064398426563 ], [ 641002.357790708309039, 2488840.646066820714623 ], [ 641002.125, 2488840.625 ], [ 641001.892209291690961, 2488840.646066820714623 ], [ 641001.661660485202447, 2488840.709064398426563 ], [ 641001.435573891503736, 2488840.813386030960828 ], [ 641001.216126848128624, 2488840.958027045242488 ], [ 641001.005432749981992, 2488841.141594468615949 ], [ 641000.805520696565509, 2488841.362320445943624 ], [ 641000.618315950152464, 2488841.618079266510904 ], [ 641000.445621394668706, 2488841.906407832168043 ], [ 641000.289100173278712, 2488842.224529381841421 ], [ 641000.150259670801461, 2488842.569380230735987 ], [ 641000.030436997185461, 2488842.937639276497066 ], [ 640999.930786110227928, 2488843.325759983621538 ], [ 640999.852266702684574, 2488843.730004536919296 ], [ 640999.795634959009476, 2488844.146479841321707 ], [ 640999.761436274158768, 2488844.571175010874867 ], [ 640999.75, 2488845.0 ], [ 640999.761436274158768, 2488845.428824989125133 ], [ 640999.795634959009476, 2488845.853520158678293 ], [ 640999.852266702684574, 2488846.269995463080704 ], [ 640999.930786110227928, 2488846.674240016378462 ], [ 641000.030436997185461, 2488847.062360723502934 ], [ 641000.150259670801461, 2488847.430619769264013 ], [ 641000.289100173278712, 2488847.775470618158579 ], [ 641000.445621394668706, 2488848.093592167831957 ], [ 641000.618315950152464, 2488848.381920733489096 ], [ 641000.805520696565509, 2488848.637679554056376 ], [ 641001.005432749981992, 2488848.858405531384051 ], [ 641001.216126848128624, 2488849.041972954757512 ], [ 641001.435573891503736, 2488849.186613969039172 ], [ 641001.661660485202447, 2488849.290935601573437 ], [ 641001.892209291690961, 2488849.353933179285377 ], [ 641002.125, 2488849.375 ], [ 641002.357790708309039, 2488849.353933179285377 ], [ 641002.588339514797553, 2488849.290935601573437 ], [ 641002.814426108496264, 2488849.186613969039172 ], [ 641003.033873151871376, 2488849.041972954757512 ], [ 641003.244567250018008, 2488848.858405531384051 ], [ 641003.444479303434491, 2488848.637679554056376 ], [ 641003.631684049847536, 2488848.381920733489096 ], [ 641003.804378605331294, 2488848.093592167831957 ], [ 641003.960899826721288, 2488847.775470618158579 ], [ 641004.099740329198539, 2488847.430619769264013 ], [ 641004.219563002814539, 2488847.062360723502934 ], [ 641004.319213889772072, 2488846.674240016378462 ], [ 641004.397733297315426, 2488846.269995463080704 ], [ 641004.454365040990524, 2488845.853520158678293 ], [ 641004.488563725841232, 2488845.428824989125133 ], [ 641004.5, 2488845.0 ] ] ] } },
{ "type": "Feature", "properties": { "xmin": 478.47186, "ymin": 98.919312, "xmax": 514.77441, "ymax": 133.59261, "score": 0.58574247, "label": "Tree", "tile_idx": 1, "geo_xmin": 641043.88, "geo_ymin": 2488836.0, "geo_xmax": 641053.94, "geo_ymax": 2488845.2, "center_x": 641048.88, "center_y": 2488840.5, "width_m": 10.0625, "height_m": 9.25, "crown_diameter_m": 9.6477003, "lon": 88.371244687095853, "lat": 22.500206483084451, "crown_area_raw_m2": 73.103386, "crown_area_calibrated_m2": 87.724068, "agb_tree_kg": 167.53526447775468 }, "geometry": { "type": "Polygon", "coordinates": [ [ [ 641053.90625, 2488840.5 ], [ 641053.882023156038485, 2488840.04667072603479 ], [ 641053.809575941995718, 2488839.597707260865718 ], [ 641053.689606064115651, 2488839.157433367799968 ], [ 641053.523268897901289, 2488838.730089125223458 ], [ 641053.31216636125464, 2488838.319790092296898 ], [ 641053.058331486885436, 2488837.930487672332674 ], [ 641052.764208843465894, 2488837.565931060817093 ], [ 641052.432630992843769, 2488837.229631137102842 ], [ 641052.066791210905649, 2488836.924826653208584 ], [ 641051.670212734839879, 2488836.654453042894602 ], [ 641051.246714832144789, 2488836.421114152297378 ], [ 641050.800376019091345, 2488836.22705716220662 ], [ 641050.335494782426395, 2488836.074150947388262 ], [ 641049.856548182666302, 2488835.963868078310043 ], [ 641049.368148737237789, 2488835.897270638961345 ], [ 641048.875, 2488835.875 ], [ 641048.381851262762211, 2488835.897270638961345 ], [ 641047.893451817333698, 2488835.963868078310043 ], [ 641047.414505217573605, 2488836.074150947388262 ], [ 641046.949623980908655, 2488836.22705716220662 ], [ 641046.503285167855211, 2488836.421114152297378 ], [ 641046.079787265160121, 2488836.654453042894602 ], [ 641045.683208789094351, 2488836.924826653208584 ], [ 641045.317369007156231, 2488837.229631137102842 ], [ 641044.985791156534106, 2488837.565931060817093 ], [ 641044.691668513114564, 2488837.930487672332674 ], [ 641044.43783363874536, 2488838.319790092296898 ], [ 641044.226731102098711, 2488838.730089125223458 ], [ 641044.060393935884349, 2488839.157433367799968 ], [ 641043.940424058004282, 2488839.597707260865718 ], [ 641043.867976843961515, 2488840.04667072603479 ], [ 641043.84375, 2488840.5 ], [ 641043.867976843961515, 2488840.95332927396521 ], [ 641043.940424058004282, 2488841.402292739134282 ], [ 641044.060393935884349, 2488841.842566632200032 ], [ 641044.226731102098711, 2488842.269910874776542 ], [ 641044.43783363874536, 2488842.680209907703102 ], [ 641044.691668513114564, 2488843.069512327667326 ], [ 641044.985791156534106, 2488843.434068939182907 ], [ 641045.317369007156231, 2488843.770368862897158 ], [ 641045.683208789094351, 2488844.075173346791416 ], [ 641046.079787265160121, 2488844.345546957105398 ], [ 641046.503285167855211, 2488844.578885847702622 ], [ 641046.949623980908655, 2488844.77294283779338 ], [ 641047.414505217573605, 2488844.925849052611738 ], [ 641047.893451817333698, 2488845.036131921689957 ], [ 641048.381851262762211, 2488845.102729361038655 ], [ 641048.875, 2488845.125 ], [ 641049.368148737237789, 2488845.102729361038655 ], [ 641049.856548182666302, 2488845.036131921689957 ], [ 641050.335494782426395, 2488844.925849052611738 ], [ 641050.800376019091345, 2488844.77294283779338 ], [ 641051.246714832144789, 2488844.578885847702622 ], [ 641051.670212734839879, 2488844.345546957105398 ], [ 641052.066791210905649, 2488844.075173346791416 ], [ 641052.432630992843769, 2488843.770368862897158 ], [ 641052.764208843465894, 2488843.434068939182907 ], [ 641053.058331486885436, 2488843.069512327667326 ], [ 641053.31216636125464, 2488842.680209907703102 ], [ 641053.523268897901289, 2488842.269910874776542 ], [ 641053.689606064115651, 2488841.842566632200032 ], [ 641053.809575941995718, 2488841.402292739134282 ], [ 641053.882023156038485, 2488840.95332927396521 ], [ 641053.90625, 2488840.5 ] ] ] } },
{ "type": "Feature", "properties": { "xmin": 624.0, "ymin": 737.29858, "xmax": 649.88635, "ymax": 776.62024, "score": 0.57895058, "label": "Tree", "tile_idx": 8, "geo_xmin": 641084.38, "geo_ymin": 2488661.2, "geo_xmax": 641091.56, "geo_ymax": 2488671.8, "center_x": 641088.0, "center_y": 2488666.5, "width_m": 7.1875, "height_m": 10.5, "crown_diameter_m": 8.6872749, "lon": 88.371609471672571, "lat": 22.498631780073836, "crown_area_raw_m2": 59.273022, "crown_area_calibrated_m2": 71.127632, "agb_tree_kg": 130.20495237506074 }, "geometry": { "type": "Polygon", "coordinates": [ [ [ 641091.59375, 2488666.5 ], [ 641091.5764451114228, 2488665.985410013236105 ], [ 641091.524697101442143, 2488665.475775809492916 ], [ 641091.439004331594333, 2488664.976005444303155 ], [ 641091.320192069979385, 2488664.490911980159581 ], [ 641091.169404543703422, 2488664.025167131796479 ], [ 641090.988093919237144, 2488663.583256276790053 ], [ 641090.778006316744722, 2488663.169435258023441 ], [ 641090.541164994938299, 2488662.78768939897418 ], [ 641090.27985086501576, 2488662.441695119719952 ], [ 641089.996580524952151, 2488662.134784535504878 ], [ 641089.694082022993825, 2488661.86991336196661 ], [ 641089.375268585048616, 2488661.649632454384118 ], [ 641089.043210558826104, 2488661.476063237525523 ], [ 641088.701105844695121, 2488661.350877278018743 ], [ 641088.352249098010361, 2488661.275280185043812 ], [ 641088.0, 2488661.25 ], [ 641087.647750901989639, 2488661.275280185043812 ], [ 641087.298894155304879, 2488661.350877278018743 ], [ 641086.956789441173896, 2488661.476063237525523 ], [ 641086.624731414951384, 2488661.649632454384118 ], [ 641086.305917977006175, 2488661.86991336196661 ], [ 641086.003419475047849, 2488662.134784535504878 ], [ 641085.72014913498424, 2488662.441695119719952 ], [ 641085.458835005061701, 2488662.78768939897418 ], [ 641085.221993683255278, 2488663.169435258023441 ], [ 641085.011906080762856, 2488663.583256276790053 ], [ 641084.830595456296578, 2488664.025167131796479 ], [ 641084.679807930020615, 2488664.490911980159581 ], [ 641084.560995668405667, 2488664.976005444303155 ], [ 641084.475302898557857, 2488665.475775809492916 ], [ 641084.4235548885772, 2488665.985410013236105 ], [ 641084.40625, 2488666.5 ], [ 641084.4235548885772, 2488667.014589986763895 ], [ 641084.475302898557857, 2488667.524224190507084 ], [ 641084.560995668405667, 2488668.023994555696845 ], [ 641084.679807930020615, 2488668.509088019840419 ], [ 641084.830595456296578, 2488668.974832868203521 ], [ 641085.011906080762856, 2488669.416743723209947 ], [ 641085.221993683255278, 2488669.830564741976559 ], [ 641085.458835005061701, 2488670.21231060102582 ], [ 641085.72014913498424, 2488670.558304880280048 ], [ 641086.003419475047849, 2488670.865215464495122 ], [ 641086.305917977006175, 2488671.13008663803339 ], [ 641086.624731414951384, 2488671.350367545615882 ], [ 641086.956789441173896, 2488671.523936762474477 ], [ 641087.298894155304879, 2488671.649122721981257 ], [ 641087.647750901989639, 2488671.724719814956188 ], [ 641088.0, 2488671.75 ], [ 641088.352249098010361, 2488671.724719814956188 ], [ 641088.701105844695121, 2488671.649122721981257 ], [ 641089.043210558826104, 2488671.523936762474477 ], [ 641089.375268585048616, 2488671.350367545615882 ], [ 641089.694082022993825, 2488671.13008663803339 ], [ 641089.996580524952151, 2488670.865215464495122 ], [ 641090.27985086501576, 2488670.558304880280048 ], [ 641090.541164994938299, 2488670.21231060102582 ], [ 641090.778006316744722, 2488669.830564741976559 ], [ 641090.988093919237144, 2488669.416743723209947 ], [ 641091.169404543703422, 2488668.974832868203521 ], [ 641091.320192069979385, 2488668.509088019840419 ], [ 641091.439004331594333, 2488668.023994555696845 ], [ 641091.524697101442143, 2488667.524224190507084 ], [ 641091.5764451114228, 2488667.014589986763895 ], [ 641091.59375, 2488666.5 ] ] ] } },
{ "type": "Feature", "properties": { "xmin": 927.62518, "ymin": 439.51752, "xmax": 950.42773, "ymax": 467.27405, "score": 0.57706577, "label": "Tree", "tile_idx": 5, "geo_xmin": 641168.94, "geo_ymin": 2488745.2, "geo_xmax": 641175.25, "geo_ymax": 2488752.8, "center_x": 641172.12, "center_y": 2488749.0, "width_m": 6.3125, "height_m": 7.5, "crown_diameter_m": 6.8806796, "lon": 88.372434477683356, "lat": 22.499369908006674, "crown_area_raw_m2": 37.183697, "crown_area_calibrated_m2": 44.620438, "agb_tree_kg": 74.339072996827156 }, "geometry": { "type": "Polygon", "coordinates": [ [ [ 641175.28125, 2488749.0 ], [ 641175.266051793587394, 2488748.632435723673552 ], [ 641175.220603541238233, 2488748.268411292228848 ], [ 641175.14534293464385, 2488747.911432460416108 ], [ 641175.040994774433784, 2488747.564937128685415 ], [ 641174.908563990611583, 2488747.232262236997485 ], [ 641174.749325963784941, 2488746.916611626278609 ], [ 641174.564814243465662, 2488746.621025184169412 ], [ 641174.356805778108537, 2488746.348349570762366 ], [ 641174.12730380310677, 2488746.101210799999535 ], [ 641173.878518547979183, 2488745.881988953799009 ], [ 641173.612845950643532, 2488745.692795258481055 ], [ 641173.332844583434053, 2488745.53545175306499 ], [ 641173.041211012634449, 2488745.411473740823567 ], [ 641172.740753828897141, 2488745.322055198717862 ], [ 641172.43436659919098, 2488745.268057275097817 ], [ 641172.125, 2488745.25 ], [ 641171.81563340080902, 2488745.268057275097817 ], [ 641171.509246171102859, 2488745.322055198717862 ], [ 641171.208788987365551, 2488745.411473740823567 ], [ 641170.917155416565947, 2488745.53545175306499 ], [ 641170.637154049356468, 2488745.692795258481055 ], [ 641170.371481452020817, 2488745.881988953799009 ], [ 641170.12269619689323, 2488746.101210799999535 ], [ 641169.893194221891463, 2488746.348349570762366 ], [ 641169.685185756534338, 2488746.621025184169412 ], [ 641169.500674036215059, 2488746.916611626278609 ], [ 641169.341436009388417, 2488747.232262236997485 ], [ 641169.209005225566216, 2488747.564937128685415 ], [ 641169.10465706535615, 2488747.911432460416108 ], [ 641169.029396458761767, 2488748.268411292228848 ], [ 641168.983948206412606, 2488748.632435723673552 ], [ 641168.96875, 2488749.0 ], [ 641168.983948206412606, 2488749.367564276326448 ], [ 641169.029396458761767, 2488749.731588707771152 ], [ 641169.10465706535615, 2488750.088567539583892 ], [ 641169.209005225566216, 2488750.435062871314585 ], [ 641169.341436009388417, 2488750.767737763002515 ], [ 641169.500674036215059, 2488751.083388373721391 ], [ 641169.685185756534338, 2488751.378974815830588 ], [ 641169.893194221891463, 2488751.651650429237634 ], [ 641170.12269619689323, 2488751.898789200000465 ], [ 641170.371481452020817, 2488752.118011046200991 ], [ 641170.637154049356468, 2488752.307204741518945 ], [ 641170.917155416565947, 2488752.46454824693501 ], [ 641171.208788987365551, 2488752.588526259176433 ], [ 641171.509246171102859, 2488752.677944801282138 ], [ 641171.81563340080902, 2488752.731942724902183 ], [ 641172.125, 2488752.75 ], [ 641172.43436659919098, 2488752.731942724902183 ], [ 641172.740753828897141, 2488752.677944801282138 ], [ 641173.041211012634449, 2488752.588526259176433 ], [ 641173.332844583434053, 2488752.46454824693501 ], [ 641173.612845950643532, 2488752.307204741518945 ], [ 641173.878518547979183, 2488752.118011046200991 ], [ 641174.12730380310677, 2488751.898789200000465 ], [ 641174.356805778108537, 2488751.651650429237634 ], [ 641174.564814243465662, 2488751.378974815830588 ], [ 641174.749325963784941, 2488751.083388373721391 ], [ 641174.908563990611583, 2488750.767737763002515 ], [ 641175.040994774433784, 2488750.435062871314585 ], [ 641175.14534293464385, 2488750.088567539583892 ], [ 641175.220603541238233, 2488749.731588707771152 ], [ 641175.266051793587394, 2488749.367564276326448 ], [ 641175.28125, 2488749.0 ] ] ] } },
{ "type": "Feature", "properties": { "xmin": 973.96326, "ymin": 396.45816, "xmax": 1007.8081, "ymax": 426.87201, "score": 0.57255447, "label": "Tree", "tile_idx": 5, "geo_xmin": 641181.81, "geo_ymin": 2488756.2, "geo_xmax": 641191.25, "geo_ymax": 2488764.5, "center_x": 641186.5, "center_y": 2488760.5, "width_m": 9.4375, "height_m": 8.25, "crown_diameter_m": 8.8237963, "lon": 88.372575221365139, "lat": 22.499472578872236, "crown_area_raw_m2": 61.150612, "crown_area_calibrated_m2": 73.380737, "agb_tree_kg": 135.17835759473093 }, "geometry": { "type": "Polygon", "coordinates": [ [ [ 641191.21875, 2488760.5 ], [ 641191.196027928963304, 2488760.095679296180606 ], [ 641191.128080541850068, 2488759.695252421777695 ], [ 641191.015562209184282, 2488759.302575706504285 ], [ 641190.859556543990038, 2488758.921430841553956 ], [ 641190.661565966089256, 2488758.555488460697234 ], [ 641190.423497233074158, 2488758.208272788673639 ], [ 641190.147643076837994, 2488757.88312770286575 ], [ 641189.836660123779438, 2488757.583184527698904 ], [ 641189.493543309625238, 2488757.311331879813224 ], [ 641189.121597037068568, 2488757.070187849458307 ], [ 641188.72440335189458, 2488756.862074784468859 ], [ 641188.305787446442991, 2488756.688996928278357 ], [ 641187.869780820794404, 2488756.552621114999056 ], [ 641187.420582456979901, 2488756.454260718543082 ], [ 641186.962518380954862, 2488756.394863002467901 ], [ 641186.5, 2488756.375 ], [ 641186.037481619045138, 2488756.394863002467901 ], [ 641185.579417543020099, 2488756.454260718543082 ], [ 641185.130219179205596, 2488756.552621114999056 ], [ 641184.694212553557009, 2488756.688996928278357 ], [ 641184.27559664810542, 2488756.862074784468859 ], [ 641183.878402962931432, 2488757.070187849458307 ], [ 641183.506456690374762, 2488757.311331879813224 ], [ 641183.163339876220562, 2488757.583184527698904 ], [ 641182.852356923162006, 2488757.88312770286575 ], [ 641182.576502766925842, 2488758.208272788673639 ], [ 641182.338434033910744, 2488758.555488460697234 ], [ 641182.140443456009962, 2488758.921430841553956 ], [ 641181.984437790815718, 2488759.302575706504285 ], [ 641181.871919458149932, 2488759.695252421777695 ], [ 641181.803972071036696, 2488760.095679296180606 ], [ 641181.78125, 2488760.5 ], [ 641181.803972071036696, 2488760.904320703819394 ], [ 641181.871919458149932, 2488761.304747578222305 ], [ 641181.984437790815718, 2488761.697424293495715 ], [ 641182.140443456009962, 2488762.078569158446044 ], [ 641182.338434033910744, 2488762.444511539302766 ], [ 641182.576502766925842, 2488762.791727211326361 ], [ 641182.852356923162006, 2488763.11687229713425 ], [ 641183.163339876220562, 2488763.416815472301096 ], [ 641183.506456690374762, 2488763.688668120186776 ], [ 641183.878402962931432, 2488763.929812150541693 ], [ 641184.27559664810542, 2488764.137925215531141 ], [ 641184.694212553557009, 2488764.311003071721643 ], [ 641185.130219179205596, 2488764.447378885000944 ], [ 641185.579417543020099, 2488764.545739281456918 ], [ 641186.037481619045138, 2488764.605136997532099 ], [ 641186.5, 2488764.625 ], [ 641186.962518380954862, 2488764.605136997532099 ], [ 641187.420582456979901, 2488764.545739281456918 ], [ 641187.869780820794404, 2488764.447378885000944 ], [ 641188.305787446442991, 2488764.311003071721643 ], [ 641188.72440335189458, 2488764.137925215531141 ], [ 641189.121597037068568, 2488763.929812150541693 ], [ 641189.493543309625238, 2488763.688668120186776 ], [ 641189.836660123779438, 2488763.416815472301096 ], [ 641190.147643076837994, 2488763.11687229713425 ], [ 641190.423497233074158, 2488762.791727211326361 ], [ 641190.661565966089256, 2488762.444511539302766 ], [ 641190.859556543990038, 2488762.078569158446044 ], [ 641191.015562209184282, 2488761.697424293495715 ], [ 641191.128080541850068, 2488761.304747578222305 ], [ 641191.196027928963304, 2488760.904320703819394 ], [ 641191.21875, 2488760.5 ] ] ] } },
{ "type": "Feature", "properties": { "xmin": 186.98308, "ymin": 300.74365, "xmax": 218.25545, "ymax": 330.2312, "score": 0.55745488, "label": "Tree", "tile_idx": 0, "geo_xmin": 640962.69, "geo_ymin": 2488782.5, "geo_xmax": 640971.38, "geo_ymax": 2488790.5, "center_x": 640967.0, "center_y": 2488786.5, "width_m": 8.6875, "height_m": 8.0, "crown_diameter_m": 8.3366661, "lon": 88.370444086883978, "lat": 22.499725558390267, "crown_area_raw_m2": 54.585175, "crown_area_calibrated_m2": 65.502213, "agb_tree_kg": 117.92806116625918 }, "geometry": { "type": "Polygon", "coordinates": [ [ [ 640971.34375, 2488786.5 ], [ 640971.322833656449802, 2488786.107931438833475 ], [ 640971.260286061791703, 2488785.719638711772859 ], [ 640971.15670958335977, 2488785.338861290831119 ], [ 640971.01310171931982, 2488784.969266270752996 ], [ 640970.830845491960645, 2488784.614413052797318 ], [ 640970.61169612838421, 2488784.277719067875296 ], [ 640970.357764156768098, 2488783.962426863145083 ], [ 640970.071495080832392, 2488783.671572875231504 ], [ 640969.755645828088745, 2488783.407958186697215 ], [ 640969.413258199696429, 2488783.174121550749987 ], [ 640969.047629575594328, 2488782.972314942628145 ], [ 640968.662281159311533, 2488782.804481870029122 ], [ 640968.260924066766165, 2488782.672238657251 ], [ 640967.847423586295918, 2488782.576858878601342 ], [ 640967.4257619533455, 2488782.519261093344539 ], [ 640967.0, 2488782.5 ], [ 640966.5742380466545, 2488782.519261093344539 ], [ 640966.152576413704082, 2488782.576858878601342 ], [ 640965.739075933233835, 2488782.672238657251 ], [ 640965.337718840688467, 2488782.804481870029122 ], [ 640964.952370424405672, 2488782.972314942628145 ], [ 640964.586741800303571, 2488783.174121550749987 ], [ 640964.244354171911255, 2488783.407958186697215 ], [ 640963.928504919167608, 2488783.671572875231504 ], [ 640963.642235843231902, 2488783.962426863145083 ], [ 640963.38830387161579, 2488784.277719067875296 ], [ 640963.169154508039355, 2488784.614413052797318 ], [ 640962.98689828068018, 2488784.969266270752996 ], [ 640962.84329041664023, 2488785.338861290831119 ], [ 640962.739713938208297, 2488785.719638711772859 ], [ 640962.677166343550198, 2488786.107931438833475 ], [ 640962.65625, 2488786.5 ], [ 640962.677166343550198, 2488786.892068561166525 ], [ 640962.739713938208297, 2488787.280361288227141 ], [ 640962.84329041664023, 2488787.661138709168881 ], [ 640962.98689828068018, 2488788.030733729247004 ], [ 640963.169154508039355, 2488788.385586947202682 ], [ 640963.38830387161579, 2488788.722280932124704 ], [ 640963.642235843231902, 2488789.037573136854917 ], [ 640963.928504919167608, 2488789.328427124768496 ], [ 640964.244354171911255, 2488789.592041813302785 ], [ 640964.586741800303571, 2488789.825878449250013 ], [ 640964.952370424405672, 2488790.027685057371855 ], [ 640965.337718840688467, 2488790.195518129970878 ], [ 640965.739075933233835, 2488790.327761342749 ], [ 640966.152576413704082, 2488790.423141121398658 ], [ 640966.5742380466545, 2488790.480738906655461 ], [ 640967.0, 2488790.5 ], [ 640967.4257619533455, 2488790.480738906655461 ], [ 640967.847423586295918, 2488790.423141121398658 ], [ 640968.260924066766165, 2488790.327761342749 ], [ 640968.662281159311533, 2488790.195518129970878 ], [ 640969.047629575594328, 2488790.027685057371855 ], [ 640969.413258199696429, 2488789.825878449250013 ], [ 640969.755645828088745, 2488789.592041813302785 ], [ 640970.071495080832392, 2488789.328427124768496 ], [ 640970.357764156768098, 2488789.037573136854917 ], [ 640970.61169612838421, 2488788.722280932124704 ], [ 640970.830845491960645, 2488788.385586947202682 ], [ 640971.01310171931982, 2488788.030733729247004 ], [ 640971.15670958335977, 2488787.661138709168881 ], [ 640971.260286061791703, 2488787.280361288227141 ], [ 640971.322833656449802, 2488786.892068561166525 ], [ 640971.34375, 2488786.5 ] ] ] } },
{ "type": "Feature", "properties": { "xmin": 728.26935, "ymin": 227.85938, "xmax": 757.23969, "ymax": 256.43481, "score": 0.5568229, "label": "Tree", "tile_idx": 2, "geo_xmin": 641113.44, "geo_ymin": 2488802.5, "geo_xmax": 641121.5, "geo_ymax": 2488810.2, "center_x": 641117.5, "center_y": 2488806.5, "width_m": 8.0625, "height_m": 7.75, "crown_diameter_m": 7.904706, "lon": 88.371908668082384, "lat": 22.499893736253796, "crown_area_raw_m2": 49.075115, "crown_area_calibrated_m2": 58.890141, "agb_tree_kg": 103.76925180557562 }, "geometry": { "type": "Polygon", "coordinates": [ [ [ 641121.53125, 2488806.5 ], [ 641121.51183842937462, 2488806.120183581020683 ], [ 641121.453790661646053, 2488805.744025002233684 ], [ 641121.357665728428401, 2488805.375146875623614 ], [ 641121.22438936540857, 2488805.017101699486375 ], [ 641121.055245096911676, 2488804.673337644897401 ], [ 641120.851861874572933, 2488804.347165347076952 ], [ 641120.616198390140198, 2488804.041726023890078 ], [ 641120.350524211651646, 2488803.759961222764105 ], [ 641120.057397926808335, 2488803.504584493115544 ], [ 641119.739642501808703, 2488803.278055252507329 ], [ 641119.400318095344119, 2488803.082555100787431 ], [ 641119.042692586779594, 2488802.919966811314225 ], [ 641118.670210105134174, 2488802.791856199037284 ], [ 641118.286457860609517, 2488802.699457038659602 ], [ 641117.895131596946158, 2488802.643659184221178 ], [ 641117.5, 2488802.625 ], [ 641117.104868403053842, 2488802.643659184221178 ], [ 641116.713542139390483, 2488802.699457038659602 ], [ 641116.329789894865826, 2488802.791856199037284 ], [ 641115.957307413220406, 2488802.919966811314225 ], [ 641115.599681904655881, 2488803.082555100787431 ], [ 641115.260357498191297, 2488803.278055252507329 ], [ 641114.942602073191665, 2488803.504584493115544 ], [ 641114.649475788348354, 2488803.759961222764105 ], [ 641114.383801609859802, 2488804.041726023890078 ], [ 641114.148138125427067, 2488804.347165347076952 ], [ 641113.944754903088324, 2488804.673337644897401 ], [ 641113.77561063459143, 2488805.017101699486375 ], [ 641113.642334271571599, 2488805.375146875623614 ], [ 641113.546209338353947, 2488805.744025002233684 ], [ 641113.48816157062538, 2488806.120183581020683 ], [ 641113.46875, 2488806.5 ], [ 641113.48816157062538, 2488806.879816418979317 ], [ 641113.546209338353947, 2488807.255974997766316 ], [ 641113.642334271571599, 2488807.624853124376386 ], [ 641113.77561063459143, 2488807.982898300513625 ], [ 641113.944754903088324, 2488808.326662355102599 ], [ 641114.148138125427067, 2488808.652834652923048 ], [ 641114.383801609859802, 2488808.958273976109922 ], [ 641114.649475788348354, 2488809.240038777235895 ], [ 641114.942602073191665, 2488809.495415506884456 ], [ 641115.260357498191297, 2488809.721944747492671 ], [ 641115.599681904655881, 2488809.917444899212569 ], [ 641115.957307413220406, 2488810.080033188685775 ], [ 641116.329789894865826, 2488810.208143800962716 ], [ 641116.713542139390483, 2488810.300542961340398 ], [ 641117.104868403053842, 2488810.356340815778822 ], [ 641117.5, 2488810.375 ], [ 641117.895131596946158, 2488810.356340815778822 ], [ 641118.286457860609517, 2488810.300542961340398 ], [ 641118.670210105134174, 2488810.208143800962716 ], [ 641119.042692586779594, 2488810.080033188685775 ], [ 641119.400318095344119, 2488809.917444899212569 ], [ 641119.739642501808703, 2488809.721944747492671 ], [ 641120.057397926808335, 2488809.495415506884456 ], [ 641120.350524211651646, 2488809.240038777235895 ], [ 641120.616198390140198, 2488808.958273976109922 ], [ 641120.851861874572933, 2488808.652834652923048 ], [ 641121.055245096911676, 2488808.326662355102599 ], [ 641121.22438936540857, 2488807.982898300513625 ], [ 641121.357665728428401, 2488807.624853124376386 ], [ 641121.453790661646053, 2488807.255974997766316 ], [ 641121.51183842937462, 2488806.879816418979317 ], [ 641121.53125, 2488806.5 ] ] ] } },
{ "type": "Feature", "properties": { "xmin": 725.76465, "ymin": 184.32249, "xmax": 762.67902, "ymax": 216.53917, "score": 0.55583668, "label": "Tree", "tile_idx": 2, "geo_xmin": 641112.69, "geo_ymin": 2488813.5, "geo_xmax": 641123.0, "geo_ymax": 2488822.2, "center_x": 641117.88, "center_y": 2488818.0, "width_m": 10.3125, "height_m": 8.75, "crown_diameter_m": 9.4991779, "lon": 88.371913337344779, "lat": 22.499997566430761, "crown_area_raw_m2": 70.869911, "crown_area_calibrated_m2": 85.0439, "agb_tree_kg": 161.40188721755362 }, "geometry": { "type": "Polygon", "coordinates": [ [ [ 641123.03125, 2488818.0 ], [ 641123.006421246915124, 2488817.571175010874867 ], [ 641122.932174102053978, 2488817.146479841321707 ], [ 641122.809223606134765, 2488816.730004536919296 ], [ 641122.638753839535639, 2488816.325759983621538 ], [ 641122.42240651929751, 2488815.937639276497066 ], [ 641122.162265188409947, 2488815.569380230735987 ], [ 641121.860835150117055, 2488815.224529381841421 ], [ 641121.521019340492785, 2488814.906407832168043 ], [ 641121.146090371417813, 2488814.618079266510904 ], [ 641120.739659014041536, 2488814.362320445943624 ], [ 641120.305639424244873, 2488814.141594468615949 ], [ 641119.84821144817397, 2488813.958027045242488 ], [ 641119.371780367102474, 2488813.813386030960828 ], [ 641118.880934472894296, 2488813.709064398426563 ], [ 641118.380400879774243, 2488813.646066820714623 ], [ 641117.875, 2488813.625 ], [ 641117.369599120225757, 2488813.646066820714623 ], [ 641116.869065527105704, 2488813.709064398426563 ], [ 641116.378219632897526, 2488813.813386030960828 ], [ 641115.90178855182603, 2488813.958027045242488 ], [ 641115.444360575755127, 2488814.141594468615949 ], [ 641115.010340985958464, 2488814.362320445943624 ], [ 641114.603909628582187, 2488814.618079266510904 ], [ 641114.228980659507215, 2488814.906407832168043 ], [ 641113.889164849882945, 2488815.224529381841421 ], [ 641113.587734811590053, 2488815.569380230735987 ], [ 641113.32759348070249, 2488815.937639276497066 ], [ 641113.111246160464361, 2488816.325759983621538 ], [ 641112.940776393865235, 2488816.730004536919296 ], [ 641112.817825897946022, 2488817.146479841321707 ], [ 641112.743578753084876, 2488817.571175010874867 ], [ 641112.71875, 2488818.0 ], [ 641112.743578753084876, 2488818.428824989125133 ], [ 641112.817825897946022, 2488818.853520158678293 ], [ 641112.940776393865235, 2488819.269995463080704 ], [ 641113.111246160464361, 2488819.674240016378462 ], [ 641113.32759348070249, 2488820.062360723502934 ], [ 641113.587734811590053, 2488820.430619769264013 ], [ 641113.889164849882945, 2488820.775470618158579 ], [ 641114.228980659507215, 2488821.093592167831957 ], [ 641114.603909628582187, 2488821.381920733489096 ], [ 641115.010340985958464, 2488821.637679554056376 ], [ 641115.444360575755127, 2488821.858405531384051 ], [ 641115.90178855182603, 2488822.041972954757512 ], [ 641116.378219632897526, 2488822.186613969039172 ], [ 641116.869065527105704, 2488822.290935601573437 ], [ 641117.369599120225757, 2488822.353933179285377 ], [ 641117.875, 2488822.375 ], [ 641118.380400879774243, 2488822.353933179285377 ], [ 641118.880934472894296, 2488822.290935601573437 ], [ 641119.371780367102474, 2488822.186613969039172 ], [ 641119.84821144817397, 2488822.041972954757512 ], [ 641120.305639424244873, 2488821.858405531384051 ], [ 641120.739659014041536, 2488821.637679554056376 ], [ 641121.146090371417813, 2488821.381920733489096 ], [ 641121.521019340492785, 2488821.093592167831957 ], [ 641121.860835150117055, 2488820.775470618158579 ], [ 641122.162265188409947, 2488820.430619769264013 ], [ 641122.42240651929751, 2488820.062360723502934 ], [ 641122.638753839535639, 2488819.674240016378462 ], [ 641122.809223606134765, 2488819.269995463080704 ], [ 641122.932174102053978, 2488818.853520158678293 ], [ 641123.006421246915124, 2488818.428824989125133 ], [ 641123.03125, 2488818.0 ] ] ] } },
{ "type": "Feature", "properties": { "xmin": 447.12158, "ymin": 249.36546, "xmax": 470.33139, "ymax": 274.18552, "score": 0.55502439, "label": "Tree", "tile_idx": 1, "geo_xmin": 641035.12, "geo_ymin": 2488797.8, "geo_xmax": 641041.56, "geo_ymax": 2488804.5, "center_x": 641038.38, "center_y": 2488801.0, "width_m": 6.4375, "height_m": 6.75, "crown_diameter_m": 6.5918984, "lon": 88.371139114291935, "lat": 22.499850610930984, "crown_area_raw_m2": 34.128006, "crown_area_calibrated_m2": 40.953609, "agb_tree_kg": 67.058320250476868 }, "geometry": { "type": "Polygon", "coordinates": [ [ [ 641041.59375, 2488801.0 ], [ 641041.578250839025714, 2488800.669192151166499 ], [ 641041.531902621267363, 2488800.341570163145661 ], [ 641041.455151705653407, 2488800.020289214327931 ], [ 641041.348737245309167, 2488799.708443415816873 ], [ 641041.213684069574811, 2488799.409036013297737 ], [ 641041.051292814547196, 2488799.124950463417917 ], [ 641040.863127396791242, 2488798.858922665938735 ], [ 641040.650999951991253, 2488798.613514613360167 ], [ 641040.416953383362852, 2488798.391089719720185 ], [ 641040.163241687580012, 2488798.193790058605373 ], [ 641039.892308246693574, 2488798.023515732958913 ], [ 641039.606762297917157, 2488797.881906577851623 ], [ 641039.309353804914281, 2488797.770326367113739 ], [ 641039.002946974011138, 2488797.689849678426981 ], [ 641038.690492670400999, 2488797.641251547262073 ], [ 641038.375, 2488797.625 ], [ 641038.059507329599001, 2488797.641251547262073 ], [ 641037.747053025988862, 2488797.689849678426981 ], [ 641037.440646195085719, 2488797.770326367113739 ], [ 641037.143237702082843, 2488797.881906577851623 ], [ 641036.857691753306426, 2488798.023515732958913 ], [ 641036.586758312419988, 2488798.193790058605373 ], [ 641036.333046616637148, 2488798.391089719720185 ], [ 641036.099000048008747, 2488798.613514613360167 ], [ 641035.886872603208758, 2488798.858922665938735 ], [ 641035.698707185452804, 2488799.124950463417917 ], [ 641035.536315930425189, 2488799.409036013297737 ], [ 641035.401262754690833, 2488799.708443415816873 ], [ 641035.294848294346593, 2488800.020289214327931 ], [ 641035.218097378732637, 2488800.341570163145661 ], [ 641035.171749160974286, 2488800.669192151166499 ], [ 641035.15625, 2488801.0 ], [ 641035.171749160974286, 2488801.330807848833501 ], [ 641035.218097378732637, 2488801.658429836854339 ], [ 641035.294848294346593, 2488801.979710785672069 ], [ 641035.401262754690833, 2488802.291556584183127 ], [ 641035.536315930425189, 2488802.590963986702263 ], [ 641035.698707185452804, 2488802.875049536582083 ], [ 641035.886872603208758, 2488803.141077334061265 ], [ 641036.099000048008747, 2488803.386485386639833 ], [ 641036.333046616637148, 2488803.608910280279815 ], [ 641036.586758312419988, 2488803.806209941394627 ], [ 641036.857691753306426, 2488803.976484267041087 ], [ 641037.143237702082843, 2488804.118093422148377 ], [ 641037.440646195085719, 2488804.229673632886261 ], [ 641037.747053025988862, 2488804.310150321573019 ], [ 641038.059507329599001, 2488804.358748452737927 ], [ 641038.375, 2488804.375 ], [ 641038.690492670400999, 2488804.358748452737927 ], [ 641039.002946974011138, 2488804.310150321573019 ], [ 641039.309353804914281, 2488804.229673632886261 ], [ 641039.606762297917157, 2488804.118093422148377 ], [ 641039.892308246693574, 2488803.976484267041087 ], [ 641040.163241687580012, 2488803.806209941394627 ], [ 641040.416953383362852, 2488803.608910280279815 ], [ 641040.650999951991253, 2488803.386485386639833 ], [ 641040.863127396791242, 2488803.141077334061265 ], [ 641041.051292814547196, 2488802.875049536582083 ], [ 641041.213684069574811, 2488802.590963986702263 ], [ 641041.348737245309167, 2488802.291556584183127 ], [ 641041.455151705653407, 2488801.979710785672069 ], [ 641041.531902621267363, 2488801.658429836854339 ], [ 641041.578250839025714, 2488801.330807848833501 ], [ 641041.59375, 2488801.0 ] ] ] } },
{ "type": "Feature", "properties": { "xmin": 212.22, "ymin": 918.13635, "xmax": 229.85422, "ymax": 936.151, "score": 0.55065691, "label": "Tree", "tile_idx": 6, "geo_xmin": 640969.69, "geo_ymin": 2488617.8, "geo_xmax": 640974.62, "geo_ymax": 2488622.8, "center_x": 640972.12, "center_y": 2488620.2, "width_m": 4.9375, "height_m": 5.0, "crown_diameter_m": 4.9686518, "lon": 88.3704791065515, "lat": 22.498223661624412, "crown_area_raw_m2": 19.389517, "crown_area_calibrated_m2": 23.267422, "agb_tree_kg": 33.986693013935643 }, "geometry": { "type": "Polygon", "coordinates": [ [ [ 640974.59375, 2488620.25 ], [ 640974.581862293998711, 2488620.004957149270922 ], [ 640974.546313661034219, 2488619.762274194974452 ], [ 640974.487446453887969, 2488619.524288306944072 ], [ 640974.405827595852315, 2488619.29329141927883 ], [ 640974.302243121317588, 2488619.071508157998323 ], [ 640974.17769060540013, 2488618.861074417363852 ], [ 640974.033369556767866, 2488618.664016789756715 ], [ 640973.87066986609716, 2488618.48223304701969 ], [ 640973.691158420289867, 2488618.317473866511136 ], [ 640973.496564012719318, 2488618.171325969044119 ], [ 640973.288760694093071, 2488618.045196839142591 ], [ 640973.06974972365424, 2488617.940301168709993 ], [ 640972.841640296974219, 2488617.857649160549045 ], [ 640972.606629232526757, 2488617.798036798834801 ], [ 640972.366979815182276, 2488617.762038183398545 ], [ 640972.125, 2488617.75 ], [ 640971.883020184817724, 2488617.762038183398545 ], [ 640971.643370767473243, 2488617.798036798834801 ], [ 640971.408359703025781, 2488617.857649160549045 ], [ 640971.18025027634576, 2488617.940301168709993 ], [ 640970.961239305906929, 2488618.045196839142591 ], [ 640970.753435987280682, 2488618.171325969044119 ], [ 640970.558841579710133, 2488618.317473866511136 ], [ 640970.37933013390284, 2488618.48223304701969 ], [ 640970.216630443232134, 2488618.664016789756715 ], [ 640970.07230939459987, 2488618.861074417363852 ], [ 640969.947756878682412, 2488619.071508157998323 ], [ 640969.844172404147685, 2488619.29329141927883 ], [ 640969.762553546112031, 2488619.524288306944072 ], [ 640969.703686338965781, 2488619.762274194974452 ], [ 640969.668137706001289, 2488620.004957149270922 ], [ 640969.65625, 2488620.25 ], [ 640969.668137706001289, 2488620.495042850729078 ], [ 640969.703686338965781, 2488620.737725805025548 ], [ 640969.762553546112031, 2488620.975711693055928 ], [ 640969.844172404147685, 2488621.20670858072117 ], [ 640969.947756878682412, 2488621.428491842001677 ], [ 640970.07230939459987, 2488621.638925582636148 ], [ 640970.216630443232134, 2488621.835983210243285 ], [ 640970.37933013390284, 2488622.01776695298031 ], [ 640970.558841579710133, 2488622.182526133488864 ], [ 640970.753435987280682, 2488622.328674030955881 ], [ 640970.961239305906929, 2488622.454803160857409 ], [ 640971.18025027634576, 2488622.559698831290007 ], [ 640971.408359703025781, 2488622.642350839450955 ], [ 640971.643370767473243, 2488622.701963201165199 ], [ 640971.883020184817724, 2488622.737961816601455 ], [ 640972.125, 2488622.75 ], [ 640972.366979815182276, 2488622.737961816601455 ], [ 640972.606629232526757, 2488622.701963201165199 ], [ 640972.841640296974219, 2488622.642350839450955 ], [ 640973.06974972365424, 2488622.559698831290007 ], [ 640973.288760694093071, 2488622.454803160857409 ], [ 640973.496564012719318, 2488622.328674030955881 ], [ 640973.691158420289867, 2488622.182526133488864 ], [ 640973.87066986609716, 2488622.01776695298031 ], [ 640974.033369556767866, 2488621.835983210243285 ], [ 640974.17769060540013, 2488621.638925582636148 ], [ 640974.302243121317588, 2488621.428491842001677 ], [ 640974.405827595852315, 2488621.20670858072117 ], [ 640974.487446453887969, 2488620.975711693055928 ], [ 640974.546313661034219, 2488620.737725805025548 ], [ 640974.581862293998711, 2488620.495042850729078 ], [ 640974.59375, 2488620.25 ] ] ] } },
{ "type": "Feature", "properties": { "xmin": 550.20197, "ymin": 472.97684, "xmax": 577.06836, "ymax": 499.03568, "score": 0.53643245, "label": "Tree", "tile_idx": 4, "geo_xmin": 641063.81, "geo_ymin": 2488736.5, "geo_xmax": 641071.31, "geo_ymax": 2488743.8, "center_x": 641067.56, "center_y": 2488740.0, "width_m": 7.5, "height_m": 7.25, "crown_diameter_m": 7.3739405, "lon": 88.371417373565322, "lat": 22.499297279995407, "crown_area_raw_m2": 42.706024, "crown_area_calibrated_m2": 51.247231, "agb_tree_kg": 87.801374250120148 }, "geometry": { "type": "Polygon", "coordinates": [ [ [ 641071.3125, 2488740.0 ], [ 641071.294442725018598, 2488739.644687866326421 ], [ 641071.240444801514968, 2488739.292797582689673 ], [ 641071.151026258943602, 2488738.947718044742942 ], [ 641071.02704824693501, 2488738.612772557884455 ], [ 641070.869704741286114, 2488738.291186829097569 ], [ 641070.680511046084575, 2488737.986057905480266 ], [ 641070.46128920011688, 2488737.700324344914407 ], [ 641070.214150429470465, 2488737.436737918294966 ], [ 641069.941474815597758, 2488737.197837106417865 ], [ 641069.645888373837806, 2488736.985922655556351 ], [ 641069.33023776311893, 2488736.803035416640341 ], [ 641068.997562871314585, 2488736.650936694815755 ], [ 641068.651067539700307, 2488736.531091283075511 ], [ 641068.294088707538322, 2488736.444653358310461 ], [ 641067.930064276210032, 2488736.392455365974456 ], [ 641067.5625, 2488736.375 ], [ 641067.194935723789968, 2488736.392455365974456 ], [ 641066.830911292461678, 2488736.444653358310461 ], [ 641066.473932460299693, 2488736.531091283075511 ], [ 641066.127437128685415, 2488736.650936694815755 ], [ 641065.79476223688107, 2488736.803035416640341 ], [ 641065.479111626162194, 2488736.985922655556351 ], [ 641065.183525184402242, 2488737.197837106417865 ], [ 641064.910849570529535, 2488737.436737918294966 ], [ 641064.66371079988312, 2488737.700324344914407 ], [ 641064.444488953915425, 2488737.986057905480266 ], [ 641064.255295258713886, 2488738.291186829097569 ], [ 641064.09795175306499, 2488738.612772557884455 ], [ 641063.973973741056398, 2488738.947718044742942 ], [ 641063.884555198485032, 2488739.292797582689673 ], [ 641063.830557274981402, 2488739.644687866326421 ], [ 641063.8125, 2488740.0 ], [ 641063.830557274981402, 2488740.355312133673579 ], [ 641063.884555198485032, 2488740.707202417310327 ], [ 641063.973973741056398, 2488741.052281955257058 ], [ 641064.09795175306499, 2488741.387227442115545 ], [ 641064.255295258713886, 2488741.708813170902431 ], [ 641064.444488953915425, 2488742.013942094519734 ], [ 641064.66371079988312, 2488742.299675655085593 ], [ 641064.910849570529535, 2488742.563262081705034 ], [ 641065.183525184402242, 2488742.802162893582135 ], [ 641065.479111626162194, 2488743.014077344443649 ], [ 641065.79476223688107, 2488743.196964583359659 ], [ 641066.127437128685415, 2488743.349063305184245 ], [ 641066.473932460299693, 2488743.468908716924489 ], [ 641066.830911292461678, 2488743.555346641689539 ], [ 641067.194935723789968, 2488743.607544634025544 ], [ 641067.5625, 2488743.625 ], [ 641067.930064276210032, 2488743.607544634025544 ], [ 641068.294088707538322, 2488743.555346641689539 ], [ 641068.651067539700307, 2488743.468908716924489 ], [ 641068.997562871314585, 2488743.349063305184245 ], [ 641069.33023776311893, 2488743.196964583359659 ], [ 641069.645888373837806, 2488743.014077344443649 ], [ 641069.941474815597758, 2488742.802162893582135 ], [ 641070.214150429470465, 2488742.563262081705034 ], [ 641070.46128920011688, 2488742.299675655085593 ], [ 641070.680511046084575, 2488742.013942094519734 ], [ 641070.869704741286114, 2488741.708813170902431 ], [ 641071.02704824693501, 2488741.387227442115545 ], [ 641071.151026258943602, 2488741.052281955257058 ], [ 641071.240444801514968, 2488740.707202417310327 ], [ 641071.294442725018598, 2488740.355312133673579 ], [ 641071.3125, 2488740.0 ] ] ] } },
{ "type": "Feature", "properties": { "xmin": 516.49841, "ymin": 356.44525, "xmax": 537.98981, "ymax": 376.11359, "score": 0.53525585, "label": "Tree", "tile_idx": 4, "geo_xmin": 641054.44, "geo_ymin": 2488770.0, "geo_xmax": 641060.44, "geo_ymax": 2488775.2, "center_x": 641057.44, "center_y": 2488772.5, "width_m": 6.0, "height_m": 5.25, "crown_diameter_m": 5.6124859, "lon": 88.371321856681163, "lat": 22.499591638624153, "crown_area_raw_m2": 24.740042, "crown_area_calibrated_m2": 29.688051, "agb_tree_kg": 45.553385541002356 }, "geometry": { "type": "Polygon", "coordinates": [ [ [ 641060.4375, 2488772.5 ], [ 641060.423054179991595, 2488772.242705006618053 ], [ 641060.379855841165408, 2488771.987887904513627 ], [ 641060.308321007178165, 2488771.738002722151577 ], [ 641060.209138597478159, 2488771.49545599007979 ], [ 641060.083263793028891, 2488771.26258356589824 ], [ 641059.931908836937509, 2488771.041628138162196 ], [ 641059.756531360093504, 2488770.83471762901172 ], [ 641059.558820343576372, 2488770.64384469948709 ], [ 641059.340679852524772, 2488770.470847560092807 ], [ 641059.104210699093528, 2488770.317392267752439 ], [ 641058.851690210518427, 2488770.184956680983305 ], [ 641058.585550297051668, 2488770.074816226959229 ], [ 641058.308354031760246, 2488769.988031618762761 ], [ 641058.02277096605394, 2488769.925438638776541 ], [ 641057.731551420991309, 2488769.887640092521906 ], [ 641057.4375, 2488769.875 ], [ 641057.143448579008691, 2488769.887640092521906 ], [ 641056.85222903394606, 2488769.925438638776541 ], [ 641056.566645968239754, 2488769.988031618762761 ], [ 641056.289449702948332, 2488770.074816226959229 ], [ 641056.023309789481573, 2488770.184956680983305 ], [ 641055.770789300906472, 2488770.317392267752439 ], [ 641055.534320147475228, 2488770.470847560092807 ], [ 641055.316179656423628, 2488770.64384469948709 ], [ 641055.118468639906496, 2488770.83471762901172 ], [ 641054.943091163062491, 2488771.041628138162196 ], [ 641054.791736206971109, 2488771.26258356589824 ], [ 641054.665861402521841, 2488771.49545599007979 ], [ 641054.566678992821835, 2488771.738002722151577 ], [ 641054.495144158834592, 2488771.987887904513627 ], [ 641054.451945820008405, 2488772.242705006618053 ], [ 641054.4375, 2488772.5 ], [ 641054.451945820008405, 2488772.757294993381947 ], [ 641054.495144158834592, 2488773.012112095486373 ], [ 641054.566678992821835, 2488773.261997277848423 ], [ 641054.665861402521841, 2488773.50454400992021 ], [ 641054.791736206971109, 2488773.73741643410176 ], [ 641054.943091163062491, 2488773.958371861837804 ], [ 641055.118468639906496, 2488774.16528237098828 ], [ 641055.316179656423628, 2488774.35615530051291 ], [ 641055.534320147475228, 2488774.529152439907193 ], [ 641055.770789300906472, 2488774.682607732247561 ], [ 641056.023309789481573, 2488774.815043319016695 ], [ 641056.289449702948332, 2488774.925183773040771 ], [ 641056.566645968239754, 2488775.011968381237239 ], [ 641056.85222903394606, 2488775.074561361223459 ], [ 641057.143448579008691, 2488775.112359907478094 ], [ 641057.4375, 2488775.125 ], [ 641057.731551420991309, 2488775.112359907478094 ], [ 641058.02277096605394, 2488775.074561361223459 ], [ 641058.308354031760246, 2488775.011968381237239 ], [ 641058.585550297051668, 2488774.925183773040771 ], [ 641058.851690210518427, 2488774.815043319016695 ], [ 641059.104210699093528, 2488774.682607732247561 ], [ 641059.340679852524772, 2488774.529152439907193 ], [ 641059.558820343576372, 2488774.35615530051291 ], [ 641059.756531360093504, 2488774.16528237098828 ], [ 641059.931908836937509, 2488773.958371861837804 ], [ 641060.083263793028891, 2488773.73741643410176 ], [ 641060.209138597478159, 2488773.50454400992021 ], [ 641060.308321007178165, 2488773.261997277848423 ], [ 641060.379855841165408, 2488773.012112095486373 ], [ 641060.423054179991595, 2488772.757294993381947 ], [ 641060.4375, 2488772.5 ] ] ] } },
{ "type": "Feature", "properties": { "xmin": 902.89624, "ymin": 104.40269, "xmax": 940.81567, "ymax": 141.06061, "score": 0.52740812, "label": "Tree", "tile_idx": 2, "geo_xmin": 641162.06, "geo_ymin": 2488834.0, "geo_xmax": 641172.62, "geo_ymax": 2488843.8, "center_x": 641167.38, "center_y": 2488839.0, "width_m": 10.5625, "height_m": 9.75, "crown_diameter_m": 10.148122, "lon": 88.372396329579914, "lat": 22.50018312806921, "crown_area_raw_m2": 80.883743, "crown_area_calibrated_m2": 97.060493, "agb_tree_kg": 189.19191218270115 }, "geometry": { "type": "Polygon", "coordinates": [ [ [ 641172.65625, 2488839.0 ], [ 641172.630819337791763, 2488838.522166440729052 ], [ 641172.554772262112238, 2488838.048934679944068 ], [ 641172.428841148037463, 2488837.584862198214978 ], [ 641172.254238781053573, 2488837.134418267291039 ], [ 641172.032646677340381, 2488836.701940908096731 ], [ 641171.766198889934458, 2488836.291595113929361 ], [ 641171.457461456768215, 2488835.907332739792764 ], [ 641171.1094076881418, 2488835.552854441571981 ], [ 641170.725389532046393, 2488835.231574039906263 ], [ 641170.309105293126777, 2488834.94658563984558 ], [ 641169.864564016344957, 2488834.700633836444467 ], [ 641169.396046877140179, 2488834.496087279170752 ], [ 641168.908065951778553, 2488834.334915863350034 ], [ 641168.40532076312229, 2488834.218671758193523 ], [ 641167.892653022310697, 2488834.148474457673728 ], [ 641167.375, 2488834.125 ], [ 641166.857346977689303, 2488834.148474457673728 ], [ 641166.34467923687771, 2488834.218671758193523 ], [ 641165.841934048221447, 2488834.334915863350034 ], [ 641165.353953122859821, 2488834.496087279170752 ], [ 641164.885435983655043, 2488834.700633836444467 ], [ 641164.440894706873223, 2488834.94658563984558 ], [ 641164.024610467953607, 2488835.231574039906263 ], [ 641163.6405923118582, 2488835.552854441571981 ], [ 641163.292538543231785, 2488835.907332739792764 ], [ 641162.983801110065542, 2488836.291595113929361 ], [ 641162.717353322659619, 2488836.701940908096731 ], [ 641162.495761218946427, 2488837.134418267291039 ], [ 641162.321158851962537, 2488837.584862198214978 ], [ 641162.195227737887762, 2488838.048934679944068 ], [ 641162.119180662208237, 2488838.522166440729052 ], [ 641162.09375, 2488839.0 ], [ 641162.119180662208237, 2488839.477833559270948 ], [ 641162.195227737887762, 2488839.951065320055932 ], [ 641162.321158851962537, 2488840.415137801785022 ], [ 641162.495761218946427, 2488840.865581732708961 ], [ 641162.717353322659619, 2488841.298059091903269 ], [ 641162.983801110065542, 2488841.708404886070639 ], [ 641163.292538543231785, 2488842.092667260207236 ], [ 641163.6405923118582, 2488842.447145558428019 ], [ 641164.024610467953607, 2488842.768425960093737 ], [ 641164.440894706873223, 2488843.05341436015442 ], [ 641164.885435983655043, 2488843.299366163555533 ], [ 641165.353953122859821, 2488843.503912720829248 ], [ 641165.841934048221447, 2488843.665084136649966 ], [ 641166.34467923687771, 2488843.781328241806477 ], [ 641166.857346977689303, 2488843.851525542326272 ], [ 641167.375, 2488843.875 ], [ 641167.892653022310697, 2488843.851525542326272 ], [ 641168.40532076312229, 2488843.781328241806477 ], [ 641168.908065951778553, 2488843.665084136649966 ], [ 641169.396046877140179, 2488843.503912720829248 ], [ 641169.864564016344957, 2488843.299366163555533 ], [ 641170.309105293126777, 2488843.05341436015442 ], [ 641170.725389532046393, 2488842.768425960093737 ], [ 641171.1094076881418, 2488842.447145558428019 ], [ 641171.457461456768215, 2488842.092667260207236 ], [ 641171.766198889934458, 2488841.708404886070639 ], [ 641172.032646677340381, 2488841.298059091903269 ], [ 641172.254238781053573, 2488840.865581732708961 ], [ 641172.428841148037463, 2488840.415137801785022 ], [ 641172.554772262112238, 2488839.951065320055932 ], [ 641172.630819337791763, 2488839.477833559270948 ], [ 641172.65625, 2488839.0 ] ] ] } },
{ "type": "Feature", "properties": { "xmin": 920.23236, "ymin": 405.87704, "xmax": 943.56921, "ymax": 431.85742, "score": 0.52599484, "label": "Tree", "tile_idx": 5, "geo_xmin": 641166.88, "geo_ymin": 2488754.8, "geo_xmax": 641173.38, "geo_ymax": 2488762.0, "center_x": 641170.12, "center_y": 2488758.5, "width_m": 6.5, "height_m": 7.25, "crown_diameter_m": 6.8647652, "lon": 88.372415885083512, "lat": 22.4994558719916, "crown_area_raw_m2": 37.01189, "crown_area_calibrated_m2": 44.414268, "agb_tree_kg": 73.926399924570759 }, "geometry": { "type": "Polygon", "coordinates": [ [ [ 641173.375, 2488758.5 ], [ 641173.359350361628458, 2488758.144687866326421 ], [ 641173.312552161281928, 2488757.792797582689673 ], [ 641173.235056091099977, 2488757.447718044742942 ], [ 641173.127608480630443, 2488757.112772557884455 ], [ 641172.991244109114632, 2488756.791186829097569 ], [ 641172.827276239986531, 2488756.486057905480266 ], [ 641172.637283973395824, 2488756.200324344914407 ], [ 641172.423097038874403, 2488755.936737918294966 ], [ 641172.186778173549101, 2488755.697837106417865 ], [ 641171.930603257264011, 2488755.485922655556351 ], [ 641171.657039394718595, 2488755.303035416640341 ], [ 641171.368721155216917, 2488755.150936694815755 ], [ 641171.068425201112404, 2488755.031091283075511 ], [ 641170.759043546509929, 2488754.944653358310461 ], [ 641170.443555706064217, 2488754.892455365974456 ], [ 641170.125, 2488754.875 ], [ 641169.806444293935783, 2488754.892455365974456 ], [ 641169.490956453490071, 2488754.944653358310461 ], [ 641169.181574798887596, 2488755.031091283075511 ], [ 641168.881278844783083, 2488755.150936694815755 ], [ 641168.592960605281405, 2488755.303035416640341 ], [ 641168.319396742735989, 2488755.485922655556351 ], [ 641168.063221826450899, 2488755.697837106417865 ], [ 641167.826902961125597, 2488755.936737918294966 ], [ 641167.612716026604176, 2488756.200324344914407 ], [ 641167.422723760013469, 2488756.486057905480266 ], [ 641167.258755890885368, 2488756.791186829097569 ], [ 641167.122391519369557, 2488757.112772557884455 ], [ 641167.014943908900023, 2488757.447718044742942 ], [ 641166.937447838718072, 2488757.792797582689673 ], [ 641166.890649638371542, 2488758.144687866326421 ], [ 641166.875, 2488758.5 ], [ 641166.890649638371542, 2488758.855312133673579 ], [ 641166.937447838718072, 2488759.207202417310327 ], [ 641167.014943908900023, 2488759.552281955257058 ], [ 641167.122391519369557, 2488759.887227442115545 ], [ 641167.258755890885368, 2488760.208813170902431 ], [ 641167.422723760013469, 2488760.513942094519734 ], [ 641167.612716026604176, 2488760.799675655085593 ], [ 641167.826902961125597, 2488761.063262081705034 ], [ 641168.063221826450899, 2488761.302162893582135 ], [ 641168.319396742735989, 2488761.514077344443649 ], [ 641168.592960605281405, 2488761.696964583359659 ], [ 641168.881278844783083, 2488761.849063305184245 ], [ 641169.181574798887596, 2488761.968908716924489 ], [ 641169.490956453490071, 2488762.055346641689539 ], [ 641169.806444293935783, 2488762.107544634025544 ], [ 641170.125, 2488762.125 ], [ 641170.443555706064217, 2488762.107544634025544 ], [ 641170.759043546509929, 2488762.055346641689539 ], [ 641171.068425201112404, 2488761.968908716924489 ], [ 641171.368721155216917, 2488761.849063305184245 ], [ 641171.657039394718595, 2488761.696964583359659 ], [ 641171.930603257264011, 2488761.514077344443649 ], [ 641172.186778173549101, 2488761.302162893582135 ], [ 641172.423097038874403, 2488761.063262081705034 ], [ 641172.637283973395824, 2488760.799675655085593 ], [ 641172.827276239986531, 2488760.513942094519734 ], [ 641172.991244109114632, 2488760.208813170902431 ], [ 641173.127608480630443, 2488759.887227442115545 ], [ 641173.235056091099977, 2488759.552281955257058 ], [ 641173.312552161281928, 2488759.207202417310327 ], [ 641173.359350361628458, 2488758.855312133673579 ], [ 641173.375, 2488758.5 ] ] ] } },
{ "type": "Feature", "properties": { "xmin": 931.72437, "ymin": 659.92957, "xmax": 955.15649, "ymax": 685.07416, "score": 0.51759231, "label": "Tree", "tile_idx": 8, "geo_xmin": 641170.06, "geo_ymin": 2488686.0, "geo_xmax": 641176.56, "geo_ymax": 2488692.8, "center_x": 641173.31, "center_y": 2488689.5, "width_m": 6.5, "height_m": 6.75, "crown_diameter_m": 6.6238208, "lon": 88.372440717638497, "lat": 22.498832440841728, "crown_area_raw_m2": 34.459347, "crown_area_calibrated_m2": 41.351219, "agb_tree_kg": 67.841652868224855 }, "geometry": { "type": "Polygon", "coordinates": [ [ [ 641176.5625, 2488689.5 ], [ 641176.546850361628458, 2488689.169192151166499 ], [ 641176.500052161281928, 2488688.841570163145661 ], [ 641176.422556091099977, 2488688.520289214327931 ], [ 641176.315108480630443, 2488688.208443415816873 ], [ 641176.178744109114632, 2488687.909036013297737 ], [ 641176.014776239986531, 2488687.624950463417917 ], [ 641175.824783973395824, 2488687.358922665938735 ], [ 641175.610597038874403, 2488687.113514613360167 ], [ 641175.374278173549101, 2488686.891089719720185 ], [ 641175.118103257264011, 2488686.693790058605373 ], [ 641174.844539394718595, 2488686.523515732958913 ], [ 641174.556221155216917, 2488686.381906577851623 ], [ 641174.255925201112404, 2488686.270326367113739 ], [ 641173.946543546509929, 2488686.189849678426981 ], [ 641173.631055706064217, 2488686.141251547262073 ], [ 641173.3125, 2488686.125 ], [ 641172.993944293935783, 2488686.141251547262073 ], [ 641172.678456453490071, 2488686.189849678426981 ], [ 641172.369074798887596, 2488686.270326367113739 ], [ 641172.068778844783083, 2488686.381906577851623 ], [ 641171.780460605281405, 2488686.523515732958913 ], [ 641171.506896742735989, 2488686.693790058605373 ], [ 641171.250721826450899, 2488686.891089719720185 ], [ 641171.014402961125597, 2488687.113514613360167 ], [ 641170.800216026604176, 2488687.358922665938735 ], [ 641170.610223760013469, 2488687.624950463417917 ], [ 641170.446255890885368, 2488687.909036013297737 ], [ 641170.309891519369557, 2488688.208443415816873 ], [ 641170.202443908900023, 2488688.520289214327931 ], [ 641170.124947838718072, 2488688.841570163145661 ], [ 641170.078149638371542, 2488689.169192151166499 ], [ 641170.0625, 2488689.5 ], [ 641170.078149638371542, 2488689.830807848833501 ], [ 641170.124947838718072, 2488690.158429836854339 ], [ 641170.202443908900023, 2488690.479710785672069 ], [ 641170.309891519369557, 2488690.791556584183127 ], [ 641170.446255890885368, 2488691.090963986702263 ], [ 641170.610223760013469, 2488691.375049536582083 ], [ 641170.800216026604176, 2488691.641077334061265 ], [ 641171.014402961125597, 2488691.886485386639833 ], [ 641171.250721826450899, 2488692.108910280279815 ], [ 641171.506896742735989, 2488692.306209941394627 ], [ 641171.780460605281405, 2488692.476484267041087 ], [ 641172.068778844783083, 2488692.618093422148377 ], [ 641172.369074798887596, 2488692.729673632886261 ], [ 641172.678456453490071, 2488692.810150321573019 ], [ 641172.993944293935783, 2488692.858748452737927 ], [ 641173.3125, 2488692.875 ], [ 641173.631055706064217, 2488692.858748452737927 ], [ 641173.946543546509929, 2488692.810150321573019 ], [ 641174.255925201112404, 2488692.729673632886261 ], [ 641174.556221155216917, 2488692.618093422148377 ], [ 641174.844539394718595, 2488692.476484267041087 ], [ 641175.118103257264011, 2488692.306209941394627 ], [ 641175.374278173549101, 2488692.108910280279815 ], [ 641175.610597038874403, 2488691.886485386639833 ], [ 641175.824783973395824, 2488691.641077334061265 ], [ 641176.014776239986531, 2488691.375049536582083 ], [ 641176.178744109114632, 2488691.090963986702263 ], [ 641176.315108480630443, 2488690.791556584183127 ], [ 641176.422556091099977, 2488690.479710785672069 ], [ 641176.500052161281928, 2488690.158429836854339 ], [ 641176.546850361628458, 2488689.830807848833501 ], [ 641176.5625, 2488689.5 ] ] ] } },
{ "type": "Feature", "properties": { "xmin": 321.29205, "ymin": 823.57617, "xmax": 346.90088, "ymax": 850.80896, "score": 0.51273036, "label": "Tree", "tile_idx": 6, "geo_xmin": 641000.06, "geo_ymin": 2488641.0, "geo_xmax": 641007.25, "geo_ymax": 2488648.5, "center_x": 641003.62, "center_y": 2488644.8, "width_m": 7.1875, "height_m": 7.5, "crown_diameter_m": 7.3420877, "lon": 88.370787451164816, "lat": 22.498442326631608, "crown_area_raw_m2": 42.337872, "crown_area_calibrated_m2": 50.805447, "agb_tree_kg": 86.89237290854949 }, "geometry": { "type": "Polygon", "coordinates": [ [ [ 641007.21875, 2488644.75 ], [ 641007.2014451114228, 2488644.382435723673552 ], [ 641007.149697101442143, 2488644.018411292228848 ], [ 641007.064004331594333, 2488643.661432460416108 ], [ 641006.945192069979385, 2488643.314937128685415 ], [ 641006.794404543703422, 2488642.982262236997485 ], [ 641006.613093919237144, 2488642.666611626278609 ], [ 641006.403006316744722, 2488642.371025184169412 ], [ 641006.166164994938299, 2488642.098349570762366 ], [ 641005.90485086501576, 2488641.851210799999535 ], [ 641005.621580524952151, 2488641.631988953799009 ], [ 641005.319082022993825, 2488641.442795258481055 ], [ 641005.000268585048616, 2488641.28545175306499 ], [ 641004.668210558826104, 2488641.161473740823567 ], [ 641004.326105844695121, 2488641.072055198717862 ], [ 641003.977249098010361, 2488641.018057275097817 ], [ 641003.625, 2488641.0 ], [ 641003.272750901989639, 2488641.018057275097817 ], [ 641002.923894155304879, 2488641.072055198717862 ], [ 641002.581789441173896, 2488641.161473740823567 ], [ 641002.249731414951384, 2488641.28545175306499 ], [ 641001.930917977006175, 2488641.442795258481055 ], [ 641001.628419475047849, 2488641.631988953799009 ], [ 641001.34514913498424, 2488641.851210799999535 ], [ 641001.083835005061701, 2488642.098349570762366 ], [ 641000.846993683255278, 2488642.371025184169412 ], [ 641000.636906080762856, 2488642.666611626278609 ], [ 641000.455595456296578, 2488642.982262236997485 ], [ 641000.304807930020615, 2488643.314937128685415 ], [ 641000.185995668405667, 2488643.661432460416108 ], [ 641000.100302898557857, 2488644.018411292228848 ], [ 641000.0485548885772, 2488644.382435723673552 ], [ 641000.03125, 2488644.75 ], [ 641000.0485548885772, 2488645.117564276326448 ], [ 641000.100302898557857, 2488645.481588707771152 ], [ 641000.185995668405667, 2488645.838567539583892 ], [ 641000.304807930020615, 2488646.185062871314585 ], [ 641000.455595456296578, 2488646.517737763002515 ], [ 641000.636906080762856, 2488646.833388373721391 ], [ 641000.846993683255278, 2488647.128974815830588 ], [ 641001.083835005061701, 2488647.401650429237634 ], [ 641001.34514913498424, 2488647.648789200000465 ], [ 641001.628419475047849, 2488647.868011046200991 ], [ 641001.930917977006175, 2488648.057204741518945 ], [ 641002.249731414951384, 2488648.21454824693501 ], [ 641002.581789441173896, 2488648.338526259176433 ], [ 641002.923894155304879, 2488648.427944801282138 ], [ 641003.272750901989639, 2488648.481942724902183 ], [ 641003.625, 2488648.5 ], [ 641003.977249098010361, 2488648.481942724902183 ], [ 641004.326105844695121, 2488648.427944801282138 ], [ 641004.668210558826104, 2488648.338526259176433 ], [ 641005.000268585048616, 2488648.21454824693501 ], [ 641005.319082022993825, 2488648.057204741518945 ], [ 641005.621580524952151, 2488647.868011046200991 ], [ 641005.90485086501576, 2488647.648789200000465 ], [ 641006.166164994938299, 2488647.401650429237634 ], [ 641006.403006316744722, 2488647.128974815830588 ], [ 641006.613093919237144, 2488646.833388373721391 ], [ 641006.794404543703422, 2488646.517737763002515 ], [ 641006.945192069979385, 2488646.185062871314585 ], [ 641007.064004331594333, 2488645.838567539583892 ], [ 641007.149697101442143, 2488645.481588707771152 ], [ 641007.2014451114228, 2488645.117564276326448 ], [ 641007.21875, 2488644.75 ] ] ] } },
{ "type": "Feature", "properties": { "xmin": 886.72351, "ymin": 414.42096, "xmax": 909.14844, "ymax": 435.75317, "score": 0.48947752, "label": "Tree", "tile_idx": 5, "geo_xmin": 641157.56, "geo_ymin": 2488753.8, "geo_xmax": 641163.75, "geo_ymax": 2488759.5, "center_x": 641160.62, "center_y": 2488756.5, "width_m": 6.1875, "height_m": 5.75, "crown_diameter_m": 5.9647403, "lon": 88.372323370907679, "lat": 22.499438595751052, "crown_area_raw_m2": 27.942993, "crown_area_calibrated_m2": 33.531593, "agb_tree_kg": 52.731905723661299 }, "geometry": { "type": "Polygon", "coordinates": [ [ [ 641163.71875, 2488756.5 ], [ 641163.703852748149075, 2488756.218200721777976 ], [ 641163.659304461209103, 2488755.939115324057639 ], [ 641163.585534163634293, 2488755.665431553032249 ], [ 641163.483252303674817, 2488755.399785132147372 ], [ 641163.35344391153194, 2488755.144734381698072 ], [ 641163.197359113022685, 2488754.902735580224544 ], [ 641163.016501090140082, 2488754.676119307987392 ], [ 641162.812611604342237, 2488754.467068003956228 ], [ 641162.587654222850688, 2488754.277594946790487 ], [ 641162.343795408378355, 2488754.109524864703417 ], [ 641162.08338365459349, 2488753.964476365130395 ], [ 641161.808926868834533, 2488753.84384634392336 ], [ 641161.523068220238201, 2488753.748796534724534 ], [ 641161.228560683783144, 2488753.680242318660021 ], [ 641160.928240527864546, 2488753.638843910768628 ], [ 641160.625, 2488753.625 ], [ 641160.321759472135454, 2488753.638843910768628 ], [ 641160.021439316216856, 2488753.680242318660021 ], [ 641159.726931779761799, 2488753.748796534724534 ], [ 641159.441073131165467, 2488753.84384634392336 ], [ 641159.16661634540651, 2488753.964476365130395 ], [ 641158.906204591621645, 2488754.109524864703417 ], [ 641158.662345777149312, 2488754.277594946790487 ], [ 641158.437388395657763, 2488754.467068003956228 ], [ 641158.233498909859918, 2488754.676119307987392 ], [ 641158.052640886977315, 2488754.902735580224544 ], [ 641157.89655608846806, 2488755.144734381698072 ], [ 641157.766747696325183, 2488755.399785132147372 ], [ 641157.664465836365707, 2488755.665431553032249 ], [ 641157.590695538790897, 2488755.939115324057639 ], [ 641157.546147251850925, 2488756.218200721777976 ], [ 641157.53125, 2488756.5 ], [ 641157.546147251850925, 2488756.781799278222024 ], [ 641157.590695538790897, 2488757.060884675942361 ], [ 641157.664465836365707, 2488757.334568446967751 ], [ 641157.766747696325183, 2488757.600214867852628 ], [ 641157.89655608846806, 2488757.855265618301928 ], [ 641158.052640886977315, 2488758.097264419775456 ], [ 641158.233498909859918, 2488758.323880692012608 ], [ 641158.437388395657763, 2488758.532931996043772 ], [ 641158.662345777149312, 2488758.722405053209513 ], [ 641158.906204591621645, 2488758.890475135296583 ], [ 641159.16661634540651, 2488759.035523634869605 ], [ 641159.441073131165467, 2488759.15615365607664 ], [ 641159.726931779761799, 2488759.251203465275466 ], [ 641160.021439316216856, 2488759.319757681339979 ], [ 641160.321759472135454, 2488759.361156089231372 ], [ 641160.625, 2488759.375 ], [ 641160.928240527864546, 2488759.361156089231372 ], [ 641161.228560683783144, 2488759.319757681339979 ], [ 641161.523068220238201, 2488759.251203465275466 ], [ 641161.808926868834533, 2488759.15615365607664 ], [ 641162.08338365459349, 2488759.035523634869605 ], [ 641162.343795408378355, 2488758.890475135296583 ], [ 641162.587654222850688, 2488758.722405053209513 ], [ 641162.812611604342237, 2488758.532931996043772 ], [ 641163.016501090140082, 2488758.323880692012608 ], [ 641163.197359113022685, 2488758.097264419775456 ], [ 641163.35344391153194, 2488757.855265618301928 ], [ 641163.483252303674817, 2488757.600214867852628 ], [ 641163.585534163634293, 2488757.334568446967751 ], [ 641163.659304461209103, 2488757.060884675942361 ], [ 641163.703852748149075, 2488756.781799278222024 ], [ 641163.71875, 2488756.5 ] ] ] } },
{ "type": "Feature", "properties": { "xmin": 212.38155, "ymin": 396.24771, "xmax": 231.0652, "ymax": 414.18036, "score": 0.48715544, "label": "Tree", "tile_idx": 3, "geo_xmin": 640969.75, "geo_ymin": 2488759.8, "geo_xmax": 640974.94, "geo_ymax": 2488764.5, "center_x": 640972.38, "center_y": 2488762.0, "width_m": 5.1875, "height_m": 4.75, "crown_diameter_m": 4.9639325, "lon": 88.370494149598755, "lat": 22.499503844275278, "crown_area_raw_m2": 19.352703, "crown_area_calibrated_m2": 23.223244, "agb_tree_kg": 33.909141756908433 }, "geometry": { "type": "Polygon", "coordinates": [ [ [ 640974.96875, 2488762.0 ], [ 640974.956260384758934, 2488761.767209291923791 ], [ 640974.918911821092479, 2488761.536660485435277 ], [ 640974.857063995790668, 2488761.310573891736567 ], [ 640974.771312537486665, 2488761.091126848012209 ], [ 640974.662483279360458, 2488760.880432750098407 ], [ 640974.531624306924641, 2488760.680520696565509 ], [ 640974.379995863419026, 2488760.493315950036049 ], [ 640974.209058213746175, 2488760.32062139455229 ], [ 640974.020457580802031, 2488760.164100173395127 ], [ 640973.816010291920975, 2488760.025259670801461 ], [ 640973.597685286193155, 2488759.905436997301877 ], [ 640973.367585152736865, 2488759.805786110460758 ], [ 640973.127925881650299, 2488759.727266702800989 ], [ 640972.881015522754751, 2488759.670634958893061 ], [ 640972.62923195771873, 2488759.636436274275184 ], [ 640972.375, 2488759.625 ], [ 640972.12076804228127, 2488759.636436274275184 ], [ 640971.868984477245249, 2488759.670634958893061 ], [ 640971.622074118349701, 2488759.727266702800989 ], [ 640971.382414847263135, 2488759.805786110460758 ], [ 640971.152314713806845, 2488759.905436997301877 ], [ 640970.933989708079025, 2488760.025259670801461 ], [ 640970.729542419197969, 2488760.164100173395127 ], [ 640970.540941786253825, 2488760.32062139455229 ], [ 640970.370004136580974, 2488760.493315950036049 ], [ 640970.218375693075359, 2488760.680520696565509 ], [ 640970.087516720639542, 2488760.880432750098407 ], [ 640969.978687462513335, 2488761.091126848012209 ], [ 640969.892936004209332, 2488761.310573891736567 ], [ 640969.831088178907521, 2488761.536660485435277 ], [ 640969.793739615241066, 2488761.767209291923791 ], [ 640969.78125, 2488762.0 ], [ 640969.793739615241066, 2488762.232790708076209 ], [ 640969.831088178907521, 2488762.463339514564723 ], [ 640969.892936004209332, 2488762.689426108263433 ], [ 640969.978687462513335, 2488762.908873151987791 ], [ 640970.087516720639542, 2488763.119567249901593 ], [ 640970.218375693075359, 2488763.319479303434491 ], [ 640970.370004136580974, 2488763.506684049963951 ], [ 640970.540941786253825, 2488763.67937860544771 ], [ 640970.729542419197969, 2488763.835899826604873 ], [ 640970.933989708079025, 2488763.974740329198539 ], [ 640971.152314713806845, 2488764.094563002698123 ], [ 640971.382414847263135, 2488764.194213889539242 ], [ 640971.622074118349701, 2488764.272733297199011 ], [ 640971.868984477245249, 2488764.329365041106939 ], [ 640972.12076804228127, 2488764.363563725724816 ], [ 640972.375, 2488764.375 ], [ 640972.62923195771873, 2488764.363563725724816 ], [ 640972.881015522754751, 2488764.329365041106939 ], [ 640973.127925881650299, 2488764.272733297199011 ], [ 640973.367585152736865, 2488764.194213889539242 ], [ 640973.597685286193155, 2488764.094563002698123 ], [ 640973.816010291920975, 2488763.974740329198539 ], [ 640974.020457580802031, 2488763.835899826604873 ], [ 640974.209058213746175, 2488763.67937860544771 ], [ 640974.379995863419026, 2488763.506684049963951 ], [ 640974.531624306924641, 2488763.319479303434491 ], [ 640974.662483279360458, 2488763.119567249901593 ], [ 640974.771312537486665, 2488762.908873151987791 ], [ 640974.857063995790668, 2488762.689426108263433 ], [ 640974.918911821092479, 2488762.463339514564723 ], [ 640974.956260384758934, 2488762.232790708076209 ], [ 640974.96875, 2488762.0 ] ] ] } },
{ "type": "Feature", "properties": { "xmin": 73.860687, "ymin": 816.09686, "xmax": 104.3967, "ymax": 846.12207, "score": 0.47710055, "label": "Tree", "tile_idx": 6, "geo_xmin": 640931.19, "geo_ymin": 2488642.2, "geo_xmax": 640939.69, "geo_ymax": 2488650.5, "center_x": 640935.44, "center_y": 2488646.5, "width_m": 8.5, "height_m": 8.25, "crown_diameter_m": 8.3740673, "lon": 88.370124857557684, "lat": 22.498463769268259, "crown_area_raw_m2": 55.07605, "crown_area_calibrated_m2": 66.091263, "agb_tree_kg": 119.20394516639968 }, "geometry": { "type": "Polygon", "coordinates": [ [ [ 640939.6875, 2488646.5 ], [ 640939.667035088408738, 2488646.095679296180606 ], [ 640939.605837441748008, 2488645.695252421777695 ], [ 640939.504496426903643, 2488645.302575706504285 ], [ 640939.363988013123162, 2488644.921430841553956 ], [ 640939.185665373457596, 2488644.555488460697234 ], [ 640938.971245852299035, 2488644.208272788673639 ], [ 640938.722794426837936, 2488643.88312770286575 ], [ 640938.442703820066527, 2488643.583184527698904 ], [ 640938.133671457646415, 2488643.311331879813224 ], [ 640937.798673490295187, 2488643.070187849458307 ], [ 640937.440936131519265, 2488642.862074784468859 ], [ 640937.063904587528668, 2488642.688996928278357 ], [ 640936.671209878288209, 2488642.552621114999056 ], [ 640936.266633868566714, 2488642.454260718543082 ], [ 640935.854072846355848, 2488642.394863002467901 ], [ 640935.4375, 2488642.375 ], [ 640935.020927153644152, 2488642.394863002467901 ], [ 640934.608366131433286, 2488642.454260718543082 ], [ 640934.203790121711791, 2488642.552621114999056 ], [ 640933.811095412471332, 2488642.688996928278357 ], [ 640933.434063868480735, 2488642.862074784468859 ], [ 640933.076326509704813, 2488643.070187849458307 ], [ 640932.741328542353585, 2488643.311331879813224 ], [ 640932.432296179933473, 2488643.583184527698904 ], [ 640932.152205573162064, 2488643.88312770286575 ], [ 640931.903754147700965, 2488644.208272788673639 ], [ 640931.689334626542404, 2488644.555488460697234 ], [ 640931.511011986876838, 2488644.921430841553956 ], [ 640931.370503573096357, 2488645.302575706504285 ], [ 640931.269162558251992, 2488645.695252421777695 ], [ 640931.207964911591262, 2488646.095679296180606 ], [ 640931.1875, 2488646.5 ], [ 640931.207964911591262, 2488646.904320703819394 ], [ 640931.269162558251992, 2488647.304747578222305 ], [ 640931.370503573096357, 2488647.697424293495715 ], [ 640931.511011986876838, 2488648.078569158446044 ], [ 640931.689334626542404, 2488648.444511539302766 ], [ 640931.903754147700965, 2488648.791727211326361 ], [ 640932.152205573162064, 2488649.11687229713425 ], [ 640932.432296179933473, 2488649.416815472301096 ], [ 640932.741328542353585, 2488649.688668120186776 ], [ 640933.076326509704813, 2488649.929812150541693 ], [ 640933.434063868480735, 2488650.137925215531141 ], [ 640933.811095412471332, 2488650.311003071721643 ], [ 640934.203790121711791, 2488650.447378885000944 ], [ 640934.608366131433286, 2488650.545739281456918 ], [ 640935.020927153644152, 2488650.605136997532099 ], [ 640935.4375, 2488650.625 ], [ 640935.854072846355848, 2488650.605136997532099 ], [ 640936.266633868566714, 2488650.545739281456918 ], [ 640936.671209878288209, 2488650.447378885000944 ], [ 640937.063904587528668, 2488650.311003071721643 ], [ 640937.440936131519265, 2488650.137925215531141 ], [ 640937.798673490295187, 2488649.929812150541693 ], [ 640938.133671457646415, 2488649.688668120186776 ], [ 640938.442703820066527, 2488649.416815472301096 ], [ 640938.722794426837936, 2488649.11687229713425 ], [ 640938.971245852299035, 2488648.791727211326361 ], [ 640939.185665373457596, 2488648.444511539302766 ], [ 640939.363988013123162, 2488648.078569158446044 ], [ 640939.504496426903643, 2488647.697424293495715 ], [ 640939.605837441748008, 2488647.304747578222305 ], [ 640939.667035088408738, 2488646.904320703819394 ], [ 640939.6875, 2488646.5 ] ] ] } },
{ "type": "Feature", "properties": { "xmin": 320.95938, "ymin": 501.172, "xmax": 346.1748, "ymax": 529.42273, "score": 0.47340474, "label": "Tree", "tile_idx": 4, "geo_xmin": 641000.0, "geo_ymin": 2488728.2, "geo_xmax": 641007.0, "geo_ymax": 2488736.0, "center_x": 641003.5, "center_y": 2488732.0, "width_m": 7.0, "height_m": 7.75, "crown_diameter_m": 7.3654599, "lon": 88.370794001591221, "lat": 22.499230327980886, "crown_area_raw_m2": 42.607853, "crown_area_calibrated_m2": 51.129425, "agb_tree_kg": 87.558819716948832 }, "geometry": { "type": "Polygon", "coordinates": [ [ [ 641007.0, 2488732.0 ], [ 641006.983146543381736, 2488731.620183581020683 ], [ 641006.932748481398448, 2488731.244025002233684 ], [ 641006.84929117502179, 2488730.875146875623614 ], [ 641006.733578363782726, 2488730.517101699486375 ], [ 641006.586724425200373, 2488730.173337644897401 ], [ 641006.410143643035553, 2488729.847165347076952 ], [ 641006.20553658681456, 2488729.541726023890078 ], [ 641005.974873734172434, 2488729.259961222764105 ], [ 641005.720376494573429, 2488729.004584493115544 ], [ 641005.444495815550908, 2488728.778055252507329 ], [ 641005.149888578918763, 2488728.582555100787431 ], [ 641004.839392013265751, 2488728.419966811314225 ], [ 641004.515996370348148, 2488728.291856199037284 ], [ 641004.182816127082333, 2488728.199457038659602 ], [ 641003.843059991137125, 2488728.143659184221178 ], [ 641003.5, 2488728.125 ], [ 641003.156940008862875, 2488728.143659184221178 ], [ 641002.817183872917667, 2488728.199457038659602 ], [ 641002.484003629651852, 2488728.291856199037284 ], [ 641002.160607986734249, 2488728.419966811314225 ], [ 641001.850111421081237, 2488728.582555100787431 ], [ 641001.555504184449092, 2488728.778055252507329 ], [ 641001.279623505426571, 2488729.004584493115544 ], [ 641001.025126265827566, 2488729.259961222764105 ], [ 641000.79446341318544, 2488729.541726023890078 ], [ 641000.589856356964447, 2488729.847165347076952 ], [ 641000.413275574799627, 2488730.173337644897401 ], [ 641000.266421636217274, 2488730.517101699486375 ], [ 641000.15070882497821, 2488730.875146875623614 ], [ 641000.067251518601552, 2488731.244025002233684 ], [ 641000.016853456618264, 2488731.620183581020683 ], [ 641000.0, 2488732.0 ], [ 641000.016853456618264, 2488732.379816418979317 ], [ 641000.067251518601552, 2488732.755974997766316 ], [ 641000.15070882497821, 2488733.124853124376386 ], [ 641000.266421636217274, 2488733.482898300513625 ], [ 641000.413275574799627, 2488733.826662355102599 ], [ 641000.589856356964447, 2488734.152834652923048 ], [ 641000.79446341318544, 2488734.458273976109922 ], [ 641001.025126265827566, 2488734.740038777235895 ], [ 641001.279623505426571, 2488734.995415506884456 ], [ 641001.555504184449092, 2488735.221944747492671 ], [ 641001.850111421081237, 2488735.417444899212569 ], [ 641002.160607986734249, 2488735.580033188685775 ], [ 641002.484003629651852, 2488735.708143800962716 ], [ 641002.817183872917667, 2488735.800542961340398 ], [ 641003.156940008862875, 2488735.856340815778822 ], [ 641003.5, 2488735.875 ], [ 641003.843059991137125, 2488735.856340815778822 ], [ 641004.182816127082333, 2488735.800542961340398 ], [ 641004.515996370348148, 2488735.708143800962716 ], [ 641004.839392013265751, 2488735.580033188685775 ], [ 641005.149888578918763, 2488735.417444899212569 ], [ 641005.444495815550908, 2488735.221944747492671 ], [ 641005.720376494573429, 2488734.995415506884456 ], [ 641005.974873734172434, 2488734.740038777235895 ], [ 641006.20553658681456, 2488734.458273976109922 ], [ 641006.410143643035553, 2488734.152834652923048 ], [ 641006.586724425200373, 2488733.826662355102599 ], [ 641006.733578363782726, 2488733.482898300513625 ], [ 641006.84929117502179, 2488733.124853124376386 ], [ 641006.932748481398448, 2488732.755974997766316 ], [ 641006.983146543381736, 2488732.379816418979317 ], [ 641007.0, 2488732.0 ] ] ] } },
{ "type": "Feature", "properties": { "xmin": 572.43396, "ymin": 320.0, "xmax": 595.30884, "ymax": 329.38953, "score": 0.46995518, "label": "Tree", "tile_idx": 4, "geo_xmin": 641070.0, "geo_ymin": 2488782.8, "geo_xmax": 641076.38, "geo_ymax": 2488785.2, "center_x": 641073.19, "center_y": 2488784.0, "width_m": 6.375, "height_m": 2.5, "crown_diameter_m": 3.9921799, "lon": 88.371475964275959, "lat": 22.499694196715861, "crown_area_raw_m2": 12.517284, "crown_area_calibrated_m2": 15.020741, "agb_tree_kg": 20.084475353152058 }, "geometry": { "type": "Polygon", "coordinates": [ [ [ 641076.375, 2488784.0 ], [ 641076.359651316306554, 2488783.87747857440263 ], [ 641076.313753081252798, 2488783.756137097254395 ], [ 641076.237747320090421, 2488783.637144153472036 ], [ 641076.132366009871475, 2488783.521645709406585 ], [ 641075.998624030151404, 2488783.410754078999162 ], [ 641075.837809389224276, 2488783.305537208914757 ], [ 641075.651470820070244, 2488783.207008394878358 ], [ 641075.441402864991687, 2488783.116116523742676 ], [ 641075.209628593293019, 2488783.033736933488399 ], [ 641074.958380117779598, 2488782.96066298475489 ], [ 641074.690077098668553, 2488782.897598419338465 ], [ 641074.407303440617397, 2488782.845150584354997 ], [ 641074.112782408716157, 2488782.803824580274522 ], [ 641073.809350401395932, 2488782.7740183994174 ], [ 641073.499929634854198, 2488782.756019091699272 ], [ 641073.1875, 2488782.75 ], [ 641072.875070365145802, 2488782.756019091699272 ], [ 641072.565649598604068, 2488782.7740183994174 ], [ 641072.262217591283843, 2488782.803824580274522 ], [ 641071.967696559382603, 2488782.845150584354997 ], [ 641071.684922901331447, 2488782.897598419338465 ], [ 641071.416619882220402, 2488782.96066298475489 ], [ 641071.165371406706981, 2488783.033736933488399 ], [ 641070.933597135008313, 2488783.116116523742676 ], [ 641070.723529179929756, 2488783.207008394878358 ], [ 641070.537190610775724, 2488783.305537208914757 ], [ 641070.376375969848596, 2488783.410754078999162 ], [ 641070.242633990128525, 2488783.521645709406585 ], [ 641070.137252679909579, 2488783.637144153472036 ], [ 641070.061246918747202, 2488783.756137097254395 ], [ 641070.015348683693446, 2488783.87747857440263 ], [ 641070.0, 2488784.0 ], [ 641070.015348683693446, 2488784.12252142559737 ], [ 641070.061246918747202, 2488784.243862902745605 ], [ 641070.137252679909579, 2488784.362855846527964 ], [ 641070.242633990128525, 2488784.478354290593415 ], [ 641070.376375969848596, 2488784.589245921000838 ], [ 641070.537190610775724, 2488784.694462791085243 ], [ 641070.723529179929756, 2488784.792991605121642 ], [ 641070.933597135008313, 2488784.883883476257324 ], [ 641071.165371406706981, 2488784.966263066511601 ], [ 641071.416619882220402, 2488785.03933701524511 ], [ 641071.684922901331447, 2488785.102401580661535 ], [ 641071.967696559382603, 2488785.154849415645003 ], [ 641072.262217591283843, 2488785.196175419725478 ], [ 641072.565649598604068, 2488785.2259816005826 ], [ 641072.875070365145802, 2488785.243980908300728 ], [ 641073.1875, 2488785.25 ], [ 641073.499929634854198, 2488785.243980908300728 ], [ 641073.809350401395932, 2488785.2259816005826 ], [ 641074.112782408716157, 2488785.196175419725478 ], [ 641074.407303440617397, 2488785.154849415645003 ], [ 641074.690077098668553, 2488785.102401580661535 ], [ 641074.958380117779598, 2488785.03933701524511 ], [ 641075.209628593293019, 2488784.966263066511601 ], [ 641075.441402864991687, 2488784.883883476257324 ], [ 641075.651470820070244, 2488784.792991605121642 ], [ 641075.837809389224276, 2488784.694462791085243 ], [ 641075.998624030151404, 2488784.589245921000838 ], [ 641076.132366009871475, 2488784.478354290593415 ], [ 641076.237747320090421, 2488784.362855846527964 ], [ 641076.313753081252798, 2488784.243862902745605 ], [ 641076.359651316306554, 2488784.12252142559737 ], [ 641076.375, 2488784.0 ] ] ] } },
{ "type": "Feature", "properties": { "xmin": 241.60696, "ymin": 861.74487, "xmax": 259.97208, "ymax": 880.33185, "score": 0.46664062, "label": "Tree", "tile_idx": 6, "geo_xmin": 640977.88, "geo_ymin": 2488633.0, "geo_xmax": 640983.0, "geo_ymax": 2488638.0, "center_x": 640980.44, "center_y": 2488635.5, "width_m": 5.125, "height_m": 5.0, "crown_diameter_m": 5.0621142, "lon": 88.370561256877394, "lat": 22.498360703442888, "crown_area_raw_m2": 20.125828, "crown_area_calibrated_m2": 24.150995, "agb_tree_kg": 35.543926166061489 }, "geometry": { "type": "Polygon", "coordinates": [ [ [ 640983.0, 2488635.5 ], [ 640982.987660862039775, 2488635.254957149270922 ], [ 640982.950762281077914, 2488635.012274194974452 ], [ 640982.889659610344097, 2488634.774288306944072 ], [ 640982.804941302048974, 2488634.54329141927883 ], [ 640982.697423239937052, 2488634.321508157998323 ], [ 640982.568140881485306, 2488634.111074417363852 ], [ 640982.418339286698028, 2488633.914016789756715 ], [ 640982.24946112674661, 2488633.73223304701969 ], [ 640982.063132790615782, 2488633.567473866511136 ], [ 640981.861148722120561, 2488633.421325969044119 ], [ 640981.645454138168134, 2488633.295196839142591 ], [ 640981.418126295437105, 2488633.190301168709993 ], [ 640981.181354485452175, 2488633.107649160549045 ], [ 640980.937418950139545, 2488633.048036798834801 ], [ 640980.688668922055513, 2488633.012038183398545 ], [ 640980.4375, 2488633.0 ], [ 640980.186331077944487, 2488633.012038183398545 ], [ 640979.937581049860455, 2488633.048036798834801 ], [ 640979.693645514547825, 2488633.107649160549045 ], [ 640979.456873704562895, 2488633.190301168709993 ], [ 640979.229545861831866, 2488633.295196839142591 ], [ 640979.013851277879439, 2488633.421325969044119 ], [ 640978.811867209384218, 2488633.567473866511136 ], [ 640978.62553887325339, 2488633.73223304701969 ], [ 640978.456660713301972, 2488633.914016789756715 ], [ 640978.306859118514694, 2488634.111074417363852 ], [ 640978.177576760062948, 2488634.321508157998323 ], [ 640978.070058697951026, 2488634.54329141927883 ], [ 640977.985340389655903, 2488634.774288306944072 ], [ 640977.924237718922086, 2488635.012274194974452 ], [ 640977.887339137960225, 2488635.254957149270922 ], [ 640977.875, 2488635.5 ], [ 640977.887339137960225, 2488635.745042850729078 ], [ 640977.924237718922086, 2488635.987725805025548 ], [ 640977.985340389655903, 2488636.225711693055928 ], [ 640978.070058697951026, 2488636.45670858072117 ], [ 640978.177576760062948, 2488636.678491842001677 ], [ 640978.306859118514694, 2488636.888925582636148 ], [ 640978.456660713301972, 2488637.085983210243285 ], [ 640978.62553887325339, 2488637.26776695298031 ], [ 640978.811867209384218, 2488637.432526133488864 ], [ 640979.013851277879439, 2488637.578674030955881 ], [ 640979.229545861831866, 2488637.704803160857409 ], [ 640979.456873704562895, 2488637.809698831290007 ], [ 640979.693645514547825, 2488637.892350839450955 ], [ 640979.937581049860455, 2488637.951963201165199 ], [ 640980.186331077944487, 2488637.987961816601455 ], [ 640980.4375, 2488638.0 ], [ 640980.688668922055513, 2488637.987961816601455 ], [ 640980.937418950139545, 2488637.951963201165199 ], [ 640981.181354485452175, 2488637.892350839450955 ], [ 640981.418126295437105, 2488637.809698831290007 ], [ 640981.645454138168134, 2488637.704803160857409 ], [ 640981.861148722120561, 2488637.578674030955881 ], [ 640982.063132790615782, 2488637.432526133488864 ], [ 640982.24946112674661, 2488637.26776695298031 ], [ 640982.418339286698028, 2488637.085983210243285 ], [ 640982.568140881485306, 2488636.888925582636148 ], [ 640982.697423239937052, 2488636.678491842001677 ], [ 640982.804941302048974, 2488636.45670858072117 ], [ 640982.889659610344097, 2488636.225711693055928 ], [ 640982.950762281077914, 2488635.987725805025548 ], [ 640982.987660862039775, 2488635.745042850729078 ], [ 640983.0, 2488635.5 ] ] ] } },
{ "type": "Feature", "properties": { "xmin": 406.09531, "ymin": 776.64465, "xmax": 434.63208, "ymax": 804.92908, "score": 0.46412292, "label": "Tree", "tile_idx": 7, "geo_xmin": 641023.69, "geo_ymin": 2488653.5, "geo_xmax": 641031.62, "geo_ymax": 2488661.2, "center_x": 641027.62, "center_y": 2488657.5, "width_m": 7.9375, "height_m": 7.75, "crown_diameter_m": 7.8431897, "lon": 88.371021854361672, "lat": 22.498555492237152, "crown_area_raw_m2": 48.314259, "crown_area_calibrated_m2": 57.977112, "agb_tree_kg": 101.83848013391761 }, "geometry": { "type": "Polygon", "coordinates": [ [ [ 641031.59375, 2488657.5 ], [ 641031.574639383936301, 2488657.120183581020683 ], [ 641031.517491581616923, 2488656.744025002233684 ], [ 641031.422856957418844, 2488656.375146875623614 ], [ 641031.291646894649602, 2488656.017101699486375 ], [ 641031.125125017832033, 2488655.673337644897401 ], [ 641030.924895023810677, 2488655.347165347076952 ], [ 641030.692885236814618, 2488655.041726023890078 ], [ 641030.431330037885346, 2488654.759961222764105 ], [ 641030.142748346552253, 2488654.504584493115544 ], [ 641029.82991936232429, 2488654.278055252507329 ], [ 641029.495855799294077, 2488654.082555100787431 ], [ 641029.143774872180074, 2488653.919966811314225 ], [ 641028.777067312854342, 2488653.791856199037284 ], [ 641028.399264715495519, 2488653.699457038659602 ], [ 641028.014005525736138, 2488653.643659184221178 ], [ 641027.625, 2488653.625 ], [ 641027.235994474263862, 2488653.643659184221178 ], [ 641026.850735284504481, 2488653.699457038659602 ], [ 641026.472932687145658, 2488653.791856199037284 ], [ 641026.106225127819926, 2488653.919966811314225 ], [ 641025.754144200705923, 2488654.082555100787431 ], [ 641025.42008063767571, 2488654.278055252507329 ], [ 641025.107251653447747, 2488654.504584493115544 ], [ 641024.818669962114654, 2488654.759961222764105 ], [ 641024.557114763185382, 2488655.041726023890078 ], [ 641024.325104976189323, 2488655.347165347076952 ], [ 641024.124874982167967, 2488655.673337644897401 ], [ 641023.958353105350398, 2488656.017101699486375 ], [ 641023.827143042581156, 2488656.375146875623614 ], [ 641023.732508418383077, 2488656.744025002233684 ], [ 641023.675360616063699, 2488657.120183581020683 ], [ 641023.65625, 2488657.5 ], [ 641023.675360616063699, 2488657.879816418979317 ], [ 641023.732508418383077, 2488658.255974997766316 ], [ 641023.827143042581156, 2488658.624853124376386 ], [ 641023.958353105350398, 2488658.982898300513625 ], [ 641024.124874982167967, 2488659.326662355102599 ], [ 641024.325104976189323, 2488659.652834652923048 ], [ 641024.557114763185382, 2488659.958273976109922 ], [ 641024.818669962114654, 2488660.240038777235895 ], [ 641025.107251653447747, 2488660.495415506884456 ], [ 641025.42008063767571, 2488660.721944747492671 ], [ 641025.754144200705923, 2488660.917444899212569 ], [ 641026.106225127819926, 2488661.080033188685775 ], [ 641026.472932687145658, 2488661.208143800962716 ], [ 641026.850735284504481, 2488661.300542961340398 ], [ 641027.235994474263862, 2488661.356340815778822 ], [ 641027.625, 2488661.375 ], [ 641028.014005525736138, 2488661.356340815778822 ], [ 641028.399264715495519, 2488661.300542961340398 ], [ 641028.777067312854342, 2488661.208143800962716 ], [ 641029.143774872180074, 2488661.080033188685775 ], [ 641029.495855799294077, 2488660.917444899212569 ], [ 641029.82991936232429, 2488660.721944747492671 ], [ 641030.142748346552253, 2488660.495415506884456 ], [ 641030.431330037885346, 2488660.240038777235895 ], [ 641030.692885236814618, 2488659.958273976109922 ], [ 641030.924895023810677, 2488659.652834652923048 ], [ 641031.125125017832033, 2488659.326662355102599 ], [ 641031.291646894649602, 2488658.982898300513625 ], [ 641031.422856957418844, 2488658.624853124376386 ], [ 641031.517491581616923, 2488658.255974997766316 ], [ 641031.574639383936301, 2488657.879816418979317 ], [ 641031.59375, 2488657.5 ] ] ] } },
{ "type": "Feature", "properties": { "xmin": 143.72766, "ymin": 701.41052, "xmax": 162.88998, "ymax": 721.3158, "score": 0.45210487, "label": "Tree", "tile_idx": 6, "geo_xmin": 640950.62, "geo_ymin": 2488676.2, "geo_xmax": 640956.0, "geo_ymax": 2488681.5, "center_x": 640953.31, "center_y": 2488679.0, "width_m": 5.375, "height_m": 5.25, "crown_diameter_m": 5.3121324, "lon": 88.370301485366227, "lat": 22.498755812724703, "crown_area_raw_m2": 22.162954, "crown_area_calibrated_m2": 26.595547, "agb_tree_kg": 39.911478424586385 }, "geometry": { "type": "Polygon", "coordinates": [ [ [ 640956.0, 2488679.0 ], [ 640955.987058952916414, 2488678.742705006618053 ], [ 640955.948360441136174, 2488678.487887904513627 ], [ 640955.884277152246796, 2488678.238002722151577 ], [ 640955.795426243566908, 2488677.99545599007979 ], [ 640955.682663397979923, 2488677.76258356589824 ], [ 640955.547074583009817, 2488677.541628138162196 ], [ 640955.389965593465604, 2488677.33471762901172 ], [ 640955.212849474395625, 2488677.14384469948709 ], [ 640955.017431951244362, 2488676.970847560092807 ], [ 640954.805595001205802, 2488676.817392267752439 ], [ 640954.579378730268218, 2488676.684956680983305 ], [ 640954.34096172451973, 2488676.574816226959229 ], [ 640954.092640070128255, 2488676.488031618762761 ], [ 640953.836805240367539, 2488676.425438638776541 ], [ 640953.575921064591967, 2488676.387640092521906 ], [ 640953.3125, 2488676.375 ], [ 640953.049078935408033, 2488676.387640092521906 ], [ 640952.788194759632461, 2488676.425438638776541 ], [ 640952.532359929871745, 2488676.488031618762761 ], [ 640952.28403827548027, 2488676.574816226959229 ], [ 640952.045621269731782, 2488676.684956680983305 ], [ 640951.819404998794198, 2488676.817392267752439 ], [ 640951.607568048755638, 2488676.970847560092807 ], [ 640951.412150525604375, 2488677.14384469948709 ], [ 640951.235034406534396, 2488677.33471762901172 ], [ 640951.077925416990183, 2488677.541628138162196 ], [ 640950.942336602020077, 2488677.76258356589824 ], [ 640950.829573756433092, 2488677.99545599007979 ], [ 640950.740722847753204, 2488678.238002722151577 ], [ 640950.676639558863826, 2488678.487887904513627 ], [ 640950.637941047083586, 2488678.742705006618053 ], [ 640950.625, 2488679.0 ], [ 640950.637941047083586, 2488679.257294993381947 ], [ 640950.676639558863826, 2488679.512112095486373 ], [ 640950.740722847753204, 2488679.761997277848423 ], [ 640950.829573756433092, 2488680.00454400992021 ], [ 640950.942336602020077, 2488680.23741643410176 ], [ 640951.077925416990183, 2488680.458371861837804 ], [ 640951.235034406534396, 2488680.66528237098828 ], [ 640951.412150525604375, 2488680.85615530051291 ], [ 640951.607568048755638, 2488681.029152439907193 ], [ 640951.819404998794198, 2488681.182607732247561 ], [ 640952.045621269731782, 2488681.315043319016695 ], [ 640952.28403827548027, 2488681.425183773040771 ], [ 640952.532359929871745, 2488681.511968381237239 ], [ 640952.788194759632461, 2488681.574561361223459 ], [ 640953.049078935408033, 2488681.612359907478094 ], [ 640953.3125, 2488681.625 ], [ 640953.575921064591967, 2488681.612359907478094 ], [ 640953.836805240367539, 2488681.574561361223459 ], [ 640954.092640070128255, 2488681.511968381237239 ], [ 640954.34096172451973, 2488681.425183773040771 ], [ 640954.579378730268218, 2488681.315043319016695 ], [ 640954.805595001205802, 2488681.182607732247561 ], [ 640955.017431951244362, 2488681.029152439907193 ], [ 640955.212849474395625, 2488680.85615530051291 ], [ 640955.389965593465604, 2488680.66528237098828 ], [ 640955.547074583009817, 2488680.458371861837804 ], [ 640955.682663397979923, 2488680.23741643410176 ], [ 640955.795426243566908, 2488680.00454400992021 ], [ 640955.884277152246796, 2488679.761997277848423 ], [ 640955.948360441136174, 2488679.512112095486373 ], [ 640955.987058952916414, 2488679.257294993381947 ], [ 640956.0, 2488679.0 ] ] ] } },
{ "type": "Feature", "properties": { "xmin": 1003.7467, "ymin": 743.02545, "xmax": 1024.0, "ymax": 770.15942, "score": 0.44534135, "label": "Tree", "tile_idx": 8, "geo_xmin": 641190.12, "geo_ymin": 2488663.0, "geo_xmax": 641195.75, "geo_ymax": 2488670.2, "center_x": 641192.94, "center_y": 2488666.5, "width_m": 5.625, "height_m": 7.25, "crown_diameter_m": 6.3860197, "lon": 88.372629413673991, "lat": 22.498623093382264, "crown_area_raw_m2": 32.029518, "crown_area_calibrated_m2": 38.435425, "agb_tree_kg": 62.133374568236604 }, "geometry": { "type": "Polygon", "coordinates": [ [ [ 641195.75, 2488666.5 ], [ 641195.736457043793052, 2488666.144687866326421 ], [ 641195.695958601078019, 2488665.792797582689673 ], [ 641195.628894694265909, 2488665.447718044742942 ], [ 641195.535911185201257, 2488665.112772557884455 ], [ 641195.417903556022793, 2488664.791186829097569 ], [ 641195.276008284650743, 2488664.486057905480266 ], [ 641195.111591900116764, 2488664.200324344914407 ], [ 641194.926237822044641, 2488663.936737918294966 ], [ 641194.721731111756526, 2488663.697837106417865 ], [ 641194.500041280407459, 2488663.485922655556351 ], [ 641194.263303322368301, 2488663.303035416640341 ], [ 641194.013797153485939, 2488663.150936694815755 ], [ 641193.753925654804334, 2488663.031091283075511 ], [ 641193.486191530711949, 2488662.944653358310461 ], [ 641193.21317320712842, 2488662.892455365974456 ], [ 641192.9375, 2488662.875 ], [ 641192.66182679287158, 2488662.892455365974456 ], [ 641192.388808469288051, 2488662.944653358310461 ], [ 641192.121074345195666, 2488663.031091283075511 ], [ 641191.861202846514061, 2488663.150936694815755 ], [ 641191.611696677631699, 2488663.303035416640341 ], [ 641191.374958719592541, 2488663.485922655556351 ], [ 641191.153268888243474, 2488663.697837106417865 ], [ 641190.948762177955359, 2488663.936737918294966 ], [ 641190.763408099883236, 2488664.200324344914407 ], [ 641190.598991715349257, 2488664.486057905480266 ], [ 641190.457096443977207, 2488664.791186829097569 ], [ 641190.339088814798743, 2488665.112772557884455 ], [ 641190.246105305734091, 2488665.447718044742942 ], [ 641190.179041398921981, 2488665.792797582689673 ], [ 641190.138542956206948, 2488666.144687866326421 ], [ 641190.125, 2488666.5 ], [ 641190.138542956206948, 2488666.855312133673579 ], [ 641190.179041398921981, 2488667.207202417310327 ], [ 641190.246105305734091, 2488667.552281955257058 ], [ 641190.339088814798743, 2488667.887227442115545 ], [ 641190.457096443977207, 2488668.208813170902431 ], [ 641190.598991715349257, 2488668.513942094519734 ], [ 641190.763408099883236, 2488668.799675655085593 ], [ 641190.948762177955359, 2488669.063262081705034 ], [ 641191.153268888243474, 2488669.302162893582135 ], [ 641191.374958719592541, 2488669.514077344443649 ], [ 641191.611696677631699, 2488669.696964583359659 ], [ 641191.861202846514061, 2488669.849063305184245 ], [ 641192.121074345195666, 2488669.968908716924489 ], [ 641192.388808469288051, 2488670.055346641689539 ], [ 641192.66182679287158, 2488670.107544634025544 ], [ 641192.9375, 2488670.125 ], [ 641193.21317320712842, 2488670.107544634025544 ], [ 641193.486191530711949, 2488670.055346641689539 ], [ 641193.753925654804334, 2488669.968908716924489 ], [ 641194.013797153485939, 2488669.849063305184245 ], [ 641194.263303322368301, 2488669.696964583359659 ], [ 641194.500041280407459, 2488669.514077344443649 ], [ 641194.721731111756526, 2488669.302162893582135 ], [ 641194.926237822044641, 2488669.063262081705034 ], [ 641195.111591900116764, 2488668.799675655085593 ], [ 641195.276008284650743, 2488668.513942094519734 ], [ 641195.417903556022793, 2488668.208813170902431 ], [ 641195.535911185201257, 2488667.887227442115545 ], [ 641195.628894694265909, 2488667.552281955257058 ], [ 641195.695958601078019, 2488667.207202417310327 ], [ 641195.736457043793052, 2488666.855312133673579 ], [ 641195.75, 2488666.5 ] ] ] } },
{ "type": "Feature", "properties": { "xmin": 199.63075, "ymin": 751.23218, "xmax": 231.64192, "ymax": 782.21271, "score": 0.4425599, "label": "Tree", "tile_idx": 6, "geo_xmin": 640966.19, "geo_ymin": 2488659.5, "geo_xmax": 640975.12, "geo_ymax": 2488668.0, "center_x": 640970.62, "center_y": 2488663.8, "width_m": 8.9375, "height_m": 8.5, "crown_diameter_m": 8.7160053, "lon": 88.370468397869658, "lat": 22.498616652295386, "crown_area_raw_m2": 59.665718, "crown_area_calibrated_m2": 71.598862, "agb_tree_kg": 131.24254652336842 }, "geometry": { "type": "Polygon", "coordinates": [ [ [ 640975.09375, 2488663.75 ], [ 640975.072231747326441, 2488663.333427153527737 ], [ 640975.007884221849963, 2488662.92086613131687 ], [ 640974.901327125262469, 2488662.516290121711791 ], [ 640974.75358666095417, 2488662.123595412354916 ], [ 640974.566085650003515, 2488661.74656386859715 ], [ 640974.340629830025136, 2488661.388826509471983 ], [ 640974.079390463419259, 2488661.053828542120755 ], [ 640973.784883428481407, 2488660.744796180166304 ], [ 640973.45994498860091, 2488660.464705573394895 ], [ 640973.10770447878167, 2488660.216254147700965 ], [ 640972.731554167694412, 2488660.001834626309574 ], [ 640972.335116588394158, 2488659.823511986993253 ], [ 640971.922209651442245, 2488659.683003573212773 ], [ 640971.496809876523912, 2488659.581662558484823 ], [ 640971.063014095881954, 2488659.520464911591262 ], [ 640970.625, 2488659.5 ], [ 640970.186985904118046, 2488659.520464911591262 ], [ 640969.753190123476088, 2488659.581662558484823 ], [ 640969.327790348557755, 2488659.683003573212773 ], [ 640968.914883411605842, 2488659.823511986993253 ], [ 640968.518445832305588, 2488660.001834626309574 ], [ 640968.14229552121833, 2488660.216254147700965 ], [ 640967.79005501139909, 2488660.464705573394895 ], [ 640967.465116571518593, 2488660.744796180166304 ], [ 640967.170609536580741, 2488661.053828542120755 ], [ 640966.909370169974864, 2488661.388826509471983 ], [ 640966.683914349996485, 2488661.74656386859715 ], [ 640966.49641333904583, 2488662.123595412354916 ], [ 640966.348672874737531, 2488662.516290121711791 ], [ 640966.242115778150037, 2488662.92086613131687 ], [ 640966.177768252673559, 2488663.333427153527737 ], [ 640966.15625, 2488663.75 ], [ 640966.177768252673559, 2488664.166572846472263 ], [ 640966.242115778150037, 2488664.57913386868313 ], [ 640966.348672874737531, 2488664.983709878288209 ], [ 640966.49641333904583, 2488665.376404587645084 ], [ 640966.683914349996485, 2488665.75343613140285 ], [ 640966.909370169974864, 2488666.111173490528017 ], [ 640967.170609536580741, 2488666.446171457879245 ], [ 640967.465116571518593, 2488666.755203819833696 ], [ 640967.79005501139909, 2488667.035294426605105 ], [ 640968.14229552121833, 2488667.283745852299035 ], [ 640968.518445832305588, 2488667.498165373690426 ], [ 640968.914883411605842, 2488667.676488013006747 ], [ 640969.327790348557755, 2488667.816996426787227 ], [ 640969.753190123476088, 2488667.918337441515177 ], [ 640970.186985904118046, 2488667.979535088408738 ], [ 640970.625, 2488668.0 ], [ 640971.063014095881954, 2488667.979535088408738 ], [ 640971.496809876523912, 2488667.918337441515177 ], [ 640971.922209651442245, 2488667.816996426787227 ], [ 640972.335116588394158, 2488667.676488013006747 ], [ 640972.731554167694412, 2488667.498165373690426 ], [ 640973.10770447878167, 2488667.283745852299035 ], [ 640973.45994498860091, 2488667.035294426605105 ], [ 640973.784883428481407, 2488666.755203819833696 ], [ 640974.079390463419259, 2488666.446171457879245 ], [ 640974.340629830025136, 2488666.111173490528017 ], [ 640974.566085650003515, 2488665.75343613140285 ], [ 640974.75358666095417, 2488665.376404587645084 ], [ 640974.901327125262469, 2488664.983709878288209 ], [ 640975.007884221849963, 2488664.57913386868313 ], [ 640975.072231747326441, 2488664.166572846472263 ], [ 640975.09375, 2488663.75 ] ] ] } },
{ "type": "Feature", "properties": { "xmin": 452.04608, "ymin": 658.5675, "xmax": 480.6333, "ymax": 687.04834, "score": 0.44156668, "label": "Tree", "tile_idx": 7, "geo_xmin": 641036.5, "geo_ymin": 2488685.5, "geo_xmax": 641044.44, "geo_ymax": 2488693.2, "center_x": 641040.5, "center_y": 2488689.5, "width_m": 7.9375, "height_m": 7.75, "crown_diameter_m": 7.8431897, "lon": 88.37114984192236, "lat": 22.49884343251691, "crown_area_raw_m2": 48.314259, "crown_area_calibrated_m2": 57.977112, "agb_tree_kg": 101.83848013391761 }, "geometry": { "type": "Polygon", "coordinates": [ [ [ 641044.46875, 2488689.5 ], [ 641044.449639383936301, 2488689.120183581020683 ], [ 641044.392491581616923, 2488688.744025002233684 ], [ 641044.297856957418844, 2488688.375146875623614 ], [ 641044.166646894649602, 2488688.017101699486375 ], [ 641044.000125017832033, 2488687.673337644897401 ], [ 641043.799895023810677, 2488687.347165347076952 ], [ 641043.567885236814618, 2488687.041726023890078 ], [ 641043.306330037885346, 2488686.759961222764105 ], [ 641043.017748346552253, 2488686.504584493115544 ], [ 641042.70491936232429, 2488686.278055252507329 ], [ 641042.370855799294077, 2488686.082555100787431 ], [ 641042.018774872180074, 2488685.919966811314225 ], [ 641041.652067312854342, 2488685.791856199037284 ], [ 641041.274264715495519, 2488685.699457038659602 ], [ 641040.889005525736138, 2488685.643659184221178 ], [ 641040.5, 2488685.625 ], [ 641040.110994474263862, 2488685.643659184221178 ], [ 641039.725735284504481, 2488685.699457038659602 ], [ 641039.347932687145658, 2488685.791856199037284 ], [ 641038.981225127819926, 2488685.919966811314225 ], [ 641038.629144200705923, 2488686.082555100787431 ], [ 641038.29508063767571, 2488686.278055252507329 ], [ 641037.982251653447747, 2488686.504584493115544 ], [ 641037.693669962114654, 2488686.759961222764105 ], [ 641037.432114763185382, 2488687.041726023890078 ], [ 641037.200104976189323, 2488687.347165347076952 ], [ 641036.999874982167967, 2488687.673337644897401 ], [ 641036.833353105350398, 2488688.017101699486375 ], [ 641036.702143042581156, 2488688.375146875623614 ], [ 641036.607508418383077, 2488688.744025002233684 ], [ 641036.550360616063699, 2488689.120183581020683 ], [ 641036.53125, 2488689.5 ], [ 641036.550360616063699, 2488689.879816418979317 ], [ 641036.607508418383077, 2488690.255974997766316 ], [ 641036.702143042581156, 2488690.624853124376386 ], [ 641036.833353105350398, 2488690.982898300513625 ], [ 641036.999874982167967, 2488691.326662355102599 ], [ 641037.200104976189323, 2488691.652834652923048 ], [ 641037.432114763185382, 2488691.958273976109922 ], [ 641037.693669962114654, 2488692.240038777235895 ], [ 641037.982251653447747, 2488692.495415506884456 ], [ 641038.29508063767571, 2488692.721944747492671 ], [ 641038.629144200705923, 2488692.917444899212569 ], [ 641038.981225127819926, 2488693.080033188685775 ], [ 641039.347932687145658, 2488693.208143800962716 ], [ 641039.725735284504481, 2488693.300542961340398 ], [ 641040.110994474263862, 2488693.356340815778822 ], [ 641040.5, 2488693.375 ], [ 641040.889005525736138, 2488693.356340815778822 ], [ 641041.274264715495519, 2488693.300542961340398 ], [ 641041.652067312854342, 2488693.208143800962716 ], [ 641042.018774872180074, 2488693.080033188685775 ], [ 641042.370855799294077, 2488692.917444899212569 ], [ 641042.70491936232429, 2488692.721944747492671 ], [ 641043.017748346552253, 2488692.495415506884456 ], [ 641043.306330037885346, 2488692.240038777235895 ], [ 641043.567885236814618, 2488691.958273976109922 ], [ 641043.799895023810677, 2488691.652834652923048 ], [ 641044.000125017832033, 2488691.326662355102599 ], [ 641044.166646894649602, 2488690.982898300513625 ], [ 641044.297856957418844, 2488690.624853124376386 ], [ 641044.392491581616923, 2488690.255974997766316 ], [ 641044.449639383936301, 2488689.879816418979317 ], [ 641044.46875, 2488689.5 ] ] ] } },
{ "type": "Feature", "properties": { "xmin": 480.06122, "ymin": 250.41664, "xmax": 504.76422, "ymax": 274.31335, "score": 0.43557027, "label": "Tree", "tile_idx": 1, "geo_xmin": 641044.31, "geo_ymin": 2488797.8, "geo_xmax": 641051.19, "geo_ymax": 2488804.2, "center_x": 641047.75, "center_y": 2488801.0, "width_m": 6.875, "height_m": 6.5, "crown_diameter_m": 6.6848712, "lon": 88.371230235617091, "lat": 22.499849835360337, "crown_area_raw_m2": 35.097481, "crown_area_calibrated_m2": 42.116978, "agb_tree_kg": 69.354570585301943 }, "geometry": { "type": "Polygon", "coordinates": [ [ [ 641051.1875, 2488801.0 ], [ 641051.170947497943416, 2488800.681444293819368 ], [ 641051.121449401369318, 2488800.365956453606486 ], [ 641051.039482404128648, 2488800.056574799120426 ], [ 641050.925835893023759, 2488799.756278845015913 ], [ 641050.781604346237145, 2488799.46796060539782 ], [ 641050.608176792273298, 2488799.194396742619574 ], [ 641050.40722343348898, 2488798.93822182668373 ], [ 641050.180679560289718, 2488798.701902961358428 ], [ 641049.930726914317347, 2488798.487716026604176 ], [ 641049.65977267595008, 2488798.297723759897053 ], [ 641049.370426282868721, 2488798.133755890652537 ], [ 641049.065474298782647, 2488797.997391519136727 ], [ 641048.747853578068316, 2488797.889943908900023 ], [ 641048.420622981968336, 2488797.812447838485241 ], [ 641048.086933919927105, 2488797.765649638138711 ], [ 641047.75, 2488797.75 ], [ 641047.413066080072895, 2488797.765649638138711 ], [ 641047.079377018031664, 2488797.812447838485241 ], [ 641046.752146421931684, 2488797.889943908900023 ], [ 641046.434525701217353, 2488797.997391519136727 ], [ 641046.129573717131279, 2488798.133755890652537 ], [ 641045.84022732404992, 2488798.297723759897053 ], [ 641045.569273085682653, 2488798.487716026604176 ], [ 641045.319320439710282, 2488798.701902961358428 ], [ 641045.09277656651102, 2488798.93822182668373 ], [ 641044.891823207726702, 2488799.194396742619574 ], [ 641044.718395653762855, 2488799.46796060539782 ], [ 641044.574164106976241, 2488799.756278845015913 ], [ 641044.460517595871352, 2488800.056574799120426 ], [ 641044.378550598630682, 2488800.365956453606486 ], [ 641044.329052502056584, 2488800.681444293819368 ], [ 641044.3125, 2488801.0 ], [ 641044.329052502056584, 2488801.318555706180632 ], [ 641044.378550598630682, 2488801.634043546393514 ], [ 641044.460517595871352, 2488801.943425200879574 ], [ 641044.574164106976241, 2488802.243721154984087 ], [ 641044.718395653762855, 2488802.53203939460218 ], [ 641044.891823207726702, 2488802.805603257380426 ], [ 641045.09277656651102, 2488803.06177817331627 ], [ 641045.319320439710282, 2488803.298097038641572 ], [ 641045.569273085682653, 2488803.512283973395824 ], [ 641045.84022732404992, 2488803.702276240102947 ], [ 641046.129573717131279, 2488803.866244109347463 ], [ 641046.434525701217353, 2488804.002608480863273 ], [ 641046.752146421931684, 2488804.110056091099977 ], [ 641047.079377018031664, 2488804.187552161514759 ], [ 641047.413066080072895, 2488804.234350361861289 ], [ 641047.75, 2488804.25 ], [ 641048.086933919927105, 2488804.234350361861289 ], [ 641048.420622981968336, 2488804.187552161514759 ], [ 641048.747853578068316, 2488804.110056091099977 ], [ 641049.065474298782647, 2488804.002608480863273 ], [ 641049.370426282868721, 2488803.866244109347463 ], [ 641049.65977267595008, 2488803.702276240102947 ], [ 641049.930726914317347, 2488803.512283973395824 ], [ 641050.180679560289718, 2488803.298097038641572 ], [ 641050.40722343348898, 2488803.06177817331627 ], [ 641050.608176792273298, 2488802.805603257380426 ], [ 641050.781604346237145, 2488802.53203939460218 ], [ 641050.925835893023759, 2488802.243721154984087 ], [ 641051.039482404128648, 2488801.943425200879574 ], [ 641051.121449401369318, 2488801.634043546393514 ], [ 641051.170947497943416, 2488801.318555706180632 ], [ 641051.1875, 2488801.0 ] ] ] } },
{ "type": "Feature", "properties": { "xmin": 425.29797, "ymin": 692.59155, "xmax": 455.29175, "ymax": 718.28809, "score": 0.43167076, "label": "Tree", "tile_idx": 4, "geo_xmin": 641029.06, "geo_ymin": 2488677.0, "geo_xmax": 641037.38, "geo_ymax": 2488684.0, "center_x": 641033.25, "center_y": 2488680.5, "width_m": 8.3125, "height_m": 7.0, "crown_diameter_m": 7.6280732, "lon": 88.371078574092607, "lat": 22.498762749504579, "crown_area_raw_m2": 45.700359, "crown_area_calibrated_m2": 54.840435, "agb_tree_kg": 95.252573061924167 }, "geometry": { "type": "Polygon", "coordinates": [ [ [ 641037.40625, 2488680.5 ], [ 641037.386236520251259, 2488680.156940008979291 ], [ 641037.326388821704313, 2488679.817183873150498 ], [ 641037.2272832703311, 2488679.484003629535437 ], [ 641037.089874307042919, 2488679.160607986617833 ], [ 641036.915485254954547, 2488678.850111421197653 ], [ 641036.705795576097444, 2488678.555504184216261 ], [ 641036.462824696791358, 2488678.279623505659401 ], [ 641036.188912559300661, 2488678.025126265827566 ], [ 641035.886697087320499, 2488677.794463413301855 ], [ 641035.55908878101036, 2488677.589856356848031 ], [ 641035.209242687444203, 2488677.413275574799627 ], [ 641034.840528015745804, 2488677.266421636100858 ], [ 641034.456495689810254, 2488677.150708824861795 ], [ 641034.060844150837511, 2488677.067251518368721 ], [ 641033.657383739482611, 2488677.016853456851095 ], [ 641033.25, 2488677.0 ], [ 641032.842616260517389, 2488677.016853456851095 ], [ 641032.439155849162489, 2488677.067251518368721 ], [ 641032.043504310189746, 2488677.150708824861795 ], [ 641031.659471984254196, 2488677.266421636100858 ], [ 641031.290757312555797, 2488677.413275574799627 ], [ 641030.94091121898964, 2488677.589856356848031 ], [ 641030.613302912679501, 2488677.794463413301855 ], [ 641030.311087440699339, 2488678.025126265827566 ], [ 641030.037175303208642, 2488678.279623505659401 ], [ 641029.794204423902556, 2488678.555504184216261 ], [ 641029.584514745045453, 2488678.850111421197653 ], [ 641029.410125692957081, 2488679.160607986617833 ], [ 641029.2727167296689, 2488679.484003629535437 ], [ 641029.173611178295687, 2488679.817183873150498 ], [ 641029.113763479748741, 2488680.156940008979291 ], [ 641029.09375, 2488680.5 ], [ 641029.113763479748741, 2488680.843059991020709 ], [ 641029.173611178295687, 2488681.182816126849502 ], [ 641029.2727167296689, 2488681.515996370464563 ], [ 641029.410125692957081, 2488681.839392013382167 ], [ 641029.584514745045453, 2488682.149888578802347 ], [ 641029.794204423902556, 2488682.444495815783739 ], [ 641030.037175303208642, 2488682.720376494340599 ], [ 641030.311087440699339, 2488682.974873734172434 ], [ 641030.613302912679501, 2488683.205536586698145 ], [ 641030.94091121898964, 2488683.410143643151969 ], [ 641031.290757312555797, 2488683.586724425200373 ], [ 641031.659471984254196, 2488683.733578363899142 ], [ 641032.043504310189746, 2488683.849291175138205 ], [ 641032.439155849162489, 2488683.932748481631279 ], [ 641032.842616260517389, 2488683.983146543148905 ], [ 641033.25, 2488684.0 ], [ 641033.657383739482611, 2488683.983146543148905 ], [ 641034.060844150837511, 2488683.932748481631279 ], [ 641034.456495689810254, 2488683.849291175138205 ], [ 641034.840528015745804, 2488683.733578363899142 ], [ 641035.209242687444203, 2488683.586724425200373 ], [ 641035.55908878101036, 2488683.410143643151969 ], [ 641035.886697087320499, 2488683.205536586698145 ], [ 641036.188912559300661, 2488682.974873734172434 ], [ 641036.462824696791358, 2488682.720376494340599 ], [ 641036.705795576097444, 2488682.444495815783739 ], [ 641036.915485254954547, 2488682.149888578802347 ], [ 641037.089874307042919, 2488681.839392013382167 ], [ 641037.2272832703311, 2488681.515996370464563 ], [ 641037.326388821704313, 2488681.182816126849502 ], [ 641037.386236520251259, 2488680.843059991020709 ], [ 641037.40625, 2488680.5 ] ] ] } },
{ "type": "Feature", "properties": { "xmin": 549.03131, "ymin": 233.73456, "xmax": 570.35291, "ymax": 259.97537, "score": 0.42511684, "label": "Tree", "tile_idx": 1, "geo_xmin": 641063.5, "geo_ymin": 2488801.5, "geo_xmax": 641069.44, "geo_ymax": 2488808.8, "center_x": 641066.5, "center_y": 2488805.0, "width_m": 5.9375, "height_m": 7.25, "crown_diameter_m": 6.5610118, "lon": 88.371412834440463, "lat": 22.499884409712912, "crown_area_raw_m2": 33.808941, "crown_area_calibrated_m2": 40.570732, "agb_tree_kg": 66.305454605487824 }, "geometry": { "type": "Polygon", "coordinates": [ [ [ 641069.46875, 2488805.0 ], [ 641069.454454657272436, 2488804.644687866326421 ], [ 641069.411706301150844, 2488804.292797582689673 ], [ 641069.340916621731594, 2488803.947718044742942 ], [ 641069.242767362156883, 2488803.612772557884455 ], [ 641069.11820375348907, 2488803.291186829097569 ], [ 641068.968425411498174, 2488802.986057905480266 ], [ 641068.794874783372506, 2488802.700324344914407 ], [ 641068.599223256693222, 2488802.436737918294966 ], [ 641068.383355062338524, 2488802.197837106417865 ], [ 641068.149349129293114, 2488801.985922655556351 ], [ 641067.899459062493406, 2488801.803035416640341 ], [ 641067.636091439868324, 2488801.650936694815755 ], [ 641067.361782635562122, 2488801.531091283075511 ], [ 641067.079174393438734, 2488801.444653358310461 ], [ 641066.790988385328092, 2488801.392455365974456 ], [ 641066.5, 2488801.375 ], [ 641066.209011614671908, 2488801.392455365974456 ], [ 641065.920825606561266, 2488801.444653358310461 ], [ 641065.638217364437878, 2488801.531091283075511 ], [ 641065.363908560131676, 2488801.650936694815755 ], [ 641065.100540937506594, 2488801.803035416640341 ], [ 641064.850650870706886, 2488801.985922655556351 ], [ 641064.616644937661476, 2488802.197837106417865 ], [ 641064.400776743306778, 2488802.436737918294966 ], [ 641064.205125216627494, 2488802.700324344914407 ], [ 641064.031574588501826, 2488802.986057905480266 ], [ 641063.88179624651093, 2488803.291186829097569 ], [ 641063.757232637843117, 2488803.612772557884455 ], [ 641063.659083378268406, 2488803.947718044742942 ], [ 641063.588293698849156, 2488804.292797582689673 ], [ 641063.545545342727564, 2488804.644687866326421 ], [ 641063.53125, 2488805.0 ], [ 641063.545545342727564, 2488805.355312133673579 ], [ 641063.588293698849156, 2488805.707202417310327 ], [ 641063.659083378268406, 2488806.052281955257058 ], [ 641063.757232637843117, 2488806.387227442115545 ], [ 641063.88179624651093, 2488806.708813170902431 ], [ 641064.031574588501826, 2488807.013942094519734 ], [ 641064.205125216627494, 2488807.299675655085593 ], [ 641064.400776743306778, 2488807.563262081705034 ], [ 641064.616644937661476, 2488807.802162893582135 ], [ 641064.850650870706886, 2488808.014077344443649 ], [ 641065.100540937506594, 2488808.196964583359659 ], [ 641065.363908560131676, 2488808.349063305184245 ], [ 641065.638217364437878, 2488808.468908716924489 ], [ 641065.920825606561266, 2488808.555346641689539 ], [ 641066.209011614671908, 2488808.607544634025544 ], [ 641066.5, 2488808.625 ], [ 641066.790988385328092, 2488808.607544634025544 ], [ 641067.079174393438734, 2488808.555346641689539 ], [ 641067.361782635562122, 2488808.468908716924489 ], [ 641067.636091439868324, 2488808.349063305184245 ], [ 641067.899459062493406, 2488808.196964583359659 ], [ 641068.149349129293114, 2488808.014077344443649 ], [ 641068.383355062338524, 2488807.802162893582135 ], [ 641068.599223256693222, 2488807.563262081705034 ], [ 641068.794874783372506, 2488807.299675655085593 ], [ 641068.968425411498174, 2488807.013942094519734 ], [ 641069.11820375348907, 2488806.708813170902431 ], [ 641069.242767362156883, 2488806.387227442115545 ], [ 641069.340916621731594, 2488806.052281955257058 ], [ 641069.411706301150844, 2488805.707202417310327 ], [ 641069.454454657272436, 2488805.355312133673579 ], [ 641069.46875, 2488805.0 ] ] ] } },
{ "type": "Feature", "properties": { "xmin": 545.23108, "ymin": 33.27713, "xmax": 574.77924, "ymax": 62.47271, "score": 0.42250422, "label": "Tree", "tile_idx": 1, "geo_xmin": 641062.44, "geo_ymin": 2488855.2, "geo_xmax": 641070.69, "geo_ymax": 2488863.2, "center_x": 641066.56, "center_y": 2488859.2, "width_m": 8.25, "height_m": 8.0, "crown_diameter_m": 8.1240387, "lon": 88.371418272749466, "lat": 22.500374358631127, "crown_area_raw_m2": 51.836281, "crown_area_calibrated_m2": 62.203541, "agb_tree_kg": 110.82640810576656 }, "geometry": { "type": "Polygon", "coordinates": [ [ [ 641070.6875, 2488859.25 ], [ 641070.667636997532099, 2488858.857931438833475 ], [ 641070.608239281689748, 2488858.469638711772859 ], [ 641070.509878884884529, 2488858.088861290831119 ], [ 641070.373503071605228, 2488857.719266270752996 ], [ 641070.200425215414725, 2488857.364413052797318 ], [ 641069.992312150774524, 2488857.027719067875296 ], [ 641069.751168120070361, 2488856.712426863145083 ], [ 641069.479315472417511, 2488856.421572875231504 ], [ 641069.17937229713425, 2488856.157958186697215 ], [ 641068.854227211209945, 2488855.924121550749987 ], [ 641068.507011539419182, 2488855.722314942628145 ], [ 641068.141069158562459, 2488855.554481870029122 ], [ 641067.759924293728545, 2488855.422238657251 ], [ 641067.36724757833872, 2488855.326858878601342 ], [ 641066.966820703819394, 2488855.269261093344539 ], [ 641066.5625, 2488855.25 ], [ 641066.158179296180606, 2488855.269261093344539 ], [ 641065.75775242166128, 2488855.326858878601342 ], [ 641065.365075706271455, 2488855.422238657251 ], [ 641064.983930841437541, 2488855.554481870029122 ], [ 641064.617988460580818, 2488855.722314942628145 ], [ 641064.270772788790055, 2488855.924121550749987 ], [ 641063.94562770286575, 2488856.157958186697215 ], [ 641063.645684527582489, 2488856.421572875231504 ], [ 641063.373831879929639, 2488856.712426863145083 ], [ 641063.132687849225476, 2488857.027719067875296 ], [ 641062.924574784585275, 2488857.364413052797318 ], [ 641062.751496928394772, 2488857.719266270752996 ], [ 641062.615121115115471, 2488858.088861290831119 ], [ 641062.516760718310252, 2488858.469638711772859 ], [ 641062.457363002467901, 2488858.857931438833475 ], [ 641062.4375, 2488859.25 ], [ 641062.457363002467901, 2488859.642068561166525 ], [ 641062.516760718310252, 2488860.030361288227141 ], [ 641062.615121115115471, 2488860.411138709168881 ], [ 641062.751496928394772, 2488860.780733729247004 ], [ 641062.924574784585275, 2488861.135586947202682 ], [ 641063.132687849225476, 2488861.472280932124704 ], [ 641063.373831879929639, 2488861.787573136854917 ], [ 641063.645684527582489, 2488862.078427124768496 ], [ 641063.94562770286575, 2488862.342041813302785 ], [ 641064.270772788790055, 2488862.575878449250013 ], [ 641064.617988460580818, 2488862.777685057371855 ], [ 641064.983930841437541, 2488862.945518129970878 ], [ 641065.365075706271455, 2488863.077761342749 ], [ 641065.75775242166128, 2488863.173141121398658 ], [ 641066.158179296180606, 2488863.230738906655461 ], [ 641066.5625, 2488863.25 ], [ 641066.966820703819394, 2488863.230738906655461 ], [ 641067.36724757833872, 2488863.173141121398658 ], [ 641067.759924293728545, 2488863.077761342749 ], [ 641068.141069158562459, 2488862.945518129970878 ], [ 641068.507011539419182, 2488862.777685057371855 ], [ 641068.854227211209945, 2488862.575878449250013 ], [ 641069.17937229713425, 2488862.342041813302785 ], [ 641069.479315472417511, 2488862.078427124768496 ], [ 641069.751168120070361, 2488861.787573136854917 ], [ 641069.992312150774524, 2488861.472280932124704 ], [ 641070.200425215414725, 2488861.135586947202682 ], [ 641070.373503071605228, 2488860.780733729247004 ], [ 641070.509878884884529, 2488860.411138709168881 ], [ 641070.608239281689748, 2488860.030361288227141 ], [ 641070.667636997532099, 2488859.642068561166525 ], [ 641070.6875, 2488859.25 ] ] ] } },
{ "type": "Feature", "properties": { "xmin": 605.89307, "ymin": 181.7345, "xmax": 641.02679, "ymax": 212.19244, "score": 0.42228344, "label": "Tree", "tile_idx": 1, "geo_xmin": 641079.31, "geo_ymin": 2488814.5, "geo_xmax": 641089.12, "geo_ymax": 2488822.8, "center_x": 641084.25, "center_y": 2488818.5, "width_m": 9.8125, "height_m": 8.25, "crown_diameter_m": 8.9973955, "lon": 88.371586559782443, "lat": 22.500004865013683, "crown_area_raw_m2": 63.580441, "crown_area_calibrated_m2": 76.296532, "agb_tree_kg": 141.66032243917672 }, "geometry": { "type": "Polygon", "coordinates": [ [ [ 641089.15625, 2488818.5 ], [ 641089.132625065278262, 2488818.095679296180606 ], [ 641089.061977781937458, 2488817.695252421777695 ], [ 641088.944988522212952, 2488817.302575706504285 ], [ 641088.782783956383355, 2488816.921430841553956 ], [ 641088.576926203211769, 2488816.555488460697234 ], [ 641088.329397785360925, 2488816.208272788673639 ], [ 641088.042582536814734, 2488815.88312770286575 ], [ 641087.719242645194754, 2488815.583184527698904 ], [ 641087.362492050393485, 2488815.311331879813224 ], [ 641086.975766455754638, 2488815.070187849458307 ], [ 641086.562790240044706, 2488814.862074784468859 ], [ 641086.127540590008721, 2488814.688996928278357 ], [ 641085.674209197750315, 2488814.552621114999056 ], [ 641085.207161892438307, 2488814.454260718543082 ], [ 641084.730896594701335, 2488814.394863002467901 ], [ 641084.25, 2488814.375 ], [ 641083.769103405298665, 2488814.394863002467901 ], [ 641083.292838107561693, 2488814.454260718543082 ], [ 641082.825790802249685, 2488814.552621114999056 ], [ 641082.372459409991279, 2488814.688996928278357 ], [ 641081.937209759955294, 2488814.862074784468859 ], [ 641081.524233544245362, 2488815.070187849458307 ], [ 641081.137507949606515, 2488815.311331879813224 ], [ 641080.780757354805246, 2488815.583184527698904 ], [ 641080.457417463185266, 2488815.88312770286575 ], [ 641080.170602214639075, 2488816.208272788673639 ], [ 641079.923073796788231, 2488816.555488460697234 ], [ 641079.717216043616645, 2488816.921430841553956 ], [ 641079.555011477787048, 2488817.302575706504285 ], [ 641079.438022218062542, 2488817.695252421777695 ], [ 641079.367374934721738, 2488818.095679296180606 ], [ 641079.34375, 2488818.5 ], [ 641079.367374934721738, 2488818.904320703819394 ], [ 641079.438022218062542, 2488819.304747578222305 ], [ 641079.555011477787048, 2488819.697424293495715 ], [ 641079.717216043616645, 2488820.078569158446044 ], [ 641079.923073796788231, 2488820.444511539302766 ], [ 641080.170602214639075, 2488820.791727211326361 ], [ 641080.457417463185266, 2488821.11687229713425 ], [ 641080.780757354805246, 2488821.416815472301096 ], [ 641081.137507949606515, 2488821.688668120186776 ], [ 641081.524233544245362, 2488821.929812150541693 ], [ 641081.937209759955294, 2488822.137925215531141 ], [ 641082.372459409991279, 2488822.311003071721643 ], [ 641082.825790802249685, 2488822.447378885000944 ], [ 641083.292838107561693, 2488822.545739281456918 ], [ 641083.769103405298665, 2488822.605136997532099 ], [ 641084.25, 2488822.625 ], [ 641084.730896594701335, 2488822.605136997532099 ], [ 641085.207161892438307, 2488822.545739281456918 ], [ 641085.674209197750315, 2488822.447378885000944 ], [ 641086.127540590008721, 2488822.311003071721643 ], [ 641086.562790240044706, 2488822.137925215531141 ], [ 641086.975766455754638, 2488821.929812150541693 ], [ 641087.362492050393485, 2488821.688668120186776 ], [ 641087.719242645194754, 2488821.416815472301096 ], [ 641088.042582536814734, 2488821.11687229713425 ], [ 641088.329397785360925, 2488820.791727211326361 ], [ 641088.576926203211769, 2488820.444511539302766 ], [ 641088.782783956383355, 2488820.078569158446044 ], [ 641088.944988522212952, 2488819.697424293495715 ], [ 641089.061977781937458, 2488819.304747578222305 ], [ 641089.132625065278262, 2488818.904320703819394 ], [ 641089.15625, 2488818.5 ] ] ] } },
{ "type": "Feature", "properties": { "xmin": 617.4726, "ymin": 320.3349, "xmax": 633.42303, "ymax": 335.88953, "score": 0.41947407, "label": "Tree", "tile_idx": 4, "geo_xmin": 641082.56, "geo_ymin": 2488781.0, "geo_xmax": 641087.0, "geo_ymax": 2488785.2, "center_x": 641084.75, "center_y": 2488783.0, "width_m": 4.4375, "height_m": 4.25, "crown_diameter_m": 4.3427382, "lon": 88.371588258043957, "lat": 22.499684208531036, "crown_area_raw_m2": 14.812119, "crown_area_calibrated_m2": 17.774544, "agb_tree_kg": 24.588679729796993 }, "geometry": { "type": "Polygon", "coordinates": [ [ [ 641086.96875, 2488783.0 ], [ 641086.958066112361848, 2488782.791713576763868 ], [ 641086.926117340917699, 2488782.585433065891266 ], [ 641086.873211369849741, 2488782.383145060855895 ], [ 641086.799857712816447, 2488782.186797706410289 ], [ 641086.706762805231847, 2488781.998281934298575 ], [ 641086.594823202351108, 2488781.819413254968822 ], [ 641086.46511694334913, 2488781.651914271060377 ], [ 641086.318893170799129, 2488781.497398090083152 ], [ 641086.157560099265538, 2488781.357352786697447 ], [ 641085.982671454548836, 2488781.233127073850483 ], [ 641085.795911509776488, 2488781.125917313154787 ], [ 641085.599078865605406, 2488781.036755993496627 ], [ 641085.39406912762206, 2488780.966501786373556 ], [ 641085.182856651954353, 2488780.915831279009581 ], [ 641084.967475530109368, 2488780.885232456028461 ], [ 641084.75, 2488780.875 ], [ 641084.532524469890632, 2488780.885232456028461 ], [ 641084.317143348045647, 2488780.915831279009581 ], [ 641084.10593087237794, 2488780.966501786373556 ], [ 641083.900921134394594, 2488781.036755993496627 ], [ 641083.704088490223512, 2488781.125917313154787 ], [ 641083.517328545451164, 2488781.233127073850483 ], [ 641083.342439900734462, 2488781.357352786697447 ], [ 641083.181106829200871, 2488781.497398090083152 ], [ 641083.03488305665087, 2488781.651914271060377 ], [ 641082.905176797648892, 2488781.819413254968822 ], [ 641082.793237194768153, 2488781.998281934298575 ], [ 641082.700142287183553, 2488782.186797706410289 ], [ 641082.626788630150259, 2488782.383145060855895 ], [ 641082.573882659082301, 2488782.585433065891266 ], [ 641082.541933887638152, 2488782.791713576763868 ], [ 641082.53125, 2488783.0 ], [ 641082.541933887638152, 2488783.208286423236132 ], [ 641082.573882659082301, 2488783.414566934108734 ], [ 641082.626788630150259, 2488783.616854939144105 ], [ 641082.700142287183553, 2488783.813202293589711 ], [ 641082.793237194768153, 2488784.001718065701425 ], [ 641082.905176797648892, 2488784.180586745031178 ], [ 641083.03488305665087, 2488784.348085728939623 ], [ 641083.181106829200871, 2488784.502601909916848 ], [ 641083.342439900734462, 2488784.642647213302553 ], [ 641083.517328545451164, 2488784.766872926149517 ], [ 641083.704088490223512, 2488784.874082686845213 ], [ 641083.900921134394594, 2488784.963244006503373 ], [ 641084.10593087237794, 2488785.033498213626444 ], [ 641084.317143348045647, 2488785.084168720990419 ], [ 641084.532524469890632, 2488785.114767543971539 ], [ 641084.75, 2488785.125 ], [ 641084.967475530109368, 2488785.114767543971539 ], [ 641085.182856651954353, 2488785.084168720990419 ], [ 641085.39406912762206, 2488785.033498213626444 ], [ 641085.599078865605406, 2488784.963244006503373 ], [ 641085.795911509776488, 2488784.874082686845213 ], [ 641085.982671454548836, 2488784.766872926149517 ], [ 641086.157560099265538, 2488784.642647213302553 ], [ 641086.318893170799129, 2488784.502601909916848 ], [ 641086.46511694334913, 2488784.348085728939623 ], [ 641086.594823202351108, 2488784.180586745031178 ], [ 641086.706762805231847, 2488784.001718065701425 ], [ 641086.799857712816447, 2488783.813202293589711 ], [ 641086.873211369849741, 2488783.616854939144105 ], [ 641086.926117340917699, 2488783.414566934108734 ], [ 641086.958066112361848, 2488783.208286423236132 ], [ 641086.96875, 2488783.0 ] ] ] } },
{ "type": "Feature", "properties": { "xmin": 270.31476, "ymin": 203.29756, "xmax": 306.90576, "ymax": 235.28209, "score": 0.41010776, "label": "Tree", "tile_idx": 0, "geo_xmin": 640985.88, "geo_ymin": 2488808.2, "geo_xmax": 640996.06, "geo_ymax": 2488817.0, "center_x": 640991.0, "center_y": 2488812.5, "width_m": 10.1875, "height_m": 8.75, "crown_diameter_m": 9.441431, "lon": 88.370679671287434, "lat": 22.499958390630791, "crown_area_raw_m2": 70.01088, "crown_area_calibrated_m2": 84.013062, "agb_tree_kg": 159.05317498680432 }, "geometry": { "type": "Polygon", "coordinates": [ [ [ 640996.09375, 2488812.5 ], [ 640996.069222201476805, 2488812.071175010874867 ], [ 640995.995875022024848, 2488811.646479841321707 ], [ 640995.874414835125208, 2488811.230004536919296 ], [ 640995.706011368776672, 2488810.825759983621538 ], [ 640995.492286440217867, 2488810.437639276497066 ], [ 640995.235298337647691, 2488810.069380230735987 ], [ 640994.937521996791475, 2488809.724529381841421 ], [ 640994.601825166726485, 2488809.406407832168043 ], [ 640994.231440791161731, 2488809.118079266510904 ], [ 640993.829935874440707, 2488808.862320445943624 ], [ 640993.401177128194831, 2488808.641594468615949 ], [ 640992.94929373357445, 2488808.458027045242488 ], [ 640992.478637574822642, 2488808.313386030960828 ], [ 640991.993741327780299, 2488808.209064398426563 ], [ 640991.499274808564223, 2488808.146066820714623 ], [ 640991.0, 2488808.125 ], [ 640990.500725191435777, 2488808.146066820714623 ], [ 640990.006258672219701, 2488808.209064398426563 ], [ 640989.521362425177358, 2488808.313386030960828 ], [ 640989.05070626642555, 2488808.458027045242488 ], [ 640988.598822871805169, 2488808.641594468615949 ], [ 640988.170064125559293, 2488808.862320445943624 ], [ 640987.768559208838269, 2488809.118079266510904 ], [ 640987.398174833273515, 2488809.406407832168043 ], [ 640987.062478003208525, 2488809.724529381841421 ], [ 640986.764701662352309, 2488810.069380230735987 ], [ 640986.507713559782133, 2488810.437639276497066 ], [ 640986.293988631223328, 2488810.825759983621538 ], [ 640986.125585164874792, 2488811.230004536919296 ], [ 640986.004124977975152, 2488811.646479841321707 ], [ 640985.930777798523195, 2488812.071175010874867 ], [ 640985.90625, 2488812.5 ], [ 640985.930777798523195, 2488812.928824989125133 ], [ 640986.004124977975152, 2488813.353520158678293 ], [ 640986.125585164874792, 2488813.769995463080704 ], [ 640986.293988631223328, 2488814.174240016378462 ], [ 640986.507713559782133, 2488814.562360723502934 ], [ 640986.764701662352309, 2488814.930619769264013 ], [ 640987.062478003208525, 2488815.275470618158579 ], [ 640987.398174833273515, 2488815.593592167831957 ], [ 640987.768559208838269, 2488815.881920733489096 ], [ 640988.170064125559293, 2488816.137679554056376 ], [ 640988.598822871805169, 2488816.358405531384051 ], [ 640989.05070626642555, 2488816.541972954757512 ], [ 640989.521362425177358, 2488816.686613969039172 ], [ 640990.006258672219701, 2488816.790935601573437 ], [ 640990.500725191435777, 2488816.853933179285377 ], [ 640991.0, 2488816.875 ], [ 640991.499274808564223, 2488816.853933179285377 ], [ 640991.993741327780299, 2488816.790935601573437 ], [ 640992.478637574822642, 2488816.686613969039172 ], [ 640992.94929373357445, 2488816.541972954757512 ], [ 640993.401177128194831, 2488816.358405531384051 ], [ 640993.829935874440707, 2488816.137679554056376 ], [ 640994.231440791161731, 2488815.881920733489096 ], [ 640994.601825166726485, 2488815.593592167831957 ], [ 640994.937521996791475, 2488815.275470618158579 ], [ 640995.235298337647691, 2488814.930619769264013 ], [ 640995.492286440217867, 2488814.562360723502934 ], [ 640995.706011368776672, 2488814.174240016378462 ], [ 640995.874414835125208, 2488813.769995463080704 ], [ 640995.995875022024848, 2488813.353520158678293 ], [ 640996.069222201476805, 2488812.928824989125133 ], [ 640996.09375, 2488812.5 ] ] ] } },
{ "type": "Feature", "properties": { "xmin": 24.231043, "ymin": 547.15692, "xmax": 57.182907, "ymax": 582.86267, "score": 0.40844128, "label": "Tree", "tile_idx": 3, "geo_xmin": 640917.38, "geo_ymin": 2488713.8, "geo_xmax": 640926.56, "geo_ymax": 2488723.5, "center_x": 640922.0, "center_y": 2488718.5, "width_m": 9.1875, "height_m": 9.75, "crown_diameter_m": 9.464572, "lon": 88.370000655940046, "lat": 22.499115142086755, "crown_area_raw_m2": 70.3545, "crown_area_calibrated_m2": 84.4254, "agb_tree_kg": 159.99196014190272 }, "geometry": { "type": "Polygon", "coordinates": [ [ [ 640926.59375, 2488718.5 ], [ 640926.57162983820308, 2488718.022166440729052 ], [ 640926.505482381908223, 2488717.548934679944068 ], [ 640926.395944667281583, 2488717.084862198214978 ], [ 640926.244071602472104, 2488716.634418267291039 ], [ 640926.051325808046386, 2488716.201940908096731 ], [ 640925.819563531549647, 2488715.791595113929361 ], [ 640925.551016770186834, 2488715.407332739792764 ], [ 640925.248271776130423, 2488715.052854441571981 ], [ 640924.914244149113074, 2488714.731574039906263 ], [ 640924.552150757983327, 2488714.44658563984558 ], [ 640924.165478759794496, 2488714.200633836444467 ], [ 640923.757952017476782, 2488713.996087279170752 ], [ 640923.333495236118324, 2488713.834915863350034 ], [ 640922.896196166751906, 2488713.718671758193523 ], [ 640922.450266238418408, 2488713.648474457673728 ], [ 640922.0, 2488713.625 ], [ 640921.549733761581592, 2488713.648474457673728 ], [ 640921.103803833248094, 2488713.718671758193523 ], [ 640920.666504763881676, 2488713.834915863350034 ], [ 640920.242047982523218, 2488713.996087279170752 ], [ 640919.834521240205504, 2488714.200633836444467 ], [ 640919.447849242016673, 2488714.44658563984558 ], [ 640919.085755850886926, 2488714.731574039906263 ], [ 640918.751728223869577, 2488715.052854441571981 ], [ 640918.448983229813166, 2488715.407332739792764 ], [ 640918.180436468450353, 2488715.791595113929361 ], [ 640917.948674191953614, 2488716.201940908096731 ], [ 640917.755928397527896, 2488716.634418267291039 ], [ 640917.604055332718417, 2488717.084862198214978 ], [ 640917.494517618091777, 2488717.548934679944068 ], [ 640917.42837016179692, 2488718.022166440729052 ], [ 640917.40625, 2488718.5 ], [ 640917.42837016179692, 2488718.977833559270948 ], [ 640917.494517618091777, 2488719.451065320055932 ], [ 640917.604055332718417, 2488719.915137801785022 ], [ 640917.755928397527896, 2488720.365581732708961 ], [ 640917.948674191953614, 2488720.798059091903269 ], [ 640918.180436468450353, 2488721.208404886070639 ], [ 640918.448983229813166, 2488721.592667260207236 ], [ 640918.751728223869577, 2488721.947145558428019 ], [ 640919.085755850886926, 2488722.268425960093737 ], [ 640919.447849242016673, 2488722.55341436015442 ], [ 640919.834521240205504, 2488722.799366163555533 ], [ 640920.242047982523218, 2488723.003912720829248 ], [ 640920.666504763881676, 2488723.165084136649966 ], [ 640921.103803833248094, 2488723.281328241806477 ], [ 640921.549733761581592, 2488723.351525542326272 ], [ 640922.0, 2488723.375 ], [ 640922.450266238418408, 2488723.351525542326272 ], [ 640922.896196166751906, 2488723.281328241806477 ], [ 640923.333495236118324, 2488723.165084136649966 ], [ 640923.757952017476782, 2488723.003912720829248 ], [ 640924.165478759794496, 2488722.799366163555533 ], [ 640924.552150757983327, 2488722.55341436015442 ], [ 640924.914244149113074, 2488722.268425960093737 ], [ 640925.248271776130423, 2488721.947145558428019 ], [ 640925.551016770186834, 2488721.592667260207236 ], [ 640925.819563531549647, 2488721.208404886070639 ], [ 640926.051325808046386, 2488720.798059091903269 ], [ 640926.244071602472104, 2488720.365581732708961 ], [ 640926.395944667281583, 2488719.915137801785022 ], [ 640926.505482381908223, 2488719.451065320055932 ], [ 640926.57162983820308, 2488718.977833559270948 ], [ 640926.59375, 2488718.5 ] ] ] } },
{ "type": "Feature", "properties": { "xmin": 621.95435, "ymin": 0.0, "xmax": 653.34485, "ymax": 21.348417, "score": 0.40714118, "label": "Tree", "tile_idx": 1, "geo_xmin": 641083.81, "geo_ymin": 2488866.5, "geo_xmax": 641092.56, "geo_ymax": 2488872.2, "center_x": 641088.19, "center_y": 2488869.5, "width_m": 8.75, "height_m": 5.75, "crown_diameter_m": 7.0931306, "lon": 88.371629372926407, "lat": 22.500465141126263, "crown_area_raw_m2": 39.515347, "crown_area_calibrated_m2": 47.418419, "agb_tree_kg": 79.977137314319023 }, "geometry": { "type": "Polygon", "coordinates": [ [ [ 641092.5625, 2488869.5 ], [ 641092.541433179168962, 2488869.218200721777976 ], [ 641092.478435601806268, 2488868.939115324057639 ], [ 641092.374113968806341, 2488868.665431553032249 ], [ 641092.229472954757512, 2488868.399785132147372 ], [ 641092.045905531500466, 2488868.144734381698072 ], [ 641091.825179553823546, 2488867.902735580224544 ], [ 641091.569420733489096, 2488867.676119307987392 ], [ 641091.281092167715542, 2488867.467068003956228 ], [ 641090.962970618158579, 2488867.277594946790487 ], [ 641090.618119769496843, 2488867.109524864703417 ], [ 641090.249860723619349, 2488866.964476365130395 ], [ 641089.861740016611293, 2488866.84384634392336 ], [ 641089.457495462964289, 2488866.748796534724534 ], [ 641089.041020158794709, 2488866.680242318660021 ], [ 641088.616324988892302, 2488866.638843910768628 ], [ 641088.1875, 2488866.625 ], [ 641087.758675011107698, 2488866.638843910768628 ], [ 641087.333979841205291, 2488866.680242318660021 ], [ 641086.917504537035711, 2488866.748796534724534 ], [ 641086.513259983388707, 2488866.84384634392336 ], [ 641086.125139276380651, 2488866.964476365130395 ], [ 641085.756880230503157, 2488867.109524864703417 ], [ 641085.412029381841421, 2488867.277594946790487 ], [ 641085.093907832284458, 2488867.467068003956228 ], [ 641084.805579266510904, 2488867.676119307987392 ], [ 641084.549820446176454, 2488867.902735580224544 ], [ 641084.329094468499534, 2488868.144734381698072 ], [ 641084.145527045242488, 2488868.399785132147372 ], [ 641084.000886031193659, 2488868.665431553032249 ], [ 641083.896564398193732, 2488868.939115324057639 ], [ 641083.833566820831038, 2488869.218200721777976 ], [ 641083.8125, 2488869.5 ], [ 641083.833566820831038, 2488869.781799278222024 ], [ 641083.896564398193732, 2488870.060884675942361 ], [ 641084.000886031193659, 2488870.334568446967751 ], [ 641084.145527045242488, 2488870.600214867852628 ], [ 641084.329094468499534, 2488870.855265618301928 ], [ 641084.549820446176454, 2488871.097264419775456 ], [ 641084.805579266510904, 2488871.323880692012608 ], [ 641085.093907832284458, 2488871.532931996043772 ], [ 641085.412029381841421, 2488871.722405053209513 ], [ 641085.756880230503157, 2488871.890475135296583 ], [ 641086.125139276380651, 2488872.035523634869605 ], [ 641086.513259983388707, 2488872.15615365607664 ], [ 641086.917504537035711, 2488872.251203465275466 ], [ 641087.333979841205291, 2488872.319757681339979 ], [ 641087.758675011107698, 2488872.361156089231372 ], [ 641088.1875, 2488872.375 ], [ 641088.616324988892302, 2488872.361156089231372 ], [ 641089.041020158794709, 2488872.319757681339979 ], [ 641089.457495462964289, 2488872.251203465275466 ], [ 641089.861740016611293, 2488872.15615365607664 ], [ 641090.249860723619349, 2488872.035523634869605 ], [ 641090.618119769496843, 2488871.890475135296583 ], [ 641090.962970618158579, 2488871.722405053209513 ], [ 641091.281092167715542, 2488871.532931996043772 ], [ 641091.569420733489096, 2488871.323880692012608 ], [ 641091.825179553823546, 2488871.097264419775456 ], [ 641092.045905531500466, 2488870.855265618301928 ], [ 641092.229472954757512, 2488870.600214867852628 ], [ 641092.374113968806341, 2488870.334568446967751 ], [ 641092.478435601806268, 2488870.060884675942361 ], [ 641092.541433179168962, 2488869.781799278222024 ], [ 641092.5625, 2488869.5 ] ] ] } },
{ "type": "Feature", "properties": { "xmin": 912.92749, "ymin": 598.90814, "xmax": 944.87598, "ymax": 631.38684, "score": 0.40542695, "label": "Tree", "tile_idx": 5, "geo_xmin": 641164.81, "geo_ymin": 2488700.5, "geo_xmax": 641173.75, "geo_ymax": 2488709.5, "center_x": 641169.25, "center_y": 2488705.0, "width_m": 8.9375, "height_m": 9.0, "crown_diameter_m": 8.9686956, "lon": 88.37240261318702, "lat": 22.498972764056965, "crown_area_raw_m2": 63.175468, "crown_area_calibrated_m2": 75.810562, "agb_tree_kg": 140.57646360865124 }, "geometry": { "type": "Polygon", "coordinates": [ [ [ 641173.71875, 2488705.0 ], [ 641173.697231747326441, 2488704.55892286868766 ], [ 641173.632884221849963, 2488704.122093550860882 ], [ 641173.526327125262469, 2488703.693718952126801 ], [ 641173.37858666095417, 2488703.277924554422498 ], [ 641173.191085650003515, 2488702.878714684396982 ], [ 641172.965629830025136, 2488702.499933951534331 ], [ 641172.704390463419259, 2488702.145230221096426 ], [ 641172.409883428481407, 2488701.818019484635442 ], [ 641172.08494498860091, 2488701.521452960092574 ], [ 641171.73270447878167, 2488701.258386744651943 ], [ 641171.356554167694412, 2488701.031354310456663 ], [ 641170.960116588394158, 2488700.842542103491724 ], [ 641170.547209651442245, 2488700.693768489174545 ], [ 641170.121809876523912, 2488700.586466238368303 ], [ 641169.688014095881954, 2488700.521668729837984 ], [ 641169.25, 2488700.5 ], [ 641168.811985904118046, 2488700.521668729837984 ], [ 641168.378190123476088, 2488700.586466238368303 ], [ 641167.952790348557755, 2488700.693768489174545 ], [ 641167.539883411605842, 2488700.842542103491724 ], [ 641167.143445832305588, 2488701.031354310456663 ], [ 641166.76729552121833, 2488701.258386744651943 ], [ 641166.41505501139909, 2488701.521452960092574 ], [ 641166.090116571518593, 2488701.818019484635442 ], [ 641165.795609536580741, 2488702.145230221096426 ], [ 641165.534370169974864, 2488702.499933951534331 ], [ 641165.308914349996485, 2488702.878714684396982 ], [ 641165.12141333904583, 2488703.277924554422498 ], [ 641164.973672874737531, 2488703.693718952126801 ], [ 641164.867115778150037, 2488704.122093550860882 ], [ 641164.802768252673559, 2488704.55892286868766 ], [ 641164.78125, 2488705.0 ], [ 641164.802768252673559, 2488705.44107713131234 ], [ 641164.867115778150037, 2488705.877906449139118 ], [ 641164.973672874737531, 2488706.306281047873199 ], [ 641165.12141333904583, 2488706.722075445577502 ], [ 641165.308914349996485, 2488707.121285315603018 ], [ 641165.534370169974864, 2488707.500066048465669 ], [ 641165.795609536580741, 2488707.854769778903574 ], [ 641166.090116571518593, 2488708.181980515364558 ], [ 641166.41505501139909, 2488708.478547039907426 ], [ 641166.76729552121833, 2488708.741613255348057 ], [ 641167.143445832305588, 2488708.968645689543337 ], [ 641167.539883411605842, 2488709.157457896508276 ], [ 641167.952790348557755, 2488709.306231510825455 ], [ 641168.378190123476088, 2488709.413533761631697 ], [ 641168.811985904118046, 2488709.478331270162016 ], [ 641169.25, 2488709.5 ], [ 641169.688014095881954, 2488709.478331270162016 ], [ 641170.121809876523912, 2488709.413533761631697 ], [ 641170.547209651442245, 2488709.306231510825455 ], [ 641170.960116588394158, 2488709.157457896508276 ], [ 641171.356554167694412, 2488708.968645689543337 ], [ 641171.73270447878167, 2488708.741613255348057 ], [ 641172.08494498860091, 2488708.478547039907426 ], [ 641172.409883428481407, 2488708.181980515364558 ], [ 641172.704390463419259, 2488707.854769778903574 ], [ 641172.965629830025136, 2488707.500066048465669 ], [ 641173.191085650003515, 2488707.121285315603018 ], [ 641173.37858666095417, 2488706.722075445577502 ], [ 641173.526327125262469, 2488706.306281047873199 ], [ 641173.632884221849963, 2488705.877906449139118 ], [ 641173.697231747326441, 2488705.44107713131234 ], [ 641173.71875, 2488705.0 ] ] ] } },
{ "type": "Feature", "properties": { "xmin": 322.16672, "ymin": 21.967388, "xmax": 345.99039, "ymax": 45.048115, "score": 0.40507963, "label": "Tree", "tile_idx": 0, "geo_xmin": 641000.31, "geo_ymin": 2488860.0, "geo_xmax": 641006.94, "geo_ymax": 2488866.2, "center_x": 641003.62, "center_y": 2488863.0, "width_m": 6.625, "height_m": 6.25, "crown_diameter_m": 6.4347687, "lon": 88.370806876369855, "lat": 22.500413432938011, "crown_area_raw_m2": 32.520393, "crown_area_calibrated_m2": 39.024475, "agb_tree_kg": 63.279726800172277 }, "geometry": { "type": "Polygon", "coordinates": [ [ [ 641006.9375, 2488863.0 ], [ 641006.921549407066777, 2488862.693696436472237 ], [ 641006.873851241311058, 2488862.39034274360165 ], [ 641006.794864862109534, 2488862.09286038344726 ], [ 641006.68535095138941, 2488861.804114273749292 ], [ 641006.546364188194275, 2488861.526885197497904 ], [ 641006.379243090748787, 2488861.263843021821231 ], [ 641006.185597126721404, 2488861.017520986963063 ], [ 641005.967291212640703, 2488860.790291308891028 ], [ 641005.726427753805183, 2488860.584342333022505 ], [ 641005.465326396864839, 2488860.401657461654395 ], [ 641005.186501690768637, 2488860.243996048811823 ], [ 641004.892638869700022, 2488860.112876460887492 ], [ 641004.586567993392237, 2488860.009561450686306 ], [ 641004.271236691623926, 2488859.935045998543501 ], [ 641003.949681777390651, 2488859.89004772901535 ], [ 641003.625, 2488859.875 ], [ 641003.300318222609349, 2488859.89004772901535 ], [ 641002.978763308376074, 2488859.935045998543501 ], [ 641002.663432006607763, 2488860.009561450686306 ], [ 641002.357361130299978, 2488860.112876460887492 ], [ 641002.063498309231363, 2488860.243996048811823 ], [ 641001.784673603135161, 2488860.401657461654395 ], [ 641001.523572246194817, 2488860.584342333022505 ], [ 641001.282708787359297, 2488860.790291308891028 ], [ 641001.064402873278596, 2488861.017520986963063 ], [ 641000.870756909251213, 2488861.263843021821231 ], [ 641000.703635811805725, 2488861.526885197497904 ], [ 641000.56464904861059, 2488861.804114273749292 ], [ 641000.455135137890466, 2488862.09286038344726 ], [ 641000.376148758688942, 2488862.39034274360165 ], [ 641000.328450592933223, 2488862.693696436472237 ], [ 641000.3125, 2488863.0 ], [ 641000.328450592933223, 2488863.306303563527763 ], [ 641000.376148758688942, 2488863.60965725639835 ], [ 641000.455135137890466, 2488863.90713961655274 ], [ 641000.56464904861059, 2488864.195885726250708 ], [ 641000.703635811805725, 2488864.473114802502096 ], [ 641000.870756909251213, 2488864.736156978178769 ], [ 641001.064402873278596, 2488864.982479013036937 ], [ 641001.282708787359297, 2488865.209708691108972 ], [ 641001.523572246194817, 2488865.415657666977495 ], [ 641001.784673603135161, 2488865.598342538345605 ], [ 641002.063498309231363, 2488865.756003951188177 ], [ 641002.357361130299978, 2488865.887123539112508 ], [ 641002.663432006607763, 2488865.990438549313694 ], [ 641002.978763308376074, 2488866.064954001456499 ], [ 641003.300318222609349, 2488866.10995227098465 ], [ 641003.625, 2488866.125 ], [ 641003.949681777390651, 2488866.10995227098465 ], [ 641004.271236691623926, 2488866.064954001456499 ], [ 641004.586567993392237, 2488865.990438549313694 ], [ 641004.892638869700022, 2488865.887123539112508 ], [ 641005.186501690768637, 2488865.756003951188177 ], [ 641005.465326396864839, 2488865.598342538345605 ], [ 641005.726427753805183, 2488865.415657666977495 ], [ 641005.967291212640703, 2488865.209708691108972 ], [ 641006.185597126721404, 2488864.982479013036937 ], [ 641006.379243090748787, 2488864.736156978178769 ], [ 641006.546364188194275, 2488864.473114802502096 ], [ 641006.68535095138941, 2488864.195885726250708 ], [ 641006.794864862109534, 2488863.90713961655274 ], [ 641006.873851241311058, 2488863.60965725639835 ], [ 641006.921549407066777, 2488863.306303563527763 ], [ 641006.9375, 2488863.0 ] ] ] } },
{ "type": "Feature", "properties": { "xmin": 995.09436, "ymin": 925.58618, "xmax": 1024.0, "ymax": 969.25793, "score": 0.40466297, "label": "Tree", "tile_idx": 8, "geo_xmin": 641187.69, "geo_ymin": 2488608.8, "geo_xmax": 641195.75, "geo_ymax": 2488620.8, "center_x": 641191.75, "center_y": 2488614.8, "width_m": 8.0625, "height_m": 12.0, "crown_diameter_m": 9.8361578, "lon": 88.372613259899211, "lat": 22.498155816293835, "crown_area_raw_m2": 75.987274, "crown_area_calibrated_m2": 91.184731, "agb_tree_kg": 175.51081447810782 }, "geometry": { "type": "Polygon", "coordinates": [ [ [ 641195.78125, 2488614.75 ], [ 641195.76183842937462, 2488614.161897158250213 ], [ 641195.703790661646053, 2488613.57945806812495 ], [ 641195.607665728428401, 2488613.008291936479509 ], [ 641195.47438936540857, 2488612.453899405896664 ], [ 641195.305245096911676, 2488611.921619579195976 ], [ 641195.101861874572933, 2488611.416578602045774 ], [ 641194.866198390140198, 2488610.943640294950455 ], [ 641194.600524211651646, 2488610.507359312847257 ], [ 641194.307397926808335, 2488610.111937279812992 ], [ 641193.989642501808703, 2488609.761182326357812 ], [ 641193.650318095344119, 2488609.458472413942218 ], [ 641193.292692586779594, 2488609.206722804810852 ], [ 641192.920210105134174, 2488609.008357985410839 ], [ 641192.536457860609517, 2488608.865288317669183 ], [ 641192.145131596946158, 2488608.778891639783978 ], [ 641191.75, 2488608.75 ], [ 641191.354868403053842, 2488608.778891639783978 ], [ 641190.963542139390483, 2488608.865288317669183 ], [ 641190.579789894865826, 2488609.008357985410839 ], [ 641190.207307413220406, 2488609.206722804810852 ], [ 641189.849681904655881, 2488609.458472413942218 ], [ 641189.510357498191297, 2488609.761182326357812 ], [ 641189.192602073191665, 2488610.111937279812992 ], [ 641188.899475788348354, 2488610.507359312847257 ], [ 641188.633801609859802, 2488610.943640294950455 ], [ 641188.398138125427067, 2488611.416578602045774 ], [ 641188.194754903088324, 2488611.921619579195976 ], [ 641188.02561063459143, 2488612.453899405896664 ], [ 641187.892334271571599, 2488613.008291936479509 ], [ 641187.796209338353947, 2488613.57945806812495 ], [ 641187.73816157062538, 2488614.161897158250213 ], [ 641187.71875, 2488614.75 ], [ 641187.73816157062538, 2488615.338102841749787 ], [ 641187.796209338353947, 2488615.92054193187505 ], [ 641187.892334271571599, 2488616.491708063520491 ], [ 641188.02561063459143, 2488617.046100594103336 ], [ 641188.194754903088324, 2488617.578380420804024 ], [ 641188.398138125427067, 2488618.083421397954226 ], [ 641188.633801609859802, 2488618.556359705049545 ], [ 641188.899475788348354, 2488618.992640687152743 ], [ 641189.192602073191665, 2488619.388062720187008 ], [ 641189.510357498191297, 2488619.738817673642188 ], [ 641189.849681904655881, 2488620.041527586057782 ], [ 641190.207307413220406, 2488620.293277195189148 ], [ 641190.579789894865826, 2488620.491642014589161 ], [ 641190.963542139390483, 2488620.634711682330817 ], [ 641191.354868403053842, 2488620.721108360216022 ], [ 641191.75, 2488620.75 ], [ 641192.145131596946158, 2488620.721108360216022 ], [ 641192.536457860609517, 2488620.634711682330817 ], [ 641192.920210105134174, 2488620.491642014589161 ], [ 641193.292692586779594, 2488620.293277195189148 ], [ 641193.650318095344119, 2488620.041527586057782 ], [ 641193.989642501808703, 2488619.738817673642188 ], [ 641194.307397926808335, 2488619.388062720187008 ], [ 641194.600524211651646, 2488618.992640687152743 ], [ 641194.866198390140198, 2488618.556359705049545 ], [ 641195.101861874572933, 2488618.083421397954226 ], [ 641195.305245096911676, 2488617.578380420804024 ], [ 641195.47438936540857, 2488617.046100594103336 ], [ 641195.607665728428401, 2488616.491708063520491 ], [ 641195.703790661646053, 2488615.92054193187505 ], [ 641195.76183842937462, 2488615.338102841749787 ], [ 641195.78125, 2488614.75 ] ] ] } },
{ "type": "Feature", "properties": { "xmin": 120.15723, "ymin": 624.0, "xmax": 144.28229, "ymax": 639.81567, "score": 0.39131325, "label": "Tree", "tile_idx": 6, "geo_xmin": 640944.06, "geo_ymin": 2488698.2, "geo_xmax": 640950.81, "geo_ymax": 2488702.8, "center_x": 640947.44, "center_y": 2488700.5, "width_m": 6.75, "height_m": 4.5, "crown_diameter_m": 5.5113521, "lon": 88.370246295866067, "lat": 22.498950473883131, "crown_area_raw_m2": 23.85647, "crown_area_calibrated_m2": 28.627766, "agb_tree_kg": 43.604972119148414 }, "geometry": { "type": "Polygon", "coordinates": [ [ [ 640950.8125, 2488700.5 ], [ 640950.796248452505097, 2488700.279461434110999 ], [ 640950.747650321340188, 2488700.061046775430441 ], [ 640950.667173633119091, 2488699.846859476063401 ], [ 640950.555593422264792, 2488699.638962277211249 ], [ 640950.413984267157502, 2488699.439357342198491 ], [ 640950.243709941511042, 2488699.249966975767165 ], [ 640950.046410280046985, 2488699.072615110781044 ], [ 640949.823985386523418, 2488698.909009742550552 ], [ 640949.578577334061265, 2488698.760726479813457 ], [ 640949.312549536465667, 2488698.629193372093141 ], [ 640949.028463986818679, 2488698.515677154995501 ], [ 640948.729056584183127, 2488698.421271051745862 ], [ 640948.417210785788484, 2488698.346884244587272 ], [ 640948.095929836854339, 2488698.293233118951321 ], [ 640947.768307848600671, 2488698.260834365151823 ], [ 640947.4375, 2488698.25 ], [ 640947.106692151399329, 2488698.260834365151823 ], [ 640946.779070163145661, 2488698.293233118951321 ], [ 640946.457789214211516, 2488698.346884244587272 ], [ 640946.145943415816873, 2488698.421271051745862 ], [ 640945.846536013181321, 2488698.515677154995501 ], [ 640945.562450463534333, 2488698.629193372093141 ], [ 640945.296422665938735, 2488698.760726479813457 ], [ 640945.051014613476582, 2488698.909009742550552 ], [ 640944.828589719953015, 2488699.072615110781044 ], [ 640944.631290058488958, 2488699.249966975767165 ], [ 640944.461015732842498, 2488699.439357342198491 ], [ 640944.319406577735208, 2488699.638962277211249 ], [ 640944.207826366880909, 2488699.846859476063401 ], [ 640944.127349678659812, 2488700.061046775430441 ], [ 640944.078751547494903, 2488700.279461434110999 ], [ 640944.0625, 2488700.5 ], [ 640944.078751547494903, 2488700.720538565889001 ], [ 640944.127349678659812, 2488700.938953224569559 ], [ 640944.207826366880909, 2488701.153140523936599 ], [ 640944.319406577735208, 2488701.361037722788751 ], [ 640944.461015732842498, 2488701.560642657801509 ], [ 640944.631290058488958, 2488701.750033024232835 ], [ 640944.828589719953015, 2488701.927384889218956 ], [ 640945.051014613476582, 2488702.090990257449448 ], [ 640945.296422665938735, 2488702.239273520186543 ], [ 640945.562450463534333, 2488702.370806627906859 ], [ 640945.846536013181321, 2488702.484322845004499 ], [ 640946.145943415816873, 2488702.578728948254138 ], [ 640946.457789214211516, 2488702.653115755412728 ], [ 640946.779070163145661, 2488702.706766881048679 ], [ 640947.106692151399329, 2488702.739165634848177 ], [ 640947.4375, 2488702.75 ], [ 640947.768307848600671, 2488702.739165634848177 ], [ 640948.095929836854339, 2488702.706766881048679 ], [ 640948.417210785788484, 2488702.653115755412728 ], [ 640948.729056584183127, 2488702.578728948254138 ], [ 640949.028463986818679, 2488702.484322845004499 ], [ 640949.312549536465667, 2488702.370806627906859 ], [ 640949.578577334061265, 2488702.239273520186543 ], [ 640949.823985386523418, 2488702.090990257449448 ], [ 640950.046410280046985, 2488701.927384889218956 ], [ 640950.243709941511042, 2488701.750033024232835 ], [ 640950.413984267157502, 2488701.560642657801509 ], [ 640950.555593422264792, 2488701.361037722788751 ], [ 640950.667173633119091, 2488701.153140523936599 ], [ 640950.747650321340188, 2488700.938953224569559 ], [ 640950.796248452505097, 2488700.720538565889001 ], [ 640950.8125, 2488700.5 ] ] ] } },
{ "type": "Feature", "properties": { "xmin": 467.12347, "ymin": 49.113014, "xmax": 485.23901, "ymax": 67.8339, "score": 0.38444892, "label": "Tree", "tile_idx": 1, "geo_xmin": 641040.69, "geo_ymin": 2488853.8, "geo_xmax": 641045.75, "geo_ymax": 2488859.0, "center_x": 641043.25, "center_y": 2488856.5, "width_m": 5.0625, "height_m": 5.25, "crown_diameter_m": 5.1553979, "lon": 88.371191438700009, "lat": 22.500351451044494, "crown_area_raw_m2": 20.874411, "crown_area_calibrated_m2": 25.049294, "agb_tree_kg": 37.138957925637278 }, "geometry": { "type": "Polygon", "coordinates": [ [ [ 641045.78125, 2488856.5 ], [ 641045.76906133943703, 2488856.242705006618053 ], [ 641045.732612741063349, 2488855.987887904513627 ], [ 641045.672255224781111, 2488855.738002722151577 ], [ 641045.588570066611283, 2488855.49545599007979 ], [ 641045.482363200397231, 2488855.26258356589824 ], [ 641045.354657456162386, 2488855.041628138162196 ], [ 641045.206682710093446, 2488854.83471762901172 ], [ 641045.03986403986346, 2488854.64384469948709 ], [ 641044.855808000545949, 2488854.470847560092807 ], [ 641044.656287152320147, 2488854.317392267752439 ], [ 641044.443222990143113, 2488854.184956680983305 ], [ 641044.218667438137345, 2488854.074816226959229 ], [ 641043.984783089254051, 2488853.988031618762761 ], [ 641043.743822377640754, 2488853.925438638776541 ], [ 641043.498105886508711, 2488853.887640092521906 ], [ 641043.25, 2488853.875 ], [ 641043.001894113491289, 2488853.887640092521906 ], [ 641042.756177622359246, 2488853.925438638776541 ], [ 641042.515216910745949, 2488853.988031618762761 ], [ 641042.281332561862655, 2488854.074816226959229 ], [ 641042.056777009856887, 2488854.184956680983305 ], [ 641041.843712847679853, 2488854.317392267752439 ], [ 641041.644191999454051, 2488854.470847560092807 ], [ 641041.46013596013654, 2488854.64384469948709 ], [ 641041.293317289906554, 2488854.83471762901172 ], [ 641041.145342543837614, 2488855.041628138162196 ], [ 641041.017636799602769, 2488855.26258356589824 ], [ 641040.911429933388717, 2488855.49545599007979 ], [ 641040.827744775218889, 2488855.738002722151577 ], [ 641040.767387258936651, 2488855.987887904513627 ], [ 641040.73093866056297, 2488856.242705006618053 ], [ 641040.71875, 2488856.5 ], [ 641040.73093866056297, 2488856.757294993381947 ], [ 641040.767387258936651, 2488857.012112095486373 ], [ 641040.827744775218889, 2488857.261997277848423 ], [ 641040.911429933388717, 2488857.50454400992021 ], [ 641041.017636799602769, 2488857.73741643410176 ], [ 641041.145342543837614, 2488857.958371861837804 ], [ 641041.293317289906554, 2488858.16528237098828 ], [ 641041.46013596013654, 2488858.35615530051291 ], [ 641041.644191999454051, 2488858.529152439907193 ], [ 641041.843712847679853, 2488858.682607732247561 ], [ 641042.056777009856887, 2488858.815043319016695 ], [ 641042.281332561862655, 2488858.925183773040771 ], [ 641042.515216910745949, 2488859.011968381237239 ], [ 641042.756177622359246, 2488859.074561361223459 ], [ 641043.001894113491289, 2488859.112359907478094 ], [ 641043.25, 2488859.125 ], [ 641043.498105886508711, 2488859.112359907478094 ], [ 641043.743822377640754, 2488859.074561361223459 ], [ 641043.984783089254051, 2488859.011968381237239 ], [ 641044.218667438137345, 2488858.925183773040771 ], [ 641044.443222990143113, 2488858.815043319016695 ], [ 641044.656287152320147, 2488858.682607732247561 ], [ 641044.855808000545949, 2488858.529152439907193 ], [ 641045.03986403986346, 2488858.35615530051291 ], [ 641045.206682710093446, 2488858.16528237098828 ], [ 641045.354657456162386, 2488857.958371861837804 ], [ 641045.482363200397231, 2488857.73741643410176 ], [ 641045.588570066611283, 2488857.50454400992021 ], [ 641045.672255224781111, 2488857.261997277848423 ], [ 641045.732612741063349, 2488857.012112095486373 ], [ 641045.76906133943703, 2488856.757294993381947 ], [ 641045.78125, 2488856.5 ] ] ] } },
{ "type": "Feature", "properties": { "xmin": 160.71565, "ymin": 159.29634, "xmax": 181.52217, "ymax": 179.00789, "score": 0.38425609, "label": "Tree", "tile_idx": 0, "geo_xmin": 640955.38, "geo_ymin": 2488823.5, "geo_xmax": 640961.19, "geo_ymax": 2488829.0, "center_x": 640958.25, "center_y": 2488826.2, "width_m": 5.8125, "height_m": 5.5, "crown_diameter_m": 5.6540914, "lon": 88.370362577243171, "lat": 22.500085280626639, "crown_area_raw_m2": 25.108198, "crown_area_calibrated_m2": 30.129839, "agb_tree_kg": 46.369416704581447 }, "geometry": { "type": "Polygon", "coordinates": [ [ [ 640961.15625, 2488826.25 ], [ 640961.142255611834116, 2488825.980452863965183 ], [ 640961.100407221121714, 2488825.713501614518464 ], [ 640961.031107850722037, 2488825.451717137359083 ], [ 640960.935024891397916, 2488825.19762056088075 ], [ 640960.813083674525842, 2488824.953658973798156 ], [ 640960.666458560735919, 2488824.7221818594262 ], [ 640960.496561630046926, 2488824.505418468732387 ], [ 640960.305029082810506, 2488824.30545635195449 ], [ 640960.093705482082441, 2488824.124221253208816 ], [ 640959.864625989692286, 2488823.963458565995097 ], [ 640959.619996766443364, 2488823.824716522824019 ], [ 640959.362173725268804, 2488823.709331285674125 ], [ 640959.09363984328229, 2488823.618414076510817 ], [ 640958.816981248324737, 2488823.552840478718281 ], [ 640958.534862314118072, 2488823.513242001645267 ], [ 640958.25, 2488823.5 ], [ 640957.965137685881928, 2488823.513242001645267 ], [ 640957.683018751675263, 2488823.552840478718281 ], [ 640957.40636015671771, 2488823.618414076510817 ], [ 640957.137826274731196, 2488823.709331285674125 ], [ 640956.880003233556636, 2488823.824716522824019 ], [ 640956.635374010307714, 2488823.963458565995097 ], [ 640956.406294517917559, 2488824.124221253208816 ], [ 640956.194970917189494, 2488824.30545635195449 ], [ 640956.003438369953074, 2488824.505418468732387 ], [ 640955.833541439264081, 2488824.7221818594262 ], [ 640955.686916325474158, 2488824.953658973798156 ], [ 640955.564975108602084, 2488825.19762056088075 ], [ 640955.468892149277963, 2488825.451717137359083 ], [ 640955.399592778878286, 2488825.713501614518464 ], [ 640955.357744388165884, 2488825.980452863965183 ], [ 640955.34375, 2488826.25 ], [ 640955.357744388165884, 2488826.519547136034817 ], [ 640955.399592778878286, 2488826.786498385481536 ], [ 640955.468892149277963, 2488827.048282862640917 ], [ 640955.564975108602084, 2488827.30237943911925 ], [ 640955.686916325474158, 2488827.546341026201844 ], [ 640955.833541439264081, 2488827.7778181405738 ], [ 640956.003438369953074, 2488827.994581531267613 ], [ 640956.194970917189494, 2488828.19454364804551 ], [ 640956.406294517917559, 2488828.375778746791184 ], [ 640956.635374010307714, 2488828.536541434004903 ], [ 640956.880003233556636, 2488828.675283477175981 ], [ 640957.137826274731196, 2488828.790668714325875 ], [ 640957.40636015671771, 2488828.881585923489183 ], [ 640957.683018751675263, 2488828.947159521281719 ], [ 640957.965137685881928, 2488828.986757998354733 ], [ 640958.25, 2488829.0 ], [ 640958.534862314118072, 2488828.986757998354733 ], [ 640958.816981248324737, 2488828.947159521281719 ], [ 640959.09363984328229, 2488828.881585923489183 ], [ 640959.362173725268804, 2488828.790668714325875 ], [ 640959.619996766443364, 2488828.675283477175981 ], [ 640959.864625989692286, 2488828.536541434004903 ], [ 640960.093705482082441, 2488828.375778746791184 ], [ 640960.305029082810506, 2488828.19454364804551 ], [ 640960.496561630046926, 2488827.994581531267613 ], [ 640960.666458560735919, 2488827.7778181405738 ], [ 640960.813083674525842, 2488827.546341026201844 ], [ 640960.935024891397916, 2488827.30237943911925 ], [ 640961.031107850722037, 2488827.048282862640917 ], [ 640961.100407221121714, 2488826.786498385481536 ], [ 640961.142255611834116, 2488826.519547136034817 ], [ 640961.15625, 2488826.25 ] ] ] } },
{ "type": "Feature", "properties": { "xmin": 398.89819, "ymin": 564.85828, "xmax": 426.19574, "ymax": 590.0658, "score": 0.3800309, "label": "Tree", "tile_idx": 4, "geo_xmin": 641021.69, "geo_ymin": 2488711.8, "geo_xmax": 641029.31, "geo_ymax": 2488718.8, "center_x": 641025.5, "center_y": 2488715.2, "width_m": 7.625, "height_m": 7.0, "crown_diameter_m": 7.3058195, "lon": 88.371006341007558, "lat": 22.49907723220738, "crown_area_raw_m2": 41.920628, "crown_area_calibrated_m2": 50.304756, "agb_tree_kg": 85.864083554093824 }, "geometry": { "type": "Polygon", "coordinates": [ [ [ 641029.3125, 2488715.25 ], [ 641029.294141770456918, 2488714.906940008979291 ], [ 641029.239243881544098, 2488714.567183873150498 ], [ 641029.148335029953159, 2488714.234003629535437 ], [ 641029.022290717693977, 2488713.910607986617833 ], [ 641028.862324820365757, 2488713.600111421197653 ], [ 641028.669977896846831, 2488713.305504184216261 ], [ 641028.44710235344246, 2488713.029623505659401 ], [ 641028.195844603236765, 2488712.775126265827566 ], [ 641027.91862439585384, 2488712.544463413301855 ], [ 641027.618111513438635, 2488712.339856356848031 ], [ 641027.297200059168972, 2488712.163275574799627 ], [ 641026.958980585914105, 2488712.016421636100858 ], [ 641026.606710331980139, 2488711.900708824861795 ], [ 641026.243781852652319, 2488711.817251518368721 ], [ 641025.873690347536467, 2488711.766853456851095 ], [ 641025.5, 2488711.75 ], [ 641025.126309652463533, 2488711.766853456851095 ], [ 641024.756218147347681, 2488711.817251518368721 ], [ 641024.393289668019861, 2488711.900708824861795 ], [ 641024.041019414085895, 2488712.016421636100858 ], [ 641023.702799940831028, 2488712.163275574799627 ], [ 641023.381888486561365, 2488712.339856356848031 ], [ 641023.08137560414616, 2488712.544463413301855 ], [ 641022.804155396763235, 2488712.775126265827566 ], [ 641022.55289764655754, 2488713.029623505659401 ], [ 641022.330022103153169, 2488713.305504184216261 ], [ 641022.137675179634243, 2488713.600111421197653 ], [ 641021.977709282306023, 2488713.910607986617833 ], [ 641021.851664970046841, 2488714.234003629535437 ], [ 641021.760756118455902, 2488714.567183873150498 ], [ 641021.705858229543082, 2488714.906940008979291 ], [ 641021.6875, 2488715.25 ], [ 641021.705858229543082, 2488715.593059991020709 ], [ 641021.760756118455902, 2488715.932816126849502 ], [ 641021.851664970046841, 2488716.265996370464563 ], [ 641021.977709282306023, 2488716.589392013382167 ], [ 641022.137675179634243, 2488716.899888578802347 ], [ 641022.330022103153169, 2488717.194495815783739 ], [ 641022.55289764655754, 2488717.470376494340599 ], [ 641022.804155396763235, 2488717.724873734172434 ], [ 641023.08137560414616, 2488717.955536586698145 ], [ 641023.381888486561365, 2488718.160143643151969 ], [ 641023.702799940831028, 2488718.336724425200373 ], [ 641024.041019414085895, 2488718.483578363899142 ], [ 641024.393289668019861, 2488718.599291175138205 ], [ 641024.756218147347681, 2488718.682748481631279 ], [ 641025.126309652463533, 2488718.733146543148905 ], [ 641025.5, 2488718.75 ], [ 641025.873690347536467, 2488718.733146543148905 ], [ 641026.243781852652319, 2488718.682748481631279 ], [ 641026.606710331980139, 2488718.599291175138205 ], [ 641026.958980585914105, 2488718.483578363899142 ], [ 641027.297200059168972, 2488718.336724425200373 ], [ 641027.618111513438635, 2488718.160143643151969 ], [ 641027.91862439585384, 2488717.955536586698145 ], [ 641028.195844603236765, 2488717.724873734172434 ], [ 641028.44710235344246, 2488717.470376494340599 ], [ 641028.669977896846831, 2488717.194495815783739 ], [ 641028.862324820365757, 2488716.899888578802347 ], [ 641029.022290717693977, 2488716.589392013382167 ], [ 641029.148335029953159, 2488716.265996370464563 ], [ 641029.239243881544098, 2488715.932816126849502 ], [ 641029.294141770456918, 2488715.593059991020709 ], [ 641029.3125, 2488715.25 ] ] ] } },
{ "type": "Feature", "properties": { "xmin": 413.48016, "ymin": 101.37459, "xmax": 438.01025, "ymax": 126.9308, "score": 0.3747105, "label": "Tree", "tile_idx": 1, "geo_xmin": 641025.75, "geo_ymin": 2488837.8, "geo_xmax": 641032.56, "geo_ymax": 2488844.8, "center_x": 641029.12, "center_y": 2488841.2, "width_m": 6.8125, "height_m": 7.0, "crown_diameter_m": 6.9056134, "lon": 88.371052791110216, "lat": 22.500214890494739, "crown_area_raw_m2": 37.453674, "crown_area_calibrated_m2": 44.944412, "agb_tree_kg": 74.988324440370249 }, "geometry": { "type": "Polygon", "coordinates": [ [ [ 641032.53125, 2488841.25 ], [ 641032.514847975224257, 2488840.906940008979291 ], [ 641032.465799861354753, 2488840.567183873150498 ], [ 641032.384578018565662, 2488840.234003629535437 ], [ 641032.271964657586068, 2488839.910607986617833 ], [ 641032.129044306697324, 2488839.600111421197653 ], [ 641031.957193366950378, 2488839.305504184216261 ], [ 641031.758066856767982, 2488839.029623505659401 ], [ 641031.533582473406568, 2488838.775126265827566 ], [ 641031.285902124131098, 2488838.544463413301855 ], [ 641031.017411106266081, 2488838.339856356848031 ], [ 641030.7306951348437, 2488838.163275574799627 ], [ 641030.428515441482887, 2488838.016421636100858 ], [ 641030.113782181870192, 2488837.900708824861795 ], [ 641029.78952640935313, 2488837.817251518368721 ], [ 641029.458870884263888, 2488837.766853456851095 ], [ 641029.125, 2488837.75 ], [ 641028.791129115736112, 2488837.766853456851095 ], [ 641028.46047359064687, 2488837.817251518368721 ], [ 641028.136217818129808, 2488837.900708824861795 ], [ 641027.821484558517113, 2488838.016421636100858 ], [ 641027.5193048651563, 2488838.163275574799627 ], [ 641027.232588893733919, 2488838.339856356848031 ], [ 641026.964097875868902, 2488838.544463413301855 ], [ 641026.716417526593432, 2488838.775126265827566 ], [ 641026.491933143232018, 2488839.029623505659401 ], [ 641026.292806633049622, 2488839.305504184216261 ], [ 641026.120955693302676, 2488839.600111421197653 ], [ 641025.978035342413932, 2488839.910607986617833 ], [ 641025.865421981434338, 2488840.234003629535437 ], [ 641025.784200138645247, 2488840.567183873150498 ], [ 641025.735152024775743, 2488840.906940008979291 ], [ 641025.71875, 2488841.25 ], [ 641025.735152024775743, 2488841.593059991020709 ], [ 641025.784200138645247, 2488841.932816126849502 ], [ 641025.865421981434338, 2488842.265996370464563 ], [ 641025.978035342413932, 2488842.589392013382167 ], [ 641026.120955693302676, 2488842.899888578802347 ], [ 641026.292806633049622, 2488843.194495815783739 ], [ 641026.491933143232018, 2488843.470376494340599 ], [ 641026.716417526593432, 2488843.724873734172434 ], [ 641026.964097875868902, 2488843.955536586698145 ], [ 641027.232588893733919, 2488844.160143643151969 ], [ 641027.5193048651563, 2488844.336724425200373 ], [ 641027.821484558517113, 2488844.483578363899142 ], [ 641028.136217818129808, 2488844.599291175138205 ], [ 641028.46047359064687, 2488844.682748481631279 ], [ 641028.791129115736112, 2488844.733146543148905 ], [ 641029.125, 2488844.75 ], [ 641029.458870884263888, 2488844.733146543148905 ], [ 641029.78952640935313, 2488844.682748481631279 ], [ 641030.113782181870192, 2488844.599291175138205 ], [ 641030.428515441482887, 2488844.483578363899142 ], [ 641030.7306951348437, 2488844.336724425200373 ], [ 641031.017411106266081, 2488844.160143643151969 ], [ 641031.285902124131098, 2488843.955536586698145 ], [ 641031.533582473406568, 2488843.724873734172434 ], [ 641031.758066856767982, 2488843.470376494340599 ], [ 641031.957193366950378, 2488843.194495815783739 ], [ 641032.129044306697324, 2488842.899888578802347 ], [ 641032.271964657586068, 2488842.589392013382167 ], [ 641032.384578018565662, 2488842.265996370464563 ], [ 641032.465799861354753, 2488841.932816126849502 ], [ 641032.514847975224257, 2488841.593059991020709 ], [ 641032.53125, 2488841.25 ] ] ] } },
{ "type": "Feature", "properties": { "xmin": 563.15405, "ymin": 641.67786, "xmax": 579.93713, "ymax": 658.82257, "score": 0.36874437, "label": "Tree", "tile_idx": 7, "geo_xmin": 641067.44, "geo_ymin": 2488693.2, "geo_xmax": 641072.12, "geo_ymax": 2488697.8, "center_x": 641069.75, "center_y": 2488695.5, "width_m": 4.6875, "height_m": 4.5, "crown_diameter_m": 4.5927935, "lon": 88.371434672643929, "lat": 22.498895201128413, "crown_area_raw_m2": 16.566994, "crown_area_calibrated_m2": 19.880394, "agb_tree_kg": 28.130944616954444 }, "geometry": { "type": "Polygon", "coordinates": [ [ [ 641072.09375, 2488695.5 ], [ 641072.082464203122072, 2488695.279461434110999 ], [ 641072.048715500975959, 2488695.061046775430441 ], [ 641071.992828911868855, 2488694.846859476063401 ], [ 641071.915342654334381, 2488694.638962277211249 ], [ 641071.817002963274717, 2488694.439357342198491 ], [ 641071.698756903875619, 2488694.249966975767165 ], [ 641071.561743250116706, 2488694.072615110781044 ], [ 641071.407281518448144, 2488693.909009742550552 ], [ 641071.236859259777702, 2488693.760726479813457 ], [ 641071.052117733634077, 2488693.629193372093141 ], [ 641070.854836101992987, 2488693.515677154995501 ], [ 641070.646914294571616, 2488693.421271051745862 ], [ 641070.43035471229814, 2488693.346884244587272 ], [ 641070.207242942182347, 2488693.293233118951321 ], [ 641069.979727672645822, 2488693.260834365151823 ], [ 641069.75, 2488693.25 ], [ 641069.520272327354178, 2488693.260834365151823 ], [ 641069.292757057817653, 2488693.293233118951321 ], [ 641069.06964528770186, 2488693.346884244587272 ], [ 641068.853085705428384, 2488693.421271051745862 ], [ 641068.645163898007013, 2488693.515677154995501 ], [ 641068.447882266365923, 2488693.629193372093141 ], [ 641068.263140740222298, 2488693.760726479813457 ], [ 641068.092718481551856, 2488693.909009742550552 ], [ 641067.938256749883294, 2488694.072615110781044 ], [ 641067.801243096124381, 2488694.249966975767165 ], [ 641067.682997036725283, 2488694.439357342198491 ], [ 641067.584657345665619, 2488694.638962277211249 ], [ 641067.507171088131145, 2488694.846859476063401 ], [ 641067.451284499024041, 2488695.061046775430441 ], [ 641067.417535796877928, 2488695.279461434110999 ], [ 641067.40625, 2488695.5 ], [ 641067.417535796877928, 2488695.720538565889001 ], [ 641067.451284499024041, 2488695.938953224569559 ], [ 641067.507171088131145, 2488696.153140523936599 ], [ 641067.584657345665619, 2488696.361037722788751 ], [ 641067.682997036725283, 2488696.560642657801509 ], [ 641067.801243096124381, 2488696.750033024232835 ], [ 641067.938256749883294, 2488696.927384889218956 ], [ 641068.092718481551856, 2488697.090990257449448 ], [ 641068.263140740222298, 2488697.239273520186543 ], [ 641068.447882266365923, 2488697.370806627906859 ], [ 641068.645163898007013, 2488697.484322845004499 ], [ 641068.853085705428384, 2488697.578728948254138 ], [ 641069.06964528770186, 2488697.653115755412728 ], [ 641069.292757057817653, 2488697.706766881048679 ], [ 641069.520272327354178, 2488697.739165634848177 ], [ 641069.75, 2488697.75 ], [ 641069.979727672645822, 2488697.739165634848177 ], [ 641070.207242942182347, 2488697.706766881048679 ], [ 641070.43035471229814, 2488697.653115755412728 ], [ 641070.646914294571616, 2488697.578728948254138 ], [ 641070.854836101992987, 2488697.484322845004499 ], [ 641071.052117733634077, 2488697.370806627906859 ], [ 641071.236859259777702, 2488697.239273520186543 ], [ 641071.407281518448144, 2488697.090990257449448 ], [ 641071.561743250116706, 2488696.927384889218956 ], [ 641071.698756903875619, 2488696.750033024232835 ], [ 641071.817002963274717, 2488696.560642657801509 ], [ 641071.915342654334381, 2488696.361037722788751 ], [ 641071.992828911868855, 2488696.153140523936599 ], [ 641072.048715500975959, 2488695.938953224569559 ], [ 641072.082464203122072, 2488695.720538565889001 ], [ 641072.09375, 2488695.5 ] ] ] } },
{ "type": "Feature", "properties": { "xmin": 587.31274, "ymin": 236.48441, "xmax": 615.56384, "ymax": 261.71243, "score": 0.36864445, "label": "Tree", "tile_idx": 1, "geo_xmin": 641074.19, "geo_ymin": 2488801.0, "geo_xmax": 641082.0, "geo_ymax": 2488808.0, "center_x": 641078.12, "center_y": 2488804.5, "width_m": 7.8125, "height_m": 7.0, "crown_diameter_m": 7.3950996, "lon": 88.371525780370703, "lat": 22.499878932098504, "crown_area_raw_m2": 42.951462, "crown_area_calibrated_m2": 51.541756, "agb_tree_kg": 88.408263019220939 }, "geometry": { "type": "Polygon", "coordinates": [ [ [ 641082.03125, 2488804.5 ], [ 641082.012440338614397, 2488804.156940008979291 ], [ 641081.956192501587793, 2488803.817183873150498 ], [ 641081.863048186409287, 2488803.484003629535437 ], [ 641081.733904423890635, 2488803.160607986617833 ], [ 641081.570004938868806, 2488802.850111421197653 ], [ 641081.372928173048422, 2488802.555504184216261 ], [ 641081.144572083489038, 2488802.279623505659401 ], [ 641080.88713586400263, 2488802.025126265827566 ], [ 641080.603098766296171, 2488801.794463413301855 ], [ 641080.295196222723462, 2488801.589856356848031 ], [ 641079.966393503244035, 2488801.413275574799627 ], [ 641079.61985715769697, 2488801.266421636100858 ], [ 641079.25892452057451, 2488801.150708824861795 ], [ 641078.887071570381522, 2488801.067251518368721 ], [ 641078.507879454409704, 2488801.016853456851095 ], [ 641078.125, 2488801.0 ], [ 641077.742120545590296, 2488801.016853456851095 ], [ 641077.362928429618478, 2488801.067251518368721 ], [ 641076.99107547942549, 2488801.150708824861795 ], [ 641076.63014284230303, 2488801.266421636100858 ], [ 641076.283606496755965, 2488801.413275574799627 ], [ 641075.954803777276538, 2488801.589856356848031 ], [ 641075.646901233703829, 2488801.794463413301855 ], [ 641075.36286413599737, 2488802.025126265827566 ], [ 641075.105427916510962, 2488802.279623505659401 ], [ 641074.877071826951578, 2488802.555504184216261 ], [ 641074.679995061131194, 2488802.850111421197653 ], [ 641074.516095576109365, 2488803.160607986617833 ], [ 641074.386951813590713, 2488803.484003629535437 ], [ 641074.293807498412207, 2488803.817183873150498 ], [ 641074.237559661385603, 2488804.156940008979291 ], [ 641074.21875, 2488804.5 ], [ 641074.237559661385603, 2488804.843059991020709 ], [ 641074.293807498412207, 2488805.182816126849502 ], [ 641074.386951813590713, 2488805.515996370464563 ], [ 641074.516095576109365, 2488805.839392013382167 ], [ 641074.679995061131194, 2488806.149888578802347 ], [ 641074.877071826951578, 2488806.444495815783739 ], [ 641075.105427916510962, 2488806.720376494340599 ], [ 641075.36286413599737, 2488806.974873734172434 ], [ 641075.646901233703829, 2488807.205536586698145 ], [ 641075.954803777276538, 2488807.410143643151969 ], [ 641076.283606496755965, 2488807.586724425200373 ], [ 641076.63014284230303, 2488807.733578363899142 ], [ 641076.99107547942549, 2488807.849291175138205 ], [ 641077.362928429618478, 2488807.932748481631279 ], [ 641077.742120545590296, 2488807.983146543148905 ], [ 641078.125, 2488808.0 ], [ 641078.507879454409704, 2488807.983146543148905 ], [ 641078.887071570381522, 2488807.932748481631279 ], [ 641079.25892452057451, 2488807.849291175138205 ], [ 641079.61985715769697, 2488807.733578363899142 ], [ 641079.966393503244035, 2488807.586724425200373 ], [ 641080.295196222723462, 2488807.410143643151969 ], [ 641080.603098766296171, 2488807.205536586698145 ], [ 641080.88713586400263, 2488806.974873734172434 ], [ 641081.144572083489038, 2488806.720376494340599 ], [ 641081.372928173048422, 2488806.444495815783739 ], [ 641081.570004938868806, 2488806.149888578802347 ], [ 641081.733904423890635, 2488805.839392013382167 ], [ 641081.863048186409287, 2488805.515996370464563 ], [ 641081.956192501587793, 2488805.182816126849502 ], [ 641082.012440338614397, 2488804.843059991020709 ], [ 641082.03125, 2488804.5 ] ] ] } },
{ "type": "Feature", "properties": { "xmin": 679.2262, "ymin": 141.7701, "xmax": 708.45941, "ymax": 171.99129, "score": 0.36753485, "label": "Tree", "tile_idx": 2, "geo_xmin": 641099.75, "geo_ymin": 2488825.5, "geo_xmax": 641107.88, "geo_ymax": 2488833.8, "center_x": 641103.81, "center_y": 2488829.5, "width_m": 8.125, "height_m": 8.25, "crown_diameter_m": 8.1872616, "lon": 88.371777679562996, "lat": 22.500102591574919, "crown_area_raw_m2": 52.646221, "crown_area_calibrated_m2": 63.175468, "agb_tree_kg": 112.9111325422801 }, "geometry": { "type": "Polygon", "coordinates": [ [ [ 641107.875, 2488829.5 ], [ 641107.85543795209378, 2488829.095679296180606 ], [ 641107.796940201660618, 2488828.695252421777695 ], [ 641107.700070113874972, 2488828.302575706504285 ], [ 641107.565760600846261, 2488827.921430841553956 ], [ 641107.395305136451498, 2488827.555488460697234 ], [ 641107.190345300012268, 2488827.208272788673639 ], [ 641106.952854966744781, 2488826.88312770286575 ], [ 641106.685121298534796, 2488826.583184527698904 ], [ 641106.389722716878168, 2488826.311331879813224 ], [ 641106.069504071609117, 2488826.070187849458307 ], [ 641105.72754924336914, 2488825.862074784468859 ], [ 641105.367151443962939, 2488825.688996928278357 ], [ 641104.991781501332298, 2488825.552621114999056 ], [ 641104.605054433224723, 2488825.454260718543082 ], [ 641104.210694632609375, 2488825.394863002467901 ], [ 641103.8125, 2488825.375 ], [ 641103.414305367390625, 2488825.394863002467901 ], [ 641103.019945566775277, 2488825.454260718543082 ], [ 641102.633218498667702, 2488825.552621114999056 ], [ 641102.257848556037061, 2488825.688996928278357 ], [ 641101.89745075663086, 2488825.862074784468859 ], [ 641101.555495928390883, 2488826.070187849458307 ], [ 641101.235277283121832, 2488826.311331879813224 ], [ 641100.939878701465204, 2488826.583184527698904 ], [ 641100.672145033255219, 2488826.88312770286575 ], [ 641100.434654699987732, 2488827.208272788673639 ], [ 641100.229694863548502, 2488827.555488460697234 ], [ 641100.059239399153739, 2488827.921430841553956 ], [ 641099.924929886125028, 2488828.302575706504285 ], [ 641099.828059798339382, 2488828.695252421777695 ], [ 641099.76956204790622, 2488829.095679296180606 ], [ 641099.75, 2488829.5 ], [ 641099.76956204790622, 2488829.904320703819394 ], [ 641099.828059798339382, 2488830.304747578222305 ], [ 641099.924929886125028, 2488830.697424293495715 ], [ 641100.059239399153739, 2488831.078569158446044 ], [ 641100.229694863548502, 2488831.444511539302766 ], [ 641100.434654699987732, 2488831.791727211326361 ], [ 641100.672145033255219, 2488832.11687229713425 ], [ 641100.939878701465204, 2488832.416815472301096 ], [ 641101.235277283121832, 2488832.688668120186776 ], [ 641101.555495928390883, 2488832.929812150541693 ], [ 641101.89745075663086, 2488833.137925215531141 ], [ 641102.257848556037061, 2488833.311003071721643 ], [ 641102.633218498667702, 2488833.447378885000944 ], [ 641103.019945566775277, 2488833.545739281456918 ], [ 641103.414305367390625, 2488833.605136997532099 ], [ 641103.8125, 2488833.625 ], [ 641104.210694632609375, 2488833.605136997532099 ], [ 641104.605054433224723, 2488833.545739281456918 ], [ 641104.991781501332298, 2488833.447378885000944 ], [ 641105.367151443962939, 2488833.311003071721643 ], [ 641105.72754924336914, 2488833.137925215531141 ], [ 641106.069504071609117, 2488832.929812150541693 ], [ 641106.389722716878168, 2488832.688668120186776 ], [ 641106.685121298534796, 2488832.416815472301096 ], [ 641106.952854966744781, 2488832.11687229713425 ], [ 641107.190345300012268, 2488831.791727211326361 ], [ 641107.395305136451498, 2488831.444511539302766 ], [ 641107.565760600846261, 2488831.078569158446044 ], [ 641107.700070113874972, 2488830.697424293495715 ], [ 641107.796940201660618, 2488830.304747578222305 ], [ 641107.85543795209378, 2488829.904320703819394 ], [ 641107.875, 2488829.5 ] ] ] } },
{ "type": "Feature", "properties": { "xmin": 884.98853, "ymin": 647.36542, "xmax": 921.19922, "ymax": 683.18604, "score": 0.36495832, "label": "Tree", "tile_idx": 8, "geo_xmin": 641157.06, "geo_ymin": 2488686.5, "geo_xmax": 641167.12, "geo_ymax": 2488696.2, "center_x": 641162.12, "center_y": 2488691.5, "width_m": 10.0625, "height_m": 9.75, "crown_diameter_m": 9.9050179, "lon": 88.372332158576683, "lat": 22.498851429946892, "crown_area_raw_m2": 77.054924, "crown_area_calibrated_m2": 92.465912, "agb_tree_kg": 178.47913864438618 }, "geometry": { "type": "Polygon", "coordinates": [ [ [ 641167.15625, 2488691.5 ], [ 641167.132023156038485, 2488691.022166440729052 ], [ 641167.059575941995718, 2488690.548934679944068 ], [ 641166.939606064115651, 2488690.084862198214978 ], [ 641166.773268897901289, 2488689.634418267291039 ], [ 641166.56216636125464, 2488689.201940908096731 ], [ 641166.308331486885436, 2488688.791595113929361 ], [ 641166.014208843465894, 2488688.407332739792764 ], [ 641165.682630992843769, 2488688.052854441571981 ], [ 641165.316791210905649, 2488687.731574039906263 ], [ 641164.920212734839879, 2488687.44658563984558 ], [ 641164.496714832144789, 2488687.200633836444467 ], [ 641164.050376019091345, 2488686.996087279170752 ], [ 641163.585494782426395, 2488686.834915863350034 ], [ 641163.106548182666302, 2488686.718671758193523 ], [ 641162.618148737237789, 2488686.648474457673728 ], [ 641162.125, 2488686.625 ], [ 641161.631851262762211, 2488686.648474457673728 ], [ 641161.143451817333698, 2488686.718671758193523 ], [ 641160.664505217573605, 2488686.834915863350034 ], [ 641160.199623980908655, 2488686.996087279170752 ], [ 641159.753285167855211, 2488687.200633836444467 ], [ 641159.329787265160121, 2488687.44658563984558 ], [ 641158.933208789094351, 2488687.731574039906263 ], [ 641158.567369007156231, 2488688.052854441571981 ], [ 641158.235791156534106, 2488688.407332739792764 ], [ 641157.941668513114564, 2488688.791595113929361 ], [ 641157.68783363874536, 2488689.201940908096731 ], [ 641157.476731102098711, 2488689.634418267291039 ], [ 641157.310393935884349, 2488690.084862198214978 ], [ 641157.190424058004282, 2488690.548934679944068 ], [ 641157.117976843961515, 2488691.022166440729052 ], [ 641157.09375, 2488691.5 ], [ 641157.117976843961515, 2488691.977833559270948 ], [ 641157.190424058004282, 2488692.451065320055932 ], [ 641157.310393935884349, 2488692.915137801785022 ], [ 641157.476731102098711, 2488693.365581732708961 ], [ 641157.68783363874536, 2488693.798059091903269 ], [ 641157.941668513114564, 2488694.208404886070639 ], [ 641158.235791156534106, 2488694.592667260207236 ], [ 641158.567369007156231, 2488694.947145558428019 ], [ 641158.933208789094351, 2488695.268425960093737 ], [ 641159.329787265160121, 2488695.55341436015442 ], [ 641159.753285167855211, 2488695.799366163555533 ], [ 641160.199623980908655, 2488696.003912720829248 ], [ 641160.664505217573605, 2488696.165084136649966 ], [ 641161.143451817333698, 2488696.281328241806477 ], [ 641161.631851262762211, 2488696.351525542326272 ], [ 641162.125, 2488696.375 ], [ 641162.618148737237789, 2488696.351525542326272 ], [ 641163.106548182666302, 2488696.281328241806477 ], [ 641163.585494782426395, 2488696.165084136649966 ], [ 641164.050376019091345, 2488696.003912720829248 ], [ 641164.496714832144789, 2488695.799366163555533 ], [ 641164.920212734839879, 2488695.55341436015442 ], [ 641165.316791210905649, 2488695.268425960093737 ], [ 641165.682630992843769, 2488694.947145558428019 ], [ 641166.014208843465894, 2488694.592667260207236 ], [ 641166.308331486885436, 2488694.208404886070639 ], [ 641166.56216636125464, 2488693.798059091903269 ], [ 641166.773268897901289, 2488693.365581732708961 ], [ 641166.939606064115651, 2488692.915137801785022 ], [ 641167.059575941995718, 2488692.451065320055932 ], [ 641167.132023156038485, 2488691.977833559270948 ], [ 641167.15625, 2488691.5 ] ] ] } },
{ "type": "Feature", "properties": { "xmin": 0.14758658, "ymin": 627.93115, "xmax": 7.5415087, "ymax": 651.34894, "score": 0.36329943, "label": "Tree", "tile_idx": 3, "geo_xmin": 640910.69, "geo_ymin": 2488695.2, "geo_xmax": 640912.75, "geo_ymax": 2488701.5, "center_x": 640911.75, "center_y": 2488698.5, "width_m": 2.0625, "height_m": 6.25, "crown_diameter_m": 3.5903516, "lon": 88.36989925154478, "lat": 22.498935360879571, "crown_area_raw_m2": 10.124273, "crown_area_calibrated_m2": 12.149129, "agb_tree_kg": 15.563264781804985 }, "geometry": { "type": "Polygon", "coordinates": [ [ [ 640912.78125, 2488698.5 ], [ 640912.776284249383025, 2488698.193696436472237 ], [ 640912.761434820364229, 2488697.89034274360165 ], [ 640912.736844721250236, 2488697.59286038344726 ], [ 640912.702750767930411, 2488697.304114273749292 ], [ 640912.659481303882785, 2488697.026885197497904 ], [ 640912.607453037635423, 2488696.763843021821231 ], [ 640912.547167030046694, 2488696.517520986963063 ], [ 640912.479203868075274, 2488696.290291308891028 ], [ 640912.404218074283563, 2488696.084342333022505 ], [ 640912.32293180283159, 2488695.901657461654395 ], [ 640912.236127884825692, 2488695.743996048811823 ], [ 640912.144642289611511, 2488695.612876460887492 ], [ 640912.049356073373929, 2488695.509561450686306 ], [ 640911.951186894555576, 2488695.435045998543501 ], [ 640911.851080175954849, 2488695.39004772901535 ], [ 640911.75, 2488695.375 ], [ 640911.648919824045151, 2488695.39004772901535 ], [ 640911.548813105444424, 2488695.435045998543501 ], [ 640911.450643926626071, 2488695.509561450686306 ], [ 640911.355357710388489, 2488695.612876460887492 ], [ 640911.263872115174308, 2488695.743996048811823 ], [ 640911.17706819716841, 2488695.901657461654395 ], [ 640911.095781925716437, 2488696.084342333022505 ], [ 640911.020796131924726, 2488696.290291308891028 ], [ 640910.952832969953306, 2488696.517520986963063 ], [ 640910.892546962364577, 2488696.763843021821231 ], [ 640910.840518696117215, 2488697.026885197497904 ], [ 640910.797249232069589, 2488697.304114273749292 ], [ 640910.763155278749764, 2488697.59286038344726 ], [ 640910.738565179635771, 2488697.89034274360165 ], [ 640910.723715750616975, 2488698.193696436472237 ], [ 640910.71875, 2488698.5 ], [ 640910.723715750616975, 2488698.806303563527763 ], [ 640910.738565179635771, 2488699.10965725639835 ], [ 640910.763155278749764, 2488699.40713961655274 ], [ 640910.797249232069589, 2488699.695885726250708 ], [ 640910.840518696117215, 2488699.973114802502096 ], [ 640910.892546962364577, 2488700.236156978178769 ], [ 640910.952832969953306, 2488700.482479013036937 ], [ 640911.020796131924726, 2488700.709708691108972 ], [ 640911.095781925716437, 2488700.915657666977495 ], [ 640911.17706819716841, 2488701.098342538345605 ], [ 640911.263872115174308, 2488701.256003951188177 ], [ 640911.355357710388489, 2488701.387123539112508 ], [ 640911.450643926626071, 2488701.490438549313694 ], [ 640911.548813105444424, 2488701.564954001456499 ], [ 640911.648919824045151, 2488701.60995227098465 ], [ 640911.75, 2488701.625 ], [ 640911.851080175954849, 2488701.60995227098465 ], [ 640911.951186894555576, 2488701.564954001456499 ], [ 640912.049356073373929, 2488701.490438549313694 ], [ 640912.144642289611511, 2488701.387123539112508 ], [ 640912.236127884825692, 2488701.256003951188177 ], [ 640912.32293180283159, 2488701.098342538345605 ], [ 640912.404218074283563, 2488700.915657666977495 ], [ 640912.479203868075274, 2488700.709708691108972 ], [ 640912.547167030046694, 2488700.482479013036937 ], [ 640912.607453037635423, 2488700.236156978178769 ], [ 640912.659481303882785, 2488699.973114802502096 ], [ 640912.702750767930411, 2488699.695885726250708 ], [ 640912.736844721250236, 2488699.40713961655274 ], [ 640912.761434820364229, 2488699.10965725639835 ], [ 640912.776284249383025, 2488698.806303563527763 ], [ 640912.78125, 2488698.5 ] ] ] } },
{ "type": "Feature", "properties": { "xmin": 569.07709, "ymin": 290.65469, "xmax": 592.41125, "ymax": 315.41373, "score": 0.36158696, "label": "Tree", "tile_idx": 1, "geo_xmin": 641069.06, "geo_ymin": 2488786.5, "geo_xmax": 641075.56, "geo_ymax": 2488793.2, "center_x": 641072.31, "center_y": 2488790.0, "width_m": 6.5, "height_m": 6.75, "crown_diameter_m": 6.6238208, "lon": 88.371467993924682, "lat": 22.499748457589426, "crown_area_raw_m2": 34.459347, "crown_area_calibrated_m2": 41.351219, "agb_tree_kg": 67.841652868224855 }, "geometry": { "type": "Polygon", "coordinates": [ [ [ 641075.5625, 2488790.0 ], [ 641075.546850361628458, 2488789.669192151166499 ], [ 641075.500052161281928, 2488789.341570163145661 ], [ 641075.422556091099977, 2488789.020289214327931 ], [ 641075.315108480630443, 2488788.708443415816873 ], [ 641075.178744109114632, 2488788.409036013297737 ], [ 641075.014776239986531, 2488788.124950463417917 ], [ 641074.824783973395824, 2488787.858922665938735 ], [ 641074.610597038874403, 2488787.613514613360167 ], [ 641074.374278173549101, 2488787.391089719720185 ], [ 641074.118103257264011, 2488787.193790058605373 ], [ 641073.844539394718595, 2488787.023515732958913 ], [ 641073.556221155216917, 2488786.881906577851623 ], [ 641073.255925201112404, 2488786.770326367113739 ], [ 641072.946543546509929, 2488786.689849678426981 ], [ 641072.631055706064217, 2488786.641251547262073 ], [ 641072.3125, 2488786.625 ], [ 641071.993944293935783, 2488786.641251547262073 ], [ 641071.678456453490071, 2488786.689849678426981 ], [ 641071.369074798887596, 2488786.770326367113739 ], [ 641071.068778844783083, 2488786.881906577851623 ], [ 641070.780460605281405, 2488787.023515732958913 ], [ 641070.506896742735989, 2488787.193790058605373 ], [ 641070.250721826450899, 2488787.391089719720185 ], [ 641070.014402961125597, 2488787.613514613360167 ], [ 641069.800216026604176, 2488787.858922665938735 ], [ 641069.610223760013469, 2488788.124950463417917 ], [ 641069.446255890885368, 2488788.409036013297737 ], [ 641069.309891519369557, 2488788.708443415816873 ], [ 641069.202443908900023, 2488789.020289214327931 ], [ 641069.124947838718072, 2488789.341570163145661 ], [ 641069.078149638371542, 2488789.669192151166499 ], [ 641069.0625, 2488790.0 ], [ 641069.078149638371542, 2488790.330807848833501 ], [ 641069.124947838718072, 2488790.658429836854339 ], [ 641069.202443908900023, 2488790.979710785672069 ], [ 641069.309891519369557, 2488791.291556584183127 ], [ 641069.446255890885368, 2488791.590963986702263 ], [ 641069.610223760013469, 2488791.875049536582083 ], [ 641069.800216026604176, 2488792.141077334061265 ], [ 641070.014402961125597, 2488792.386485386639833 ], [ 641070.250721826450899, 2488792.608910280279815 ], [ 641070.506896742735989, 2488792.806209941394627 ], [ 641070.780460605281405, 2488792.976484267041087 ], [ 641071.068778844783083, 2488793.118093422148377 ], [ 641071.369074798887596, 2488793.229673632886261 ], [ 641071.678456453490071, 2488793.310150321573019 ], [ 641071.993944293935783, 2488793.358748452737927 ], [ 641072.3125, 2488793.375 ], [ 641072.631055706064217, 2488793.358748452737927 ], [ 641072.946543546509929, 2488793.310150321573019 ], [ 641073.255925201112404, 2488793.229673632886261 ], [ 641073.556221155216917, 2488793.118093422148377 ], [ 641073.844539394718595, 2488792.976484267041087 ], [ 641074.118103257264011, 2488792.806209941394627 ], [ 641074.374278173549101, 2488792.608910280279815 ], [ 641074.610597038874403, 2488792.386485386639833 ], [ 641074.824783973395824, 2488792.141077334061265 ], [ 641075.014776239986531, 2488791.875049536582083 ], [ 641075.178744109114632, 2488791.590963986702263 ], [ 641075.315108480630443, 2488791.291556584183127 ], [ 641075.422556091099977, 2488790.979710785672069 ], [ 641075.500052161281928, 2488790.658429836854339 ], [ 641075.546850361628458, 2488790.330807848833501 ], [ 641075.5625, 2488790.0 ] ] ] } },
{ "type": "Feature", "properties": { "xmin": 254.98889, "ymin": 171.61961, "xmax": 274.46002, "ymax": 193.57576, "score": 0.35829252, "label": "Tree", "tile_idx": 0, "geo_xmin": 640981.62, "geo_ymin": 2488819.8, "geo_xmax": 640987.06, "geo_ymax": 2488825.5, "center_x": 640984.38, "center_y": 2488822.5, "width_m": 5.4375, "height_m": 5.75, "crown_diameter_m": 5.5915675, "lon": 88.370616168770866, "lat": 22.500049252638156, "crown_area_raw_m2": 24.555965, "crown_area_calibrated_m2": 29.467159, "agb_tree_kg": 45.146295510192182 }, "geometry": { "type": "Polygon", "coordinates": [ [ [ 640987.09375, 2488822.5 ], [ 640987.080658475635573, 2488822.218200721777976 ], [ 640987.041509981150739, 2488821.939115324057639 ], [ 640986.976681537809782, 2488821.665431553032249 ], [ 640986.886797479004599, 2488821.399785132147372 ], [ 640986.772723437403329, 2488821.144734381698072 ], [ 640986.635558008449152, 2488820.902735580224544 ], [ 640986.476622170070186, 2488820.676119307987392 ], [ 640986.297446561395191, 2488820.467068003956228 ], [ 640986.099756741314195, 2488820.277594946790487 ], [ 640985.885456571006216, 2488820.109524864703417 ], [ 640985.656609878293239, 2488819.964476365130395 ], [ 640985.415420581703074, 2488819.84384634392336 ], [ 640985.164211466326378, 2488819.748796534724534 ], [ 640984.905401812982745, 2488819.680242318660021 ], [ 640984.641484100255184, 2488819.638843910768628 ], [ 640984.375, 2488819.625 ], [ 640984.108515899744816, 2488819.638843910768628 ], [ 640983.844598187017255, 2488819.680242318660021 ], [ 640983.585788533673622, 2488819.748796534724534 ], [ 640983.334579418296926, 2488819.84384634392336 ], [ 640983.093390121706761, 2488819.964476365130395 ], [ 640982.864543428993784, 2488820.109524864703417 ], [ 640982.650243258685805, 2488820.277594946790487 ], [ 640982.452553438604809, 2488820.467068003956228 ], [ 640982.273377829929814, 2488820.676119307987392 ], [ 640982.114441991550848, 2488820.902735580224544 ], [ 640981.977276562596671, 2488821.144734381698072 ], [ 640981.863202520995401, 2488821.399785132147372 ], [ 640981.773318462190218, 2488821.665431553032249 ], [ 640981.708490018849261, 2488821.939115324057639 ], [ 640981.669341524364427, 2488822.218200721777976 ], [ 640981.65625, 2488822.5 ], [ 640981.669341524364427, 2488822.781799278222024 ], [ 640981.708490018849261, 2488823.060884675942361 ], [ 640981.773318462190218, 2488823.334568446967751 ], [ 640981.863202520995401, 2488823.600214867852628 ], [ 640981.977276562596671, 2488823.855265618301928 ], [ 640982.114441991550848, 2488824.097264419775456 ], [ 640982.273377829929814, 2488824.323880692012608 ], [ 640982.452553438604809, 2488824.532931996043772 ], [ 640982.650243258685805, 2488824.722405053209513 ], [ 640982.864543428993784, 2488824.890475135296583 ], [ 640983.093390121706761, 2488825.035523634869605 ], [ 640983.334579418296926, 2488825.15615365607664 ], [ 640983.585788533673622, 2488825.251203465275466 ], [ 640983.844598187017255, 2488825.319757681339979 ], [ 640984.108515899744816, 2488825.361156089231372 ], [ 640984.375, 2488825.375 ], [ 640984.641484100255184, 2488825.361156089231372 ], [ 640984.905401812982745, 2488825.319757681339979 ], [ 640985.164211466326378, 2488825.251203465275466 ], [ 640985.415420581703074, 2488825.15615365607664 ], [ 640985.656609878293239, 2488825.035523634869605 ], [ 640985.885456571006216, 2488824.890475135296583 ], [ 640986.099756741314195, 2488824.722405053209513 ], [ 640986.297446561395191, 2488824.532931996043772 ], [ 640986.476622170070186, 2488824.323880692012608 ], [ 640986.635558008449152, 2488824.097264419775456 ], [ 640986.772723437403329, 2488823.855265618301928 ], [ 640986.886797479004599, 2488823.600214867852628 ], [ 640986.976681537809782, 2488823.334568446967751 ], [ 640987.041509981150739, 2488823.060884675942361 ], [ 640987.080658475635573, 2488822.781799278222024 ], [ 640987.09375, 2488822.5 ] ] ] } },
{ "type": "Feature", "properties": { "xmin": 272.72495, "ymin": 336.82434, "xmax": 291.97824, "ymax": 359.4231, "score": 0.35724595, "label": "Tree", "tile_idx": 0, "geo_xmin": 640986.56, "geo_ymin": 2488774.5, "geo_xmax": 640991.94, "geo_ymax": 2488780.8, "center_x": 640989.25, "center_y": 2488777.5, "width_m": 5.375, "height_m": 6.25, "crown_diameter_m": 5.7960114, "lon": 88.37065954705524, "lat": 22.499642435824764, "crown_area_raw_m2": 26.38447, "crown_area_calibrated_m2": 31.661366, "agb_tree_kg": 49.21688122749179 }, "geometry": { "type": "Polygon", "coordinates": [ [ [ 640991.9375, 2488777.5 ], [ 640991.924558952916414, 2488777.193696436472237 ], [ 640991.885860441136174, 2488776.89034274360165 ], [ 640991.821777152246796, 2488776.59286038344726 ], [ 640991.732926243566908, 2488776.304114273749292 ], [ 640991.620163397979923, 2488776.026885197497904 ], [ 640991.484574583009817, 2488775.763843021821231 ], [ 640991.327465593465604, 2488775.517520986963063 ], [ 640991.150349474395625, 2488775.290291308891028 ], [ 640990.954931951244362, 2488775.084342333022505 ], [ 640990.743095001205802, 2488774.901657461654395 ], [ 640990.516878730268218, 2488774.743996048811823 ], [ 640990.27846172451973, 2488774.612876460887492 ], [ 640990.030140070128255, 2488774.509561450686306 ], [ 640989.774305240367539, 2488774.435045998543501 ], [ 640989.513421064591967, 2488774.39004772901535 ], [ 640989.25, 2488774.375 ], [ 640988.986578935408033, 2488774.39004772901535 ], [ 640988.725694759632461, 2488774.435045998543501 ], [ 640988.469859929871745, 2488774.509561450686306 ], [ 640988.22153827548027, 2488774.612876460887492 ], [ 640987.983121269731782, 2488774.743996048811823 ], [ 640987.756904998794198, 2488774.901657461654395 ], [ 640987.545068048755638, 2488775.084342333022505 ], [ 640987.349650525604375, 2488775.290291308891028 ], [ 640987.172534406534396, 2488775.517520986963063 ], [ 640987.015425416990183, 2488775.763843021821231 ], [ 640986.879836602020077, 2488776.026885197497904 ], [ 640986.767073756433092, 2488776.304114273749292 ], [ 640986.678222847753204, 2488776.59286038344726 ], [ 640986.614139558863826, 2488776.89034274360165 ], [ 640986.575441047083586, 2488777.193696436472237 ], [ 640986.5625, 2488777.5 ], [ 640986.575441047083586, 2488777.806303563527763 ], [ 640986.614139558863826, 2488778.10965725639835 ], [ 640986.678222847753204, 2488778.40713961655274 ], [ 640986.767073756433092, 2488778.695885726250708 ], [ 640986.879836602020077, 2488778.973114802502096 ], [ 640987.015425416990183, 2488779.236156978178769 ], [ 640987.172534406534396, 2488779.482479013036937 ], [ 640987.349650525604375, 2488779.709708691108972 ], [ 640987.545068048755638, 2488779.915657666977495 ], [ 640987.756904998794198, 2488780.098342538345605 ], [ 640987.983121269731782, 2488780.256003951188177 ], [ 640988.22153827548027, 2488780.387123539112508 ], [ 640988.469859929871745, 2488780.490438549313694 ], [ 640988.725694759632461, 2488780.564954001456499 ], [ 640988.986578935408033, 2488780.60995227098465 ], [ 640989.25, 2488780.625 ], [ 640989.513421064591967, 2488780.60995227098465 ], [ 640989.774305240367539, 2488780.564954001456499 ], [ 640990.030140070128255, 2488780.490438549313694 ], [ 640990.27846172451973, 2488780.387123539112508 ], [ 640990.516878730268218, 2488780.256003951188177 ], [ 640990.743095001205802, 2488780.098342538345605 ], [ 640990.954931951244362, 2488779.915657666977495 ], [ 640991.150349474395625, 2488779.709708691108972 ], [ 640991.327465593465604, 2488779.482479013036937 ], [ 640991.484574583009817, 2488779.236156978178769 ], [ 640991.620163397979923, 2488778.973114802502096 ], [ 640991.732926243566908, 2488778.695885726250708 ], [ 640991.821777152246796, 2488778.40713961655274 ], [ 640991.885860441136174, 2488778.10965725639835 ], [ 640991.924558952916414, 2488777.806303563527763 ], [ 640991.9375, 2488777.5 ] ] ] } },
{ "type": "Feature", "properties": { "xmin": 273.16183, "ymin": 58.760208, "xmax": 294.90109, "ymax": 81.033203, "score": 0.35454187, "label": "Tree", "tile_idx": 0, "geo_xmin": 640986.69, "geo_ymin": 2488850.2, "geo_xmax": 640992.75, "geo_ymax": 2488856.2, "center_x": 640989.75, "center_y": 2488853.2, "width_m": 6.0625, "height_m": 6.0, "crown_diameter_m": 6.0311689, "lon": 88.370671148483368, "lat": 22.500326524147283, "crown_area_raw_m2": 28.568859, "crown_area_calibrated_m2": 34.282631, "agb_tree_kg": 54.154755631988209 }, "geometry": { "type": "Polygon", "coordinates": [ [ [ 640992.78125, 2488853.25 ], [ 640992.766653702710755, 2488852.955948579125106 ], [ 640992.723005381179973, 2488852.664729034062475 ], [ 640992.650725392741151, 2488852.379145968239754 ], [ 640992.55050983291585, 2488852.101949702948332 ], [ 640992.423323832568713, 2488851.835809789597988 ], [ 640992.27039226226043, 2488851.583289301022887 ], [ 640992.093187936698087, 2488851.346820147708058 ], [ 640991.893417430459522, 2488851.128679656423628 ], [ 640991.673004642594606, 2488850.930968639906496 ], [ 640991.434072268893942, 2488850.755591162946075 ], [ 640991.178921358543448, 2488850.604236206971109 ], [ 640990.910009154351428, 2488850.478361402638257 ], [ 640990.629925427958369, 2488850.37917899293825 ], [ 640990.341367538669147, 2488850.307644158601761 ], [ 640990.047114456654526, 2488850.264445819891989 ], [ 640989.75, 2488850.25 ], [ 640989.452885543345474, 2488850.264445819891989 ], [ 640989.158632461330853, 2488850.307644158601761 ], [ 640988.870074572041631, 2488850.37917899293825 ], [ 640988.589990845648572, 2488850.478361402638257 ], [ 640988.321078641456552, 2488850.604236206971109 ], [ 640988.065927731106058, 2488850.755591162946075 ], [ 640987.826995357405394, 2488850.930968639906496 ], [ 640987.606582569540478, 2488851.128679656423628 ], [ 640987.406812063301913, 2488851.346820147708058 ], [ 640987.22960773773957, 2488851.583289301022887 ], [ 640987.076676167431287, 2488851.835809789597988 ], [ 640986.94949016708415, 2488852.101949702948332 ], [ 640986.849274607258849, 2488852.379145968239754 ], [ 640986.776994618820027, 2488852.664729034062475 ], [ 640986.733346297289245, 2488852.955948579125106 ], [ 640986.71875, 2488853.25 ], [ 640986.733346297289245, 2488853.544051420874894 ], [ 640986.776994618820027, 2488853.835270965937525 ], [ 640986.849274607258849, 2488854.120854031760246 ], [ 640986.94949016708415, 2488854.398050297051668 ], [ 640987.076676167431287, 2488854.664190210402012 ], [ 640987.22960773773957, 2488854.916710698977113 ], [ 640987.406812063301913, 2488855.153179852291942 ], [ 640987.606582569540478, 2488855.371320343576372 ], [ 640987.826995357405394, 2488855.569031360093504 ], [ 640988.065927731106058, 2488855.744408837053925 ], [ 640988.321078641456552, 2488855.895763793028891 ], [ 640988.589990845648572, 2488856.021638597361743 ], [ 640988.870074572041631, 2488856.12082100706175 ], [ 640989.158632461330853, 2488856.192355841398239 ], [ 640989.452885543345474, 2488856.235554180108011 ], [ 640989.75, 2488856.25 ], [ 640990.047114456654526, 2488856.235554180108011 ], [ 640990.341367538669147, 2488856.192355841398239 ], [ 640990.629925427958369, 2488856.12082100706175 ], [ 640990.910009154351428, 2488856.021638597361743 ], [ 640991.178921358543448, 2488855.895763793028891 ], [ 640991.434072268893942, 2488855.744408837053925 ], [ 640991.673004642594606, 2488855.569031360093504 ], [ 640991.893417430459522, 2488855.371320343576372 ], [ 640992.093187936698087, 2488855.153179852291942 ], [ 640992.27039226226043, 2488854.916710698977113 ], [ 640992.423323832568713, 2488854.664190210402012 ], [ 640992.55050983291585, 2488854.398050297051668 ], [ 640992.650725392741151, 2488854.120854031760246 ], [ 640992.723005381179973, 2488853.835270965937525 ], [ 640992.766653702710755, 2488853.544051420874894 ], [ 640992.78125, 2488853.25 ] ] ] } },
{ "type": "Feature", "properties": { "xmin": 551.51208, "ymin": 1.3695402, "xmax": 571.51019, "ymax": 21.800949, "score": 0.34851608, "label": "Tree", "tile_idx": 1, "geo_xmin": 641064.19, "geo_ymin": 2488866.2, "geo_xmax": 641069.75, "geo_ymax": 2488872.0, "center_x": 641067.0, "center_y": 2488869.0, "width_m": 5.5625, "height_m": 5.75, "crown_diameter_m": 5.6554732, "lon": 88.371423393324747, "lat": 22.500462378692344, "crown_area_raw_m2": 25.12047, "crown_area_calibrated_m2": 30.144566, "agb_tree_kg": 46.396665433917157 }, "geometry": { "type": "Polygon", "coordinates": [ [ [ 641069.78125, 2488869.0 ], [ 641069.767857521073893, 2488868.718200721777976 ], [ 641069.727809061063454, 2488868.439115324057639 ], [ 641069.661490308702923, 2488868.165431553032249 ], [ 641069.569539949763566, 2488867.899785132147372 ], [ 641069.452843516482972, 2488867.644734381698072 ], [ 641069.312524859211408, 2488867.402735580224544 ], [ 641069.149935323395766, 2488867.176119307987392 ], [ 641068.966640735161491, 2488866.967068003956228 ], [ 641068.764406321570277, 2488866.777594946790487 ], [ 641068.545179710607044, 2488866.609524864703417 ], [ 641068.31107217434328, 2488866.464476365130395 ], [ 641068.064338296302594, 2488866.34384634392336 ], [ 641067.80735425860621, 2488866.248796534724534 ], [ 641067.542594958096743, 2488866.180242318660021 ], [ 641067.272610171581618, 2488866.138843910768628 ], [ 641067.0, 2488866.125 ], [ 641066.727389828418382, 2488866.138843910768628 ], [ 641066.457405041903257, 2488866.180242318660021 ], [ 641066.19264574139379, 2488866.248796534724534 ], [ 641065.935661703697406, 2488866.34384634392336 ], [ 641065.68892782565672, 2488866.464476365130395 ], [ 641065.454820289392956, 2488866.609524864703417 ], [ 641065.235593678429723, 2488866.777594946790487 ], [ 641065.033359264838509, 2488866.967068003956228 ], [ 641064.850064676604234, 2488867.176119307987392 ], [ 641064.687475140788592, 2488867.402735580224544 ], [ 641064.547156483517028, 2488867.644734381698072 ], [ 641064.430460050236434, 2488867.899785132147372 ], [ 641064.338509691297077, 2488868.165431553032249 ], [ 641064.272190938936546, 2488868.439115324057639 ], [ 641064.232142478926107, 2488868.718200721777976 ], [ 641064.21875, 2488869.0 ], [ 641064.232142478926107, 2488869.281799278222024 ], [ 641064.272190938936546, 2488869.560884675942361 ], [ 641064.338509691297077, 2488869.834568446967751 ], [ 641064.430460050236434, 2488870.100214867852628 ], [ 641064.547156483517028, 2488870.355265618301928 ], [ 641064.687475140788592, 2488870.597264419775456 ], [ 641064.850064676604234, 2488870.823880692012608 ], [ 641065.033359264838509, 2488871.032931996043772 ], [ 641065.235593678429723, 2488871.222405053209513 ], [ 641065.454820289392956, 2488871.390475135296583 ], [ 641065.68892782565672, 2488871.535523634869605 ], [ 641065.935661703697406, 2488871.65615365607664 ], [ 641066.19264574139379, 2488871.751203465275466 ], [ 641066.457405041903257, 2488871.819757681339979 ], [ 641066.727389828418382, 2488871.861156089231372 ], [ 641067.0, 2488871.875 ], [ 641067.272610171581618, 2488871.861156089231372 ], [ 641067.542594958096743, 2488871.819757681339979 ], [ 641067.80735425860621, 2488871.751203465275466 ], [ 641068.064338296302594, 2488871.65615365607664 ], [ 641068.31107217434328, 2488871.535523634869605 ], [ 641068.545179710607044, 2488871.390475135296583 ], [ 641068.764406321570277, 2488871.222405053209513 ], [ 641068.966640735161491, 2488871.032931996043772 ], [ 641069.149935323395766, 2488870.823880692012608 ], [ 641069.312524859211408, 2488870.597264419775456 ], [ 641069.452843516482972, 2488870.355265618301928 ], [ 641069.569539949763566, 2488870.100214867852628 ], [ 641069.661490308702923, 2488869.834568446967751 ], [ 641069.727809061063454, 2488869.560884675942361 ], [ 641069.767857521073893, 2488869.281799278222024 ], [ 641069.78125, 2488869.0 ] ] ] } },
{ "type": "Feature", "properties": { "xmin": 699.06055, "ymin": 199.45152, "xmax": 718.90967, "ymax": 219.66374, "score": 0.34326756, "label": "Tree", "tile_idx": 2, "geo_xmin": 641105.25, "geo_ymin": 2488812.5, "geo_xmax": 641110.81, "geo_ymax": 2488818.0, "center_x": 641108.0, "center_y": 2488815.2, "width_m": 5.5625, "height_m": 5.5, "crown_diameter_m": 5.5311618, "lon": 88.371817111190225, "lat": 22.49997354739703, "crown_area_raw_m2": 24.028275, "crown_area_calibrated_m2": 28.833931, "agb_tree_kg": 43.982705788525259 }, "geometry": { "type": "Polygon", "coordinates": [ [ [ 641110.78125, 2488815.25 ], [ 641110.767857521073893, 2488814.980452863965183 ], [ 641110.727809061063454, 2488814.713501614518464 ], [ 641110.661490308702923, 2488814.451717137359083 ], [ 641110.569539949763566, 2488814.19762056088075 ], [ 641110.452843516482972, 2488813.953658973798156 ], [ 641110.312524859211408, 2488813.7221818594262 ], [ 641110.149935323395766, 2488813.505418468732387 ], [ 641109.966640735161491, 2488813.30545635195449 ], [ 641109.764406321570277, 2488813.124221253208816 ], [ 641109.545179710607044, 2488812.963458565995097 ], [ 641109.31107217434328, 2488812.824716522824019 ], [ 641109.064338296302594, 2488812.709331285674125 ], [ 641108.80735425860621, 2488812.618414076510817 ], [ 641108.542594958096743, 2488812.552840478718281 ], [ 641108.272610171581618, 2488812.513242001645267 ], [ 641108.0, 2488812.5 ], [ 641107.727389828418382, 2488812.513242001645267 ], [ 641107.457405041903257, 2488812.552840478718281 ], [ 641107.19264574139379, 2488812.618414076510817 ], [ 641106.935661703697406, 2488812.709331285674125 ], [ 641106.68892782565672, 2488812.824716522824019 ], [ 641106.454820289392956, 2488812.963458565995097 ], [ 641106.235593678429723, 2488813.124221253208816 ], [ 641106.033359264838509, 2488813.30545635195449 ], [ 641105.850064676604234, 2488813.505418468732387 ], [ 641105.687475140788592, 2488813.7221818594262 ], [ 641105.547156483517028, 2488813.953658973798156 ], [ 641105.430460050236434, 2488814.19762056088075 ], [ 641105.338509691297077, 2488814.451717137359083 ], [ 641105.272190938936546, 2488814.713501614518464 ], [ 641105.232142478926107, 2488814.980452863965183 ], [ 641105.21875, 2488815.25 ], [ 641105.232142478926107, 2488815.519547136034817 ], [ 641105.272190938936546, 2488815.786498385481536 ], [ 641105.338509691297077, 2488816.048282862640917 ], [ 641105.430460050236434, 2488816.30237943911925 ], [ 641105.547156483517028, 2488816.546341026201844 ], [ 641105.687475140788592, 2488816.7778181405738 ], [ 641105.850064676604234, 2488816.994581531267613 ], [ 641106.033359264838509, 2488817.19454364804551 ], [ 641106.235593678429723, 2488817.375778746791184 ], [ 641106.454820289392956, 2488817.536541434004903 ], [ 641106.68892782565672, 2488817.675283477175981 ], [ 641106.935661703697406, 2488817.790668714325875 ], [ 641107.19264574139379, 2488817.881585923489183 ], [ 641107.457405041903257, 2488817.947159521281719 ], [ 641107.727389828418382, 2488817.986757998354733 ], [ 641108.0, 2488818.0 ], [ 641108.272610171581618, 2488817.986757998354733 ], [ 641108.542594958096743, 2488817.947159521281719 ], [ 641108.80735425860621, 2488817.881585923489183 ], [ 641109.064338296302594, 2488817.790668714325875 ], [ 641109.31107217434328, 2488817.675283477175981 ], [ 641109.545179710607044, 2488817.536541434004903 ], [ 641109.764406321570277, 2488817.375778746791184 ], [ 641109.966640735161491, 2488817.19454364804551 ], [ 641110.149935323395766, 2488816.994581531267613 ], [ 641110.312524859211408, 2488816.7778181405738 ], [ 641110.452843516482972, 2488816.546341026201844 ], [ 641110.569539949763566, 2488816.30237943911925 ], [ 641110.661490308702923, 2488816.048282862640917 ], [ 641110.727809061063454, 2488815.786498385481536 ], [ 641110.767857521073893, 2488815.519547136034817 ], [ 641110.78125, 2488815.25 ] ] ] } },
{ "type": "Feature", "properties": { "xmin": 624.74359, "ymin": 594.59229, "xmax": 649.62091, "ymax": 626.08496, "score": 0.34302467, "label": "Tree", "tile_idx": 5, "geo_xmin": 641084.56, "geo_ymin": 2488702.0, "geo_xmax": 641091.5, "geo_ymax": 2488710.5, "center_x": 641088.0, "center_y": 2488706.2, "width_m": 6.9375, "height_m": 8.5, "crown_diameter_m": 7.6791115, "lon": 88.371613011589531, "lat": 22.498990778721684, "crown_area_raw_m2": 46.31395, "crown_area_calibrated_m2": 55.57674, "agb_tree_kg": 96.791893915544364 }, "geometry": { "type": "Polygon", "coordinates": [ [ [ 641091.46875, 2488706.25 ], [ 641091.452047020662576, 2488705.833427153527737 ], [ 641091.402098941383883, 2488705.42086613131687 ], [ 641091.319386789575219, 2488705.016290121711791 ], [ 641091.204707128345035, 2488704.623595412354916 ], [ 641091.059164385660551, 2488704.24656386859715 ], [ 641090.884160217712633, 2488703.888826509471983 ], [ 641090.681380010093562, 2488703.553828542120755 ], [ 641090.452776647289284, 2488703.244796180166304 ], [ 641090.200551704387181, 2488702.964705573394895 ], [ 641089.927134245750494, 2488702.716254147700965 ], [ 641089.635157430893742, 2488702.501834626309574 ], [ 641089.327433155965991, 2488702.323511986993253 ], [ 641089.00692497426644, 2488702.183003573212773 ], [ 641088.676719554467127, 2488702.081662558484823 ], [ 641088.339996955473907, 2488702.020464911591262 ], [ 641088.0, 2488702.0 ], [ 641087.660003044526093, 2488702.020464911591262 ], [ 641087.323280445532873, 2488702.081662558484823 ], [ 641086.99307502573356, 2488702.183003573212773 ], [ 641086.672566844034009, 2488702.323511986993253 ], [ 641086.364842569106258, 2488702.501834626309574 ], [ 641086.072865754249506, 2488702.716254147700965 ], [ 641085.799448295612819, 2488702.964705573394895 ], [ 641085.547223352710716, 2488703.244796180166304 ], [ 641085.318619989906438, 2488703.553828542120755 ], [ 641085.115839782287367, 2488703.888826509471983 ], [ 641084.940835614339449, 2488704.24656386859715 ], [ 641084.795292871654965, 2488704.623595412354916 ], [ 641084.680613210424781, 2488705.016290121711791 ], [ 641084.597901058616117, 2488705.42086613131687 ], [ 641084.547952979337424, 2488705.833427153527737 ], [ 641084.53125, 2488706.25 ], [ 641084.547952979337424, 2488706.666572846472263 ], [ 641084.597901058616117, 2488707.07913386868313 ], [ 641084.680613210424781, 2488707.483709878288209 ], [ 641084.795292871654965, 2488707.876404587645084 ], [ 641084.940835614339449, 2488708.25343613140285 ], [ 641085.115839782287367, 2488708.611173490528017 ], [ 641085.318619989906438, 2488708.946171457879245 ], [ 641085.547223352710716, 2488709.255203819833696 ], [ 641085.799448295612819, 2488709.535294426605105 ], [ 641086.072865754249506, 2488709.783745852299035 ], [ 641086.364842569106258, 2488709.998165373690426 ], [ 641086.672566844034009, 2488710.176488013006747 ], [ 641086.99307502573356, 2488710.316996426787227 ], [ 641087.323280445532873, 2488710.418337441515177 ], [ 641087.660003044526093, 2488710.479535088408738 ], [ 641088.0, 2488710.5 ], [ 641088.339996955473907, 2488710.479535088408738 ], [ 641088.676719554467127, 2488710.418337441515177 ], [ 641089.00692497426644, 2488710.316996426787227 ], [ 641089.327433155965991, 2488710.176488013006747 ], [ 641089.635157430893742, 2488709.998165373690426 ], [ 641089.927134245750494, 2488709.783745852299035 ], [ 641090.200551704387181, 2488709.535294426605105 ], [ 641090.452776647289284, 2488709.255203819833696 ], [ 641090.681380010093562, 2488708.946171457879245 ], [ 641090.884160217712633, 2488708.611173490528017 ], [ 641091.059164385660551, 2488708.25343613140285 ], [ 641091.204707128345035, 2488707.876404587645084 ], [ 641091.319386789575219, 2488707.483709878288209 ], [ 641091.402098941383883, 2488707.07913386868313 ], [ 641091.452047020662576, 2488706.666572846472263 ], [ 641091.46875, 2488706.25 ] ] ] } },
{ "type": "Feature", "properties": { "xmin": 200.35471, "ymin": 720.0636, "xmax": 233.25113, "ymax": 751.92639, "score": 0.34066725, "label": "Tree", "tile_idx": 6, "geo_xmin": 640966.44, "geo_ymin": 2488667.8, "geo_xmax": 640975.56, "geo_ymax": 2488676.5, "center_x": 640971.0, "center_y": 2488672.0, "width_m": 9.125, "height_m": 8.75, "crown_diameter_m": 8.9355326, "lon": 88.3704727767756, "lat": 22.498691130480729, "crown_area_raw_m2": 62.709137, "crown_area_calibrated_m2": 75.250969, "agb_tree_kg": 139.33010130319718 }, "geometry": { "type": "Polygon", "coordinates": [ [ [ 640975.5625, 2488672.0 ], [ 640975.54053031548392, 2488671.571175010874867 ], [ 640975.474832841893658, 2488671.146479841321707 ], [ 640975.366040281835012, 2488670.730004536919296 ], [ 640975.215200367034413, 2488670.325759983621538 ], [ 640975.02376576862298, 2488669.937639276497066 ], [ 640974.793580106110312, 2488669.569380230735987 ], [ 640974.526860193465836, 2488669.224529381841421 ], [ 640974.226174689130858, 2488668.906407832168043 ], [ 640973.894419359043241, 2488668.618079266510904 ], [ 640973.534789188182913, 2488668.362320445943624 ], [ 640973.150747611769475, 2488668.141594468615949 ], [ 640972.745993160177022, 2488667.958027045242488 ], [ 640972.3244238399202, 2488667.813386030960828 ], [ 640971.890099594253115, 2488667.709064398426563 ], [ 640971.44720320275519, 2488667.646066820714623 ], [ 640971.0, 2488667.625 ], [ 640970.55279679724481, 2488667.646066820714623 ], [ 640970.109900405746885, 2488667.709064398426563 ], [ 640969.6755761600798, 2488667.813386030960828 ], [ 640969.254006839822978, 2488667.958027045242488 ], [ 640968.849252388230525, 2488668.141594468615949 ], [ 640968.465210811817087, 2488668.362320445943624 ], [ 640968.105580640956759, 2488668.618079266510904 ], [ 640967.773825310869142, 2488668.906407832168043 ], [ 640967.473139806534164, 2488669.224529381841421 ], [ 640967.206419893889688, 2488669.569380230735987 ], [ 640966.97623423137702, 2488669.937639276497066 ], [ 640966.784799632965587, 2488670.325759983621538 ], [ 640966.633959718164988, 2488670.730004536919296 ], [ 640966.525167158106342, 2488671.146479841321707 ], [ 640966.45946968451608, 2488671.571175010874867 ], [ 640966.4375, 2488672.0 ], [ 640966.45946968451608, 2488672.428824989125133 ], [ 640966.525167158106342, 2488672.853520158678293 ], [ 640966.633959718164988, 2488673.269995463080704 ], [ 640966.784799632965587, 2488673.674240016378462 ], [ 640966.97623423137702, 2488674.062360723502934 ], [ 640967.206419893889688, 2488674.430619769264013 ], [ 640967.473139806534164, 2488674.775470618158579 ], [ 640967.773825310869142, 2488675.093592167831957 ], [ 640968.105580640956759, 2488675.381920733489096 ], [ 640968.465210811817087, 2488675.637679554056376 ], [ 640968.849252388230525, 2488675.858405531384051 ], [ 640969.254006839822978, 2488676.041972954757512 ], [ 640969.6755761600798, 2488676.186613969039172 ], [ 640970.109900405746885, 2488676.290935601573437 ], [ 640970.55279679724481, 2488676.353933179285377 ], [ 640971.0, 2488676.375 ], [ 640971.44720320275519, 2488676.353933179285377 ], [ 640971.890099594253115, 2488676.290935601573437 ], [ 640972.3244238399202, 2488676.186613969039172 ], [ 640972.745993160177022, 2488676.041972954757512 ], [ 640973.150747611769475, 2488675.858405531384051 ], [ 640973.534789188182913, 2488675.637679554056376 ], [ 640973.894419359043241, 2488675.381920733489096 ], [ 640974.226174689130858, 2488675.093592167831957 ], [ 640974.526860193465836, 2488674.775470618158579 ], [ 640974.793580106110312, 2488674.430619769264013 ], [ 640975.02376576862298, 2488674.062360723502934 ], [ 640975.215200367034413, 2488673.674240016378462 ], [ 640975.366040281835012, 2488673.269995463080704 ], [ 640975.474832841893658, 2488672.853520158678293 ], [ 640975.54053031548392, 2488672.428824989125133 ], [ 640975.5625, 2488672.0 ] ] ] } },
{ "type": "Feature", "properties": { "xmin": 359.9407, "ymin": 0.0, "xmax": 390.78696, "ymax": 17.860268, "score": 0.34062231, "label": "Tree", "tile_idx": 0, "geo_xmin": 641010.88, "geo_ymin": 2488867.5, "geo_xmax": 641019.44, "geo_ymax": 2488872.2, "center_x": 641015.12, "center_y": 2488870.0, "width_m": 8.5625, "height_m": 4.75, "crown_diameter_m": 6.3774505, "lon": 88.370919275446496, "lat": 22.500475701665419, "crown_area_raw_m2": 31.943615, "crown_area_calibrated_m2": 38.33234, "agb_tree_kg": 61.933129299753602 }, "geometry": { "type": "Polygon", "coordinates": [ [ [ 641019.40625, 2488870.0 ], [ 641019.385634611011483, 2488869.767209291923791 ], [ 641019.323986981762573, 2488869.536660485435277 ], [ 641019.221900812350214, 2488869.310573891736567 ], [ 641019.080359248560853, 2488869.091126848012209 ], [ 641018.900725412997417, 2488868.880432750098407 ], [ 641018.684729277621955, 2488868.680520696565509 ], [ 641018.434451003442518, 2488868.493315950036049 ], [ 641018.152300906949677, 2488868.32062139455229 ], [ 641017.840996247832663, 2488868.164100173395127 ], [ 641017.503535060095601, 2488868.025259670801461 ], [ 641017.143167279544286, 2488867.905436997301877 ], [ 641016.763363444828428, 2488867.805786110460758 ], [ 641016.367781274486333, 2488867.727266702800989 ], [ 641015.96023044118192, 2488867.670634958893061 ], [ 641015.544635882019065, 2488867.636436274275184 ], [ 641015.125, 2488867.625 ], [ 641014.705364117980935, 2488867.636436274275184 ], [ 641014.28976955881808, 2488867.670634958893061 ], [ 641013.882218725513667, 2488867.727266702800989 ], [ 641013.486636555171572, 2488867.805786110460758 ], [ 641013.106832720455714, 2488867.905436997301877 ], [ 641012.746464939904399, 2488868.025259670801461 ], [ 641012.409003752167337, 2488868.164100173395127 ], [ 641012.097699093050323, 2488868.32062139455229 ], [ 641011.815548996557482, 2488868.493315950036049 ], [ 641011.565270722378045, 2488868.680520696565509 ], [ 641011.349274587002583, 2488868.880432750098407 ], [ 641011.169640751439147, 2488869.091126848012209 ], [ 641011.028099187649786, 2488869.310573891736567 ], [ 641010.926013018237427, 2488869.536660485435277 ], [ 641010.864365388988517, 2488869.767209291923791 ], [ 641010.84375, 2488870.0 ], [ 641010.864365388988517, 2488870.232790708076209 ], [ 641010.926013018237427, 2488870.463339514564723 ], [ 641011.028099187649786, 2488870.689426108263433 ], [ 641011.169640751439147, 2488870.908873151987791 ], [ 641011.349274587002583, 2488871.119567249901593 ], [ 641011.565270722378045, 2488871.319479303434491 ], [ 641011.815548996557482, 2488871.506684049963951 ], [ 641012.097699093050323, 2488871.67937860544771 ], [ 641012.409003752167337, 2488871.835899826604873 ], [ 641012.746464939904399, 2488871.974740329198539 ], [ 641013.106832720455714, 2488872.094563002698123 ], [ 641013.486636555171572, 2488872.194213889539242 ], [ 641013.882218725513667, 2488872.272733297199011 ], [ 641014.28976955881808, 2488872.329365041106939 ], [ 641014.705364117980935, 2488872.363563725724816 ], [ 641015.125, 2488872.375 ], [ 641015.544635882019065, 2488872.363563725724816 ], [ 641015.96023044118192, 2488872.329365041106939 ], [ 641016.367781274486333, 2488872.272733297199011 ], [ 641016.763363444828428, 2488872.194213889539242 ], [ 641017.143167279544286, 2488872.094563002698123 ], [ 641017.503535060095601, 2488871.974740329198539 ], [ 641017.840996247832663, 2488871.835899826604873 ], [ 641018.152300906949677, 2488871.67937860544771 ], [ 641018.434451003442518, 2488871.506684049963951 ], [ 641018.684729277621955, 2488871.319479303434491 ], [ 641018.900725412997417, 2488871.119567249901593 ], [ 641019.080359248560853, 2488870.908873151987791 ], [ 641019.221900812350214, 2488870.689426108263433 ], [ 641019.323986981762573, 2488870.463339514564723 ], [ 641019.385634611011483, 2488870.232790708076209 ], [ 641019.40625, 2488870.0 ] ] ] } },
{ "type": "Feature", "properties": { "xmin": 320.0, "ymin": 989.79633, "xmax": 328.41663, "ymax": 1015.998, "score": 0.33859149, "label": "Tree", "tile_idx": 7, "geo_xmin": 640999.75, "geo_ymin": 2488596.0, "geo_xmax": 641002.06, "geo_ymax": 2488603.2, "center_x": 641000.88, "center_y": 2488599.5, "width_m": 2.3125, "height_m": 7.25, "crown_diameter_m": 4.0945849, "lon": 88.370756695409909, "lat": 22.498033882458738, "crown_area_raw_m2": 13.167691, "crown_area_calibrated_m2": 15.80123, "agb_tree_kg": 21.345384061846783 }, "geometry": { "type": "Polygon", "coordinates": [ [ [ 641002.03125, 2488599.5 ], [ 641002.025682340259664, 2488599.144687866326421 ], [ 641002.009032980422489, 2488598.792797582689673 ], [ 641001.981462263152935, 2488598.447718044742942 ], [ 641001.943235709448345, 2488598.112772557884455 ], [ 641001.894721461925656, 2488597.791186829097569 ], [ 641001.83638673927635, 2488597.486057905480266 ], [ 641001.768793336697854, 2488597.200324344914407 ], [ 641001.692592215724289, 2488596.936737918294966 ], [ 641001.608517234795727, 2488596.697837106417865 ], [ 641001.517378081916831, 2488596.485922655556351 ], [ 641001.420052476925775, 2488596.303035416640341 ], [ 641001.317477718694136, 2488596.150936694815755 ], [ 641001.210641658050008, 2488596.031091283075511 ], [ 641001.10057318478357, 2488595.944653358310461 ], [ 641000.988332318491302, 2488595.892455365974456 ], [ 641000.875, 2488595.875 ], [ 641000.761667681508698, 2488595.892455365974456 ], [ 641000.64942681521643, 2488595.944653358310461 ], [ 641000.539358341949992, 2488596.031091283075511 ], [ 641000.432522281305864, 2488596.150936694815755 ], [ 641000.329947523074225, 2488596.303035416640341 ], [ 641000.232621918083169, 2488596.485922655556351 ], [ 641000.141482765204273, 2488596.697837106417865 ], [ 641000.057407784275711, 2488596.936737918294966 ], [ 640999.981206663302146, 2488597.200324344914407 ], [ 640999.91361326072365, 2488597.486057905480266 ], [ 640999.855278538074344, 2488597.791186829097569 ], [ 640999.806764290551655, 2488598.112772557884455 ], [ 640999.768537736847065, 2488598.447718044742942 ], [ 640999.740967019577511, 2488598.792797582689673 ], [ 640999.724317659740336, 2488599.144687866326421 ], [ 640999.71875, 2488599.5 ], [ 640999.724317659740336, 2488599.855312133673579 ], [ 640999.740967019577511, 2488600.207202417310327 ], [ 640999.768537736847065, 2488600.552281955257058 ], [ 640999.806764290551655, 2488600.887227442115545 ], [ 640999.855278538074344, 2488601.208813170902431 ], [ 640999.91361326072365, 2488601.513942094519734 ], [ 640999.981206663302146, 2488601.799675655085593 ], [ 641000.057407784275711, 2488602.063262081705034 ], [ 641000.141482765204273, 2488602.302162893582135 ], [ 641000.232621918083169, 2488602.514077344443649 ], [ 641000.329947523074225, 2488602.696964583359659 ], [ 641000.432522281305864, 2488602.849063305184245 ], [ 641000.539358341949992, 2488602.968908716924489 ], [ 641000.64942681521643, 2488603.055346641689539 ], [ 641000.761667681508698, 2488603.107544634025544 ], [ 641000.875, 2488603.125 ], [ 641000.988332318491302, 2488603.107544634025544 ], [ 641001.10057318478357, 2488603.055346641689539 ], [ 641001.210641658050008, 2488602.968908716924489 ], [ 641001.317477718694136, 2488602.849063305184245 ], [ 641001.420052476925775, 2488602.696964583359659 ], [ 641001.517378081916831, 2488602.514077344443649 ], [ 641001.608517234795727, 2488602.302162893582135 ], [ 641001.692592215724289, 2488602.063262081705034 ], [ 641001.768793336697854, 2488601.799675655085593 ], [ 641001.83638673927635, 2488601.513942094519734 ], [ 641001.894721461925656, 2488601.208813170902431 ], [ 641001.943235709448345, 2488600.887227442115545 ], [ 641001.981462263152935, 2488600.552281955257058 ], [ 641002.009032980422489, 2488600.207202417310327 ], [ 641002.025682340259664, 2488599.855312133673579 ], [ 641002.03125, 2488599.5 ] ] ] } },
{ "type": "Feature", "properties": { "xmin": 385.78687, "ymin": 693.55426, "xmax": 412.85486, "ymax": 718.94092, "score": 0.33052036, "label": "Tree", "tile_idx": 4, "geo_xmin": 641018.06, "geo_ymin": 2488676.8, "geo_xmax": 641025.56, "geo_ymax": 2488683.8, "center_x": 641021.81, "center_y": 2488680.2, "width_m": 7.5, "height_m": 7.0, "crown_diameter_m": 7.2456884, "lon": 88.370967384683823, "lat": 22.498761437692256, "crown_area_raw_m2": 41.233402, "crown_area_calibrated_m2": 49.480083, "agb_tree_kg": 84.174956774592857 }, "geometry": { "type": "Polygon", "coordinates": [ [ [ 641025.5625, 2488680.25 ], [ 641025.544442725018598, 2488679.906940008979291 ], [ 641025.490444801514968, 2488679.567183873150498 ], [ 641025.401026258943602, 2488679.234003629535437 ], [ 641025.27704824693501, 2488678.910607986617833 ], [ 641025.119704741286114, 2488678.600111421197653 ], [ 641024.930511046084575, 2488678.305504184216261 ], [ 641024.71128920011688, 2488678.029623505659401 ], [ 641024.464150429470465, 2488677.775126265827566 ], [ 641024.191474815597758, 2488677.544463413301855 ], [ 641023.895888373837806, 2488677.339856356848031 ], [ 641023.58023776311893, 2488677.163275574799627 ], [ 641023.247562871314585, 2488677.016421636100858 ], [ 641022.901067539700307, 2488676.900708824861795 ], [ 641022.544088707538322, 2488676.817251518368721 ], [ 641022.180064276210032, 2488676.766853456851095 ], [ 641021.8125, 2488676.75 ], [ 641021.444935723789968, 2488676.766853456851095 ], [ 641021.080911292461678, 2488676.817251518368721 ], [ 641020.723932460299693, 2488676.900708824861795 ], [ 641020.377437128685415, 2488677.016421636100858 ], [ 641020.04476223688107, 2488677.163275574799627 ], [ 641019.729111626162194, 2488677.339856356848031 ], [ 641019.433525184402242, 2488677.544463413301855 ], [ 641019.160849570529535, 2488677.775126265827566 ], [ 641018.91371079988312, 2488678.029623505659401 ], [ 641018.694488953915425, 2488678.305504184216261 ], [ 641018.505295258713886, 2488678.600111421197653 ], [ 641018.34795175306499, 2488678.910607986617833 ], [ 641018.223973741056398, 2488679.234003629535437 ], [ 641018.134555198485032, 2488679.567183873150498 ], [ 641018.080557274981402, 2488679.906940008979291 ], [ 641018.0625, 2488680.25 ], [ 641018.080557274981402, 2488680.593059991020709 ], [ 641018.134555198485032, 2488680.932816126849502 ], [ 641018.223973741056398, 2488681.265996370464563 ], [ 641018.34795175306499, 2488681.589392013382167 ], [ 641018.505295258713886, 2488681.899888578802347 ], [ 641018.694488953915425, 2488682.194495815783739 ], [ 641018.91371079988312, 2488682.470376494340599 ], [ 641019.160849570529535, 2488682.724873734172434 ], [ 641019.433525184402242, 2488682.955536586698145 ], [ 641019.729111626162194, 2488683.160143643151969 ], [ 641020.04476223688107, 2488683.336724425200373 ], [ 641020.377437128685415, 2488683.483578363899142 ], [ 641020.723932460299693, 2488683.599291175138205 ], [ 641021.080911292461678, 2488683.682748481631279 ], [ 641021.444935723789968, 2488683.733146543148905 ], [ 641021.8125, 2488683.75 ], [ 641022.180064276210032, 2488683.733146543148905 ], [ 641022.544088707538322, 2488683.682748481631279 ], [ 641022.901067539700307, 2488683.599291175138205 ], [ 641023.247562871314585, 2488683.483578363899142 ], [ 641023.58023776311893, 2488683.336724425200373 ], [ 641023.895888373837806, 2488683.160143643151969 ], [ 641024.191474815597758, 2488682.955536586698145 ], [ 641024.464150429470465, 2488682.724873734172434 ], [ 641024.71128920011688, 2488682.470376494340599 ], [ 641024.930511046084575, 2488682.194495815783739 ], [ 641025.119704741286114, 2488681.899888578802347 ], [ 641025.27704824693501, 2488681.589392013382167 ], [ 641025.401026258943602, 2488681.265996370464563 ], [ 641025.490444801514968, 2488680.932816126849502 ], [ 641025.544442725018598, 2488680.593059991020709 ], [ 641025.5625, 2488680.25 ] ] ] } },
{ "type": "Feature", "properties": { "xmin": 882.71643, "ymin": 483.86371, "xmax": 910.86365, "ymax": 512.41089, "score": 0.33002365, "label": "Tree", "tile_idx": 5, "geo_xmin": 641156.44, "geo_ymin": 2488733.0, "geo_xmax": 641164.25, "geo_ymax": 2488740.8, "center_x": 641160.38, "center_y": 2488737.0, "width_m": 7.8125, "height_m": 7.75, "crown_diameter_m": 7.7811871, "lon": 88.372319203507516, "lat": 22.499262503969721, "crown_area_raw_m2": 47.553406, "crown_area_calibrated_m2": 57.064091, "agb_tree_kg": 99.913839215340758 }, "geometry": { "type": "Polygon", "coordinates": [ [ [ 641164.28125, 2488737.0 ], [ 641164.262440338614397, 2488736.620183581020683 ], [ 641164.206192501587793, 2488736.244025002233684 ], [ 641164.113048186409287, 2488735.875146875623614 ], [ 641163.983904423890635, 2488735.517101699486375 ], [ 641163.820004938868806, 2488735.173337644897401 ], [ 641163.622928173048422, 2488734.847165347076952 ], [ 641163.394572083489038, 2488734.541726023890078 ], [ 641163.13713586400263, 2488734.259961222764105 ], [ 641162.853098766296171, 2488734.004584493115544 ], [ 641162.545196222723462, 2488733.778055252507329 ], [ 641162.216393503244035, 2488733.582555100787431 ], [ 641161.86985715769697, 2488733.419966811314225 ], [ 641161.50892452057451, 2488733.291856199037284 ], [ 641161.137071570381522, 2488733.199457038659602 ], [ 641160.757879454409704, 2488733.143659184221178 ], [ 641160.375, 2488733.125 ], [ 641159.992120545590296, 2488733.143659184221178 ], [ 641159.612928429618478, 2488733.199457038659602 ], [ 641159.24107547942549, 2488733.291856199037284 ], [ 641158.88014284230303, 2488733.419966811314225 ], [ 641158.533606496755965, 2488733.582555100787431 ], [ 641158.204803777276538, 2488733.778055252507329 ], [ 641157.896901233703829, 2488734.004584493115544 ], [ 641157.61286413599737, 2488734.259961222764105 ], [ 641157.355427916510962, 2488734.541726023890078 ], [ 641157.127071826951578, 2488734.847165347076952 ], [ 641156.929995061131194, 2488735.173337644897401 ], [ 641156.766095576109365, 2488735.517101699486375 ], [ 641156.636951813590713, 2488735.875146875623614 ], [ 641156.543807498412207, 2488736.244025002233684 ], [ 641156.487559661385603, 2488736.620183581020683 ], [ 641156.46875, 2488737.0 ], [ 641156.487559661385603, 2488737.379816418979317 ], [ 641156.543807498412207, 2488737.755974997766316 ], [ 641156.636951813590713, 2488738.124853124376386 ], [ 641156.766095576109365, 2488738.482898300513625 ], [ 641156.929995061131194, 2488738.826662355102599 ], [ 641157.127071826951578, 2488739.152834652923048 ], [ 641157.355427916510962, 2488739.458273976109922 ], [ 641157.61286413599737, 2488739.740038777235895 ], [ 641157.896901233703829, 2488739.995415506884456 ], [ 641158.204803777276538, 2488740.221944747492671 ], [ 641158.533606496755965, 2488740.417444899212569 ], [ 641158.88014284230303, 2488740.580033188685775 ], [ 641159.24107547942549, 2488740.708143800962716 ], [ 641159.612928429618478, 2488740.800542961340398 ], [ 641159.992120545590296, 2488740.856340815778822 ], [ 641160.375, 2488740.875 ], [ 641160.757879454409704, 2488740.856340815778822 ], [ 641161.137071570381522, 2488740.800542961340398 ], [ 641161.50892452057451, 2488740.708143800962716 ], [ 641161.86985715769697, 2488740.580033188685775 ], [ 641162.216393503244035, 2488740.417444899212569 ], [ 641162.545196222723462, 2488740.221944747492671 ], [ 641162.853098766296171, 2488739.995415506884456 ], [ 641163.13713586400263, 2488739.740038777235895 ], [ 641163.394572083489038, 2488739.458273976109922 ], [ 641163.622928173048422, 2488739.152834652923048 ], [ 641163.820004938868806, 2488738.826662355102599 ], [ 641163.983904423890635, 2488738.482898300513625 ], [ 641164.113048186409287, 2488738.124853124376386 ], [ 641164.206192501587793, 2488737.755974997766316 ], [ 641164.262440338614397, 2488737.379816418979317 ], [ 641164.28125, 2488737.0 ] ] ] } },
{ "type": "Feature", "properties": { "xmin": 0.0, "ymin": 528.48071, "xmax": 11.632282, "ymax": 556.25122, "score": 0.32795221, "label": "Tree", "tile_idx": 3, "geo_xmin": 640910.62, "geo_ymin": 2488721.0, "geo_xmax": 640913.88, "geo_ymax": 2488728.5, "center_x": 640912.25, "center_y": 2488724.8, "width_m": 3.25, "height_m": 7.5, "crown_diameter_m": 4.9371042, "lon": 88.369906446121419, "lat": 22.499172394297467, "crown_area_raw_m2": 19.144081, "crown_area_calibrated_m2": 22.972898, "agb_tree_kg": 33.470238603800823 }, "geometry": { "type": "Polygon", "coordinates": [ [ [ 640913.875, 2488724.75 ], [ 640913.867175180814229, 2488724.382435723673552 ], [ 640913.843776080640964, 2488724.018411292228848 ], [ 640913.805028045549989, 2488723.661432460416108 ], [ 640913.751304240315221, 2488723.314937128685415 ], [ 640913.683122054557316, 2488722.982262236997485 ], [ 640913.601138119935058, 2488722.666611626278609 ], [ 640913.506141986697912, 2488722.371025184169412 ], [ 640913.399048519437201, 2488722.098349570762366 ], [ 640913.28088908677455, 2488721.851210799999535 ], [ 640913.152801628690213, 2488721.631988953799009 ], [ 640913.01601969730109, 2488721.442795258481055 ], [ 640912.871860577608459, 2488721.28545175306499 ], [ 640912.721712600556202, 2488721.161473740823567 ], [ 640912.567021773313172, 2488721.072055198717862 ], [ 640912.409277853090316, 2488721.018057275097817 ], [ 640912.25, 2488721.0 ], [ 640912.090722146909684, 2488721.018057275097817 ], [ 640911.932978226686828, 2488721.072055198717862 ], [ 640911.778287399443798, 2488721.161473740823567 ], [ 640911.628139422391541, 2488721.28545175306499 ], [ 640911.48398030269891, 2488721.442795258481055 ], [ 640911.347198371309787, 2488721.631988953799009 ], [ 640911.21911091322545, 2488721.851210799999535 ], [ 640911.100951480562799, 2488722.098349570762366 ], [ 640910.993858013302088, 2488722.371025184169412 ], [ 640910.898861880064942, 2488722.666611626278609 ], [ 640910.816877945442684, 2488722.982262236997485 ], [ 640910.748695759684779, 2488723.314937128685415 ], [ 640910.694971954450011, 2488723.661432460416108 ], [ 640910.656223919359036, 2488724.018411292228848 ], [ 640910.632824819185771, 2488724.382435723673552 ], [ 640910.625, 2488724.75 ], [ 640910.632824819185771, 2488725.117564276326448 ], [ 640910.656223919359036, 2488725.481588707771152 ], [ 640910.694971954450011, 2488725.838567539583892 ], [ 640910.748695759684779, 2488726.185062871314585 ], [ 640910.816877945442684, 2488726.517737763002515 ], [ 640910.898861880064942, 2488726.833388373721391 ], [ 640910.993858013302088, 2488727.128974815830588 ], [ 640911.100951480562799, 2488727.401650429237634 ], [ 640911.21911091322545, 2488727.648789200000465 ], [ 640911.347198371309787, 2488727.868011046200991 ], [ 640911.48398030269891, 2488728.057204741518945 ], [ 640911.628139422391541, 2488728.21454824693501 ], [ 640911.778287399443798, 2488728.338526259176433 ], [ 640911.932978226686828, 2488728.427944801282138 ], [ 640912.090722146909684, 2488728.481942724902183 ], [ 640912.25, 2488728.5 ], [ 640912.409277853090316, 2488728.481942724902183 ], [ 640912.567021773313172, 2488728.427944801282138 ], [ 640912.721712600556202, 2488728.338526259176433 ], [ 640912.871860577608459, 2488728.21454824693501 ], [ 640913.01601969730109, 2488728.057204741518945 ], [ 640913.152801628690213, 2488727.868011046200991 ], [ 640913.28088908677455, 2488727.648789200000465 ], [ 640913.399048519437201, 2488727.401650429237634 ], [ 640913.506141986697912, 2488727.128974815830588 ], [ 640913.601138119935058, 2488726.833388373721391 ], [ 640913.683122054557316, 2488726.517737763002515 ], [ 640913.751304240315221, 2488726.185062871314585 ], [ 640913.805028045549989, 2488725.838567539583892 ], [ 640913.843776080640964, 2488725.481588707771152 ], [ 640913.867175180814229, 2488725.117564276326448 ], [ 640913.875, 2488724.75 ] ] ] } },
{ "type": "Feature", "properties": { "xmin": 355.99161, "ymin": 36.145622, "xmax": 374.65219, "ymax": 55.913475, "score": 0.32693332, "label": "Tree", "tile_idx": 0, "geo_xmin": 641009.75, "geo_ymin": 2488857.0, "geo_xmax": 641014.94, "geo_ymax": 2488862.5, "center_x": 641012.38, "center_y": 2488859.8, "width_m": 5.1875, "height_m": 5.5, "crown_diameter_m": 5.341465, "lon": 88.370891633998028, "lat": 22.500383357138123, "crown_area_raw_m2": 22.408392, "crown_area_calibrated_m2": 26.890072, "agb_tree_kg": 40.443336754586021 }, "geometry": { "type": "Polygon", "coordinates": [ [ [ 641014.96875, 2488859.75 ], [ 641014.956260384758934, 2488859.480452863965183 ], [ 641014.918911821092479, 2488859.213501614518464 ], [ 641014.857063995790668, 2488858.951717137359083 ], [ 641014.771312537486665, 2488858.69762056088075 ], [ 641014.662483279360458, 2488858.453658973798156 ], [ 641014.531624306924641, 2488858.2221818594262 ], [ 641014.379995863419026, 2488858.005418468732387 ], [ 641014.209058213746175, 2488857.80545635195449 ], [ 641014.020457580802031, 2488857.624221253208816 ], [ 641013.816010291920975, 2488857.463458565995097 ], [ 641013.597685286193155, 2488857.324716522824019 ], [ 641013.367585152736865, 2488857.209331285674125 ], [ 641013.127925881650299, 2488857.118414076510817 ], [ 641012.881015522754751, 2488857.052840478718281 ], [ 641012.62923195771873, 2488857.013242001645267 ], [ 641012.375, 2488857.0 ], [ 641012.12076804228127, 2488857.013242001645267 ], [ 641011.868984477245249, 2488857.052840478718281 ], [ 641011.622074118349701, 2488857.118414076510817 ], [ 641011.382414847263135, 2488857.209331285674125 ], [ 641011.152314713806845, 2488857.324716522824019 ], [ 641010.933989708079025, 2488857.463458565995097 ], [ 641010.729542419197969, 2488857.624221253208816 ], [ 641010.540941786253825, 2488857.80545635195449 ], [ 641010.370004136580974, 2488858.005418468732387 ], [ 641010.218375693075359, 2488858.2221818594262 ], [ 641010.087516720639542, 2488858.453658973798156 ], [ 641009.978687462513335, 2488858.69762056088075 ], [ 641009.892936004209332, 2488858.951717137359083 ], [ 641009.831088178907521, 2488859.213501614518464 ], [ 641009.793739615241066, 2488859.480452863965183 ], [ 641009.78125, 2488859.75 ], [ 641009.793739615241066, 2488860.019547136034817 ], [ 641009.831088178907521, 2488860.286498385481536 ], [ 641009.892936004209332, 2488860.548282862640917 ], [ 641009.978687462513335, 2488860.80237943911925 ], [ 641010.087516720639542, 2488861.046341026201844 ], [ 641010.218375693075359, 2488861.2778181405738 ], [ 641010.370004136580974, 2488861.494581531267613 ], [ 641010.540941786253825, 2488861.69454364804551 ], [ 641010.729542419197969, 2488861.875778746791184 ], [ 641010.933989708079025, 2488862.036541434004903 ], [ 641011.152314713806845, 2488862.175283477175981 ], [ 641011.382414847263135, 2488862.290668714325875 ], [ 641011.622074118349701, 2488862.381585923489183 ], [ 641011.868984477245249, 2488862.447159521281719 ], [ 641012.12076804228127, 2488862.486757998354733 ], [ 641012.375, 2488862.5 ], [ 641012.62923195771873, 2488862.486757998354733 ], [ 641012.881015522754751, 2488862.447159521281719 ], [ 641013.127925881650299, 2488862.381585923489183 ], [ 641013.367585152736865, 2488862.290668714325875 ], [ 641013.597685286193155, 2488862.175283477175981 ], [ 641013.816010291920975, 2488862.036541434004903 ], [ 641014.020457580802031, 2488861.875778746791184 ], [ 641014.209058213746175, 2488861.69454364804551 ], [ 641014.379995863419026, 2488861.494581531267613 ], [ 641014.531624306924641, 2488861.2778181405738 ], [ 641014.662483279360458, 2488861.046341026201844 ], [ 641014.771312537486665, 2488860.80237943911925 ], [ 641014.857063995790668, 2488860.548282862640917 ], [ 641014.918911821092479, 2488860.286498385481536 ], [ 641014.956260384758934, 2488860.019547136034817 ], [ 641014.96875, 2488859.75 ] ] ] } },
{ "type": "Feature", "properties": { "xmin": 0.0, "ymin": 778.00519, "xmax": 9.1006556, "ymax": 805.92682, "score": 0.32673663, "label": "Tree", "tile_idx": 6, "geo_xmin": 640910.62, "geo_ymin": 2488653.2, "geo_xmax": 640913.19, "geo_ymax": 2488660.8, "center_x": 640911.88, "center_y": 2488657.0, "width_m": 2.5625, "height_m": 7.5, "crown_diameter_m": 4.3839197, "lon": 88.36989677535135, "lat": 22.498560546656616, "crown_area_raw_m2": 15.094371, "crown_area_calibrated_m2": 18.113245, "agb_tree_kg": 25.152958920335724 }, "geometry": { "type": "Polygon", "coordinates": [ [ [ 640913.15625, 2488657.0 ], [ 640913.150080431019887, 2488656.632435723673552 ], [ 640913.131631140480749, 2488656.268411292228848 ], [ 640913.101079805172049, 2488655.911432460416108 ], [ 640913.058720651082695, 2488655.564937128685415 ], [ 640913.004961619968526, 2488655.232262236997485 ], [ 640912.940320440800861, 2488654.916611626278609 ], [ 640912.865419643349014, 2488654.621025184169412 ], [ 640912.780980563373305, 2488654.348349570762366 ], [ 640912.687816395307891, 2488654.101210799999535 ], [ 640912.586824361002073, 2488653.881988953799009 ], [ 640912.478977069025859, 2488653.692795258481055 ], [ 640912.365313147660345, 2488653.53545175306499 ], [ 640912.246927242726088, 2488653.411473740823567 ], [ 640912.12495947512798, 2488653.322055198717862 ], [ 640912.000584461027756, 2488653.268057275097817 ], [ 640911.875, 2488653.25 ], [ 640911.749415538972244, 2488653.268057275097817 ], [ 640911.62504052487202, 2488653.322055198717862 ], [ 640911.503072757273912, 2488653.411473740823567 ], [ 640911.384686852339655, 2488653.53545175306499 ], [ 640911.271022930974141, 2488653.692795258481055 ], [ 640911.163175638997927, 2488653.881988953799009 ], [ 640911.062183604692109, 2488654.101210799999535 ], [ 640910.969019436626695, 2488654.348349570762366 ], [ 640910.884580356650986, 2488654.621025184169412 ], [ 640910.809679559199139, 2488654.916611626278609 ], [ 640910.745038380031474, 2488655.232262236997485 ], [ 640910.691279348917305, 2488655.564937128685415 ], [ 640910.648920194827951, 2488655.911432460416108 ], [ 640910.618368859519251, 2488656.268411292228848 ], [ 640910.599919568980113, 2488656.632435723673552 ], [ 640910.59375, 2488657.0 ], [ 640910.599919568980113, 2488657.367564276326448 ], [ 640910.618368859519251, 2488657.731588707771152 ], [ 640910.648920194827951, 2488658.088567539583892 ], [ 640910.691279348917305, 2488658.435062871314585 ], [ 640910.745038380031474, 2488658.767737763002515 ], [ 640910.809679559199139, 2488659.083388373721391 ], [ 640910.884580356650986, 2488659.378974815830588 ], [ 640910.969019436626695, 2488659.651650429237634 ], [ 640911.062183604692109, 2488659.898789200000465 ], [ 640911.163175638997927, 2488660.118011046200991 ], [ 640911.271022930974141, 2488660.307204741518945 ], [ 640911.384686852339655, 2488660.46454824693501 ], [ 640911.503072757273912, 2488660.588526259176433 ], [ 640911.62504052487202, 2488660.677944801282138 ], [ 640911.749415538972244, 2488660.731942724902183 ], [ 640911.875, 2488660.75 ], [ 640912.000584461027756, 2488660.731942724902183 ], [ 640912.12495947512798, 2488660.677944801282138 ], [ 640912.246927242726088, 2488660.588526259176433 ], [ 640912.365313147660345, 2488660.46454824693501 ], [ 640912.478977069025859, 2488660.307204741518945 ], [ 640912.586824361002073, 2488660.118011046200991 ], [ 640912.687816395307891, 2488659.898789200000465 ], [ 640912.780980563373305, 2488659.651650429237634 ], [ 640912.865419643349014, 2488659.378974815830588 ], [ 640912.940320440800861, 2488659.083388373721391 ], [ 640913.004961619968526, 2488658.767737763002515 ], [ 640913.058720651082695, 2488658.435062871314585 ], [ 640913.101079805172049, 2488658.088567539583892 ], [ 640913.131631140480749, 2488657.731588707771152 ], [ 640913.150080431019887, 2488657.367564276326448 ], [ 640913.15625, 2488657.0 ] ] ] } },
{ "type": "Feature", "properties": { "xmin": 241.84607, "ymin": 971.28613, "xmax": 271.7674, "ymax": 1000.4889, "score": 0.32651213, "label": "Tree", "tile_idx": 6, "geo_xmin": 640977.94, "geo_ymin": 2488600.2, "geo_xmax": 640986.31, "geo_ymax": 2488608.2, "center_x": 640982.12, "center_y": 2488604.2, "width_m": 8.375, "height_m": 8.0, "crown_diameter_m": 8.1853523, "lon": 88.370574877771674, "lat": 22.498078332126809, "crown_area_raw_m2": 52.621677, "crown_area_calibrated_m2": 63.146015, "agb_tree_kg": 112.84784392306582 }, "geometry": { "type": "Polygon", "coordinates": [ [ [ 640986.3125, 2488604.25 ], [ 640986.292336042970419, 2488603.857931438833475 ], [ 640986.232038361718878, 2488603.469638711772859 ], [ 640986.132187655894086, 2488603.088861290831119 ], [ 640985.993745542364195, 2488602.719266270752996 ], [ 640985.818045294494368, 2488602.364413052797318 ], [ 640985.606779001536779, 2488602.027719067875296 ], [ 640985.361981273512356, 2488601.712426863145083 ], [ 640985.086009646183811, 2488601.421572875231504 ], [ 640984.781521877390333, 2488601.157958186697215 ], [ 640984.451450350810774, 2488600.924121550749987 ], [ 640984.098973835469224, 2488600.722314942628145 ], [ 640983.727486873045564, 2488600.554481870029122 ], [ 640983.340567086008377, 2488600.422238657251 ], [ 640982.941940723452717, 2488600.326858878601342 ], [ 640982.535446775145829, 2488600.269261093344539 ], [ 640982.125, 2488600.25 ], [ 640981.714553224854171, 2488600.269261093344539 ], [ 640981.308059276547283, 2488600.326858878601342 ], [ 640980.909432913991623, 2488600.422238657251 ], [ 640980.522513126954436, 2488600.554481870029122 ], [ 640980.151026164530776, 2488600.722314942628145 ], [ 640979.798549649189226, 2488600.924121550749987 ], [ 640979.468478122609667, 2488601.157958186697215 ], [ 640979.163990353816189, 2488601.421572875231504 ], [ 640978.888018726487644, 2488601.712426863145083 ], [ 640978.643220998463221, 2488602.027719067875296 ], [ 640978.431954705505632, 2488602.364413052797318 ], [ 640978.256254457635805, 2488602.719266270752996 ], [ 640978.117812344105914, 2488603.088861290831119 ], [ 640978.017961638281122, 2488603.469638711772859 ], [ 640977.957663957029581, 2488603.857931438833475 ], [ 640977.9375, 2488604.25 ], [ 640977.957663957029581, 2488604.642068561166525 ], [ 640978.017961638281122, 2488605.030361288227141 ], [ 640978.117812344105914, 2488605.411138709168881 ], [ 640978.256254457635805, 2488605.780733729247004 ], [ 640978.431954705505632, 2488606.135586947202682 ], [ 640978.643220998463221, 2488606.472280932124704 ], [ 640978.888018726487644, 2488606.787573136854917 ], [ 640979.163990353816189, 2488607.078427124768496 ], [ 640979.468478122609667, 2488607.342041813302785 ], [ 640979.798549649189226, 2488607.575878449250013 ], [ 640980.151026164530776, 2488607.777685057371855 ], [ 640980.522513126954436, 2488607.945518129970878 ], [ 640980.909432913991623, 2488608.077761342749 ], [ 640981.308059276547283, 2488608.173141121398658 ], [ 640981.714553224854171, 2488608.230738906655461 ], [ 640982.125, 2488608.25 ], [ 640982.535446775145829, 2488608.230738906655461 ], [ 640982.941940723452717, 2488608.173141121398658 ], [ 640983.340567086008377, 2488608.077761342749 ], [ 640983.727486873045564, 2488607.945518129970878 ], [ 640984.098973835469224, 2488607.777685057371855 ], [ 640984.451450350810774, 2488607.575878449250013 ], [ 640984.781521877390333, 2488607.342041813302785 ], [ 640985.086009646183811, 2488607.078427124768496 ], [ 640985.361981273512356, 2488606.787573136854917 ], [ 640985.606779001536779, 2488606.472280932124704 ], [ 640985.818045294494368, 2488606.135586947202682 ], [ 640985.993745542364195, 2488605.780733729247004 ], [ 640986.132187655894086, 2488605.411138709168881 ], [ 640986.232038361718878, 2488605.030361288227141 ], [ 640986.292336042970419, 2488604.642068561166525 ], [ 640986.3125, 2488604.25 ] ] ] } },
{ "type": "Feature", "properties": { "xmin": 529.78088, "ymin": 436.48486, "xmax": 555.81372, "ymax": 463.47079, "score": 0.31966546, "label": "Tree", "tile_idx": 4, "geo_xmin": 641058.12, "geo_ymin": 2488746.2, "geo_xmax": 641065.38, "geo_ymax": 2488753.5, "center_x": 641061.75, "center_y": 2488750.0, "width_m": 7.25, "height_m": 7.25, "crown_diameter_m": 7.25, "lon": 88.371361768979284, "lat": 22.499388075038489, "crown_area_raw_m2": 41.28249, "crown_area_calibrated_m2": 49.53899, "agb_tree_kg": 84.295419780662172 }, "geometry": { "type": "Polygon", "coordinates": [ [ [ 641065.375, 2488750.0 ], [ 641065.357544634141959, 2488749.644687866326421 ], [ 641065.305346641456708, 2488749.292797582689673 ], [ 641065.218908717040904, 2488748.947718044742942 ], [ 641065.09906330530066, 2488748.612772557884455 ], [ 641064.946964583243243, 2488748.291186829097569 ], [ 641064.764077344560064, 2488747.986057905480266 ], [ 641064.55216289346572, 2488747.700324344914407 ], [ 641064.313262081821449, 2488747.436737918294966 ], [ 641064.049675655085593, 2488747.197837106417865 ], [ 641063.763942094752565, 2488746.985922655556351 ], [ 641063.458813171018846, 2488746.803035416640341 ], [ 641063.137227442348376, 2488746.650936694815755 ], [ 641062.802281955024227, 2488746.531091283075511 ], [ 641062.457202417310327, 2488746.444653358310461 ], [ 641062.105312133673579, 2488746.392455365974456 ], [ 641061.75, 2488746.375 ], [ 641061.394687866326421, 2488746.392455365974456 ], [ 641061.042797582689673, 2488746.444653358310461 ], [ 641060.697718044975773, 2488746.531091283075511 ], [ 641060.362772557651624, 2488746.650936694815755 ], [ 641060.041186828981154, 2488746.803035416640341 ], [ 641059.736057905247435, 2488746.985922655556351 ], [ 641059.450324344914407, 2488747.197837106417865 ], [ 641059.186737918178551, 2488747.436737918294966 ], [ 641058.94783710653428, 2488747.700324344914407 ], [ 641058.735922655439936, 2488747.986057905480266 ], [ 641058.553035416756757, 2488748.291186829097569 ], [ 641058.40093669469934, 2488748.612772557884455 ], [ 641058.281091282959096, 2488748.947718044742942 ], [ 641058.194653358543292, 2488749.292797582689673 ], [ 641058.142455365858041, 2488749.644687866326421 ], [ 641058.125, 2488750.0 ], [ 641058.142455365858041, 2488750.355312133673579 ], [ 641058.194653358543292, 2488750.707202417310327 ], [ 641058.281091282959096, 2488751.052281955257058 ], [ 641058.40093669469934, 2488751.387227442115545 ], [ 641058.553035416756757, 2488751.708813170902431 ], [ 641058.735922655439936, 2488752.013942094519734 ], [ 641058.94783710653428, 2488752.299675655085593 ], [ 641059.186737918178551, 2488752.563262081705034 ], [ 641059.450324344914407, 2488752.802162893582135 ], [ 641059.736057905247435, 2488753.014077344443649 ], [ 641060.041186828981154, 2488753.196964583359659 ], [ 641060.362772557651624, 2488753.349063305184245 ], [ 641060.697718044975773, 2488753.468908716924489 ], [ 641061.042797582689673, 2488753.555346641689539 ], [ 641061.394687866326421, 2488753.607544634025544 ], [ 641061.75, 2488753.625 ], [ 641062.105312133673579, 2488753.607544634025544 ], [ 641062.457202417310327, 2488753.555346641689539 ], [ 641062.802281955024227, 2488753.468908716924489 ], [ 641063.137227442348376, 2488753.349063305184245 ], [ 641063.458813171018846, 2488753.196964583359659 ], [ 641063.763942094752565, 2488753.014077344443649 ], [ 641064.049675655085593, 2488752.802162893582135 ], [ 641064.313262081821449, 2488752.563262081705034 ], [ 641064.55216289346572, 2488752.299675655085593 ], [ 641064.764077344560064, 2488752.013942094519734 ], [ 641064.946964583243243, 2488751.708813170902431 ], [ 641065.09906330530066, 2488751.387227442115545 ], [ 641065.218908717040904, 2488751.052281955257058 ], [ 641065.305346641456708, 2488750.707202417310327 ], [ 641065.357544634141959, 2488750.355312133673579 ], [ 641065.375, 2488750.0 ] ] ] } },
{ "type": "Feature", "properties": { "xmin": 777.53192, "ymin": 0.0, "xmax": 806.51727, "ymax": 15.070228, "score": 0.31904736, "label": "Tree", "tile_idx": 2, "geo_xmin": 641127.12, "geo_ymin": 2488868.2, "geo_xmax": 641135.19, "geo_ymax": 2488872.2, "center_x": 641131.12, "center_y": 2488870.2, "width_m": 8.0625, "height_m": 4.0, "crown_diameter_m": 5.6789083, "lon": 88.372046777138024, "lat": 22.500468360785668, "crown_area_raw_m2": 25.329092, "crown_area_calibrated_m2": 30.394911, "agb_tree_kg": 46.860199430188338 }, "geometry": { "type": "Polygon", "coordinates": [ [ [ 641135.15625, 2488870.25 ], [ 641135.13683842937462, 2488870.053965719416738 ], [ 641135.078790661646053, 2488869.85981935588643 ], [ 641134.982665728428401, 2488869.66943064564839 ], [ 641134.84938936540857, 2488869.484633135143667 ], [ 641134.680245096911676, 2488869.307206526398659 ], [ 641134.476861874572933, 2488869.138859534170479 ], [ 641134.241198390140198, 2488868.981213431805372 ], [ 641133.975524211651646, 2488868.835786437615752 ], [ 641133.682397926808335, 2488868.703979093115777 ], [ 641133.364642501808703, 2488868.587060775607824 ], [ 641133.025318095344119, 2488868.486157471314073 ], [ 641132.667692586779594, 2488868.40224093478173 ], [ 641132.295210105134174, 2488868.3361193286255 ], [ 641131.911457860609517, 2488868.288429439067841 ], [ 641131.520131596946158, 2488868.259630546439439 ], [ 641131.125, 2488868.25 ], [ 641130.729868403053842, 2488868.259630546439439 ], [ 641130.338542139390483, 2488868.288429439067841 ], [ 641129.954789894865826, 2488868.3361193286255 ], [ 641129.582307413220406, 2488868.40224093478173 ], [ 641129.224681904655881, 2488868.486157471314073 ], [ 641128.885357498191297, 2488868.587060775607824 ], [ 641128.567602073191665, 2488868.703979093115777 ], [ 641128.274475788348354, 2488868.835786437615752 ], [ 641128.008801609859802, 2488868.981213431805372 ], [ 641127.773138125427067, 2488869.138859534170479 ], [ 641127.569754903088324, 2488869.307206526398659 ], [ 641127.40061063459143, 2488869.484633135143667 ], [ 641127.267334271571599, 2488869.66943064564839 ], [ 641127.171209338353947, 2488869.85981935588643 ], [ 641127.11316157062538, 2488870.053965719416738 ], [ 641127.09375, 2488870.25 ], [ 641127.11316157062538, 2488870.446034280583262 ], [ 641127.171209338353947, 2488870.64018064411357 ], [ 641127.267334271571599, 2488870.83056935435161 ], [ 641127.40061063459143, 2488871.015366864856333 ], [ 641127.569754903088324, 2488871.192793473601341 ], [ 641127.773138125427067, 2488871.361140465829521 ], [ 641128.008801609859802, 2488871.518786568194628 ], [ 641128.274475788348354, 2488871.664213562384248 ], [ 641128.567602073191665, 2488871.796020906884223 ], [ 641128.885357498191297, 2488871.912939224392176 ], [ 641129.224681904655881, 2488872.013842528685927 ], [ 641129.582307413220406, 2488872.09775906521827 ], [ 641129.954789894865826, 2488872.1638806713745 ], [ 641130.338542139390483, 2488872.211570560932159 ], [ 641130.729868403053842, 2488872.240369453560561 ], [ 641131.125, 2488872.25 ], [ 641131.520131596946158, 2488872.240369453560561 ], [ 641131.911457860609517, 2488872.211570560932159 ], [ 641132.295210105134174, 2488872.1638806713745 ], [ 641132.667692586779594, 2488872.09775906521827 ], [ 641133.025318095344119, 2488872.013842528685927 ], [ 641133.364642501808703, 2488871.912939224392176 ], [ 641133.682397926808335, 2488871.796020906884223 ], [ 641133.975524211651646, 2488871.664213562384248 ], [ 641134.241198390140198, 2488871.518786568194628 ], [ 641134.476861874572933, 2488871.361140465829521 ], [ 641134.680245096911676, 2488871.192793473601341 ], [ 641134.84938936540857, 2488871.015366864856333 ], [ 641134.982665728428401, 2488870.83056935435161 ], [ 641135.078790661646053, 2488870.64018064411357 ], [ 641135.13683842937462, 2488870.446034280583262 ], [ 641135.15625, 2488870.25 ] ] ] } },
{ "type": "Feature", "properties": { "xmin": 133.59898, "ymin": 660.31842, "xmax": 173.29436, "ymax": 695.00677, "score": 0.31608516, "label": "Tree", "tile_idx": 6, "geo_xmin": 640947.81, "geo_ymin": 2488683.2, "geo_xmax": 640958.88, "geo_ymax": 2488692.8, "center_x": 640953.38, "center_y": 2488688.0, "width_m": 11.0625, "height_m": 9.5, "crown_diameter_m": 10.251524, "lon": 88.370302893562609, "lat": 22.498837090315316, "crown_area_raw_m2": 82.540436, "crown_area_calibrated_m2": 99.048531, "agb_tree_kg": 193.85937105661611 }, "geometry": { "type": "Polygon", "coordinates": [ [ [ 640958.90625, 2488688.0 ], [ 640958.879615519428626, 2488687.534418583381921 ], [ 640958.799968582228757, 2488687.073320970404893 ], [ 640958.668076232075691, 2488686.621147783007473 ], [ 640958.485208664205857, 2488686.182253696490079 ], [ 640958.253126993426122, 2488685.760865500196815 ], [ 640957.974066293099895, 2488685.361041393131018 ], [ 640957.65071407018695, 2488684.986631900072098 ], [ 640957.286184383439831, 2488684.641242789570242 ], [ 640956.883987853070721, 2488684.328200346324593 ], [ 640956.447997851413675, 2488684.050519341602921 ], [ 640955.982413200545125, 2488683.810873994138092 ], [ 640955.491717735305429, 2488683.611572220455855 ], [ 640954.980637121014297, 2488683.454533405136317 ], [ 640954.454093343694694, 2488683.341269918251783 ], [ 640953.91715730750002, 2488683.272872548084706 ], [ 640953.375, 2488683.25 ], [ 640952.83284269249998, 2488683.272872548084706 ], [ 640952.295906656305306, 2488683.341269918251783 ], [ 640951.769362878985703, 2488683.454533405136317 ], [ 640951.258282264694571, 2488683.611572220455855 ], [ 640950.767586799454875, 2488683.810873994138092 ], [ 640950.302002148586325, 2488684.050519341602921 ], [ 640949.866012146929279, 2488684.328200346324593 ], [ 640949.463815616560169, 2488684.641242789570242 ], [ 640949.09928592981305, 2488684.986631900072098 ], [ 640948.775933706900105, 2488685.361041393131018 ], [ 640948.496873006573878, 2488685.760865500196815 ], [ 640948.264791335794143, 2488686.182253696490079 ], [ 640948.081923767924309, 2488686.621147783007473 ], [ 640947.950031417771243, 2488687.073320970404893 ], [ 640947.870384480571374, 2488687.534418583381921 ], [ 640947.84375, 2488688.0 ], [ 640947.870384480571374, 2488688.465581416618079 ], [ 640947.950031417771243, 2488688.926679029595107 ], [ 640948.081923767924309, 2488689.378852216992527 ], [ 640948.264791335794143, 2488689.817746303509921 ], [ 640948.496873006573878, 2488690.239134499803185 ], [ 640948.775933706900105, 2488690.638958606868982 ], [ 640949.09928592981305, 2488691.013368099927902 ], [ 640949.463815616560169, 2488691.358757210429758 ], [ 640949.866012146929279, 2488691.671799653675407 ], [ 640950.302002148586325, 2488691.949480658397079 ], [ 640950.767586799454875, 2488692.189126005861908 ], [ 640951.258282264694571, 2488692.388427779544145 ], [ 640951.769362878985703, 2488692.545466594863683 ], [ 640952.295906656305306, 2488692.658730081748217 ], [ 640952.83284269249998, 2488692.727127451915294 ], [ 640953.375, 2488692.75 ], [ 640953.91715730750002, 2488692.727127451915294 ], [ 640954.454093343694694, 2488692.658730081748217 ], [ 640954.980637121014297, 2488692.545466594863683 ], [ 640955.491717735305429, 2488692.388427779544145 ], [ 640955.982413200545125, 2488692.189126005861908 ], [ 640956.447997851413675, 2488691.949480658397079 ], [ 640956.883987853070721, 2488691.671799653675407 ], [ 640957.286184383439831, 2488691.358757210429758 ], [ 640957.65071407018695, 2488691.013368099927902 ], [ 640957.974066293099895, 2488690.638958606868982 ], [ 640958.253126993426122, 2488690.239134499803185 ], [ 640958.485208664205857, 2488689.817746303509921 ], [ 640958.668076232075691, 2488689.378852216992527 ], [ 640958.799968582228757, 2488688.926679029595107 ], [ 640958.879615519428626, 2488688.465581416618079 ], [ 640958.90625, 2488688.0 ] ] ] } },
{ "type": "Feature", "properties": { "xmin": 632.21777, "ymin": 482.20557, "xmax": 661.16284, "ymax": 510.28818, "score": 0.306642, "label": "Tree", "tile_idx": 4, "geo_xmin": 641086.69, "geo_ymin": 2488733.5, "geo_xmax": 641094.75, "geo_ymax": 2488741.2, "center_x": 641090.75, "center_y": 2488737.5, "width_m": 8.0625, "height_m": 7.75, "crown_diameter_m": 7.904706, "lon": 88.371642523399657, "lat": 22.499272782782541, "crown_area_raw_m2": 49.075115, "crown_area_calibrated_m2": 58.890141, "agb_tree_kg": 103.76925180557562 }, "geometry": { "type": "Polygon", "coordinates": [ [ [ 641094.78125, 2488737.5 ], [ 641094.76183842937462, 2488737.120183581020683 ], [ 641094.703790661646053, 2488736.744025002233684 ], [ 641094.607665728428401, 2488736.375146875623614 ], [ 641094.47438936540857, 2488736.017101699486375 ], [ 641094.305245096911676, 2488735.673337644897401 ], [ 641094.101861874572933, 2488735.347165347076952 ], [ 641093.866198390140198, 2488735.041726023890078 ], [ 641093.600524211651646, 2488734.759961222764105 ], [ 641093.307397926808335, 2488734.504584493115544 ], [ 641092.989642501808703, 2488734.278055252507329 ], [ 641092.650318095344119, 2488734.082555100787431 ], [ 641092.292692586779594, 2488733.919966811314225 ], [ 641091.920210105134174, 2488733.791856199037284 ], [ 641091.536457860609517, 2488733.699457038659602 ], [ 641091.145131596946158, 2488733.643659184221178 ], [ 641090.75, 2488733.625 ], [ 641090.354868403053842, 2488733.643659184221178 ], [ 641089.963542139390483, 2488733.699457038659602 ], [ 641089.579789894865826, 2488733.791856199037284 ], [ 641089.207307413220406, 2488733.919966811314225 ], [ 641088.849681904655881, 2488734.082555100787431 ], [ 641088.510357498191297, 2488734.278055252507329 ], [ 641088.192602073191665, 2488734.504584493115544 ], [ 641087.899475788348354, 2488734.759961222764105 ], [ 641087.633801609859802, 2488735.041726023890078 ], [ 641087.398138125427067, 2488735.347165347076952 ], [ 641087.194754903088324, 2488735.673337644897401 ], [ 641087.02561063459143, 2488736.017101699486375 ], [ 641086.892334271571599, 2488736.375146875623614 ], [ 641086.796209338353947, 2488736.744025002233684 ], [ 641086.73816157062538, 2488737.120183581020683 ], [ 641086.71875, 2488737.5 ], [ 641086.73816157062538, 2488737.879816418979317 ], [ 641086.796209338353947, 2488738.255974997766316 ], [ 641086.892334271571599, 2488738.624853124376386 ], [ 641087.02561063459143, 2488738.982898300513625 ], [ 641087.194754903088324, 2488739.326662355102599 ], [ 641087.398138125427067, 2488739.652834652923048 ], [ 641087.633801609859802, 2488739.958273976109922 ], [ 641087.899475788348354, 2488740.240038777235895 ], [ 641088.192602073191665, 2488740.495415506884456 ], [ 641088.510357498191297, 2488740.721944747492671 ], [ 641088.849681904655881, 2488740.917444899212569 ], [ 641089.207307413220406, 2488741.080033188685775 ], [ 641089.579789894865826, 2488741.208143800962716 ], [ 641089.963542139390483, 2488741.300542961340398 ], [ 641090.354868403053842, 2488741.356340815778822 ], [ 641090.75, 2488741.375 ], [ 641091.145131596946158, 2488741.356340815778822 ], [ 641091.536457860609517, 2488741.300542961340398 ], [ 641091.920210105134174, 2488741.208143800962716 ], [ 641092.292692586779594, 2488741.080033188685775 ], [ 641092.650318095344119, 2488740.917444899212569 ], [ 641092.989642501808703, 2488740.721944747492671 ], [ 641093.307397926808335, 2488740.495415506884456 ], [ 641093.600524211651646, 2488740.240038777235895 ], [ 641093.866198390140198, 2488739.958273976109922 ], [ 641094.101861874572933, 2488739.652834652923048 ], [ 641094.305245096911676, 2488739.326662355102599 ], [ 641094.47438936540857, 2488738.982898300513625 ], [ 641094.607665728428401, 2488738.624853124376386 ], [ 641094.703790661646053, 2488738.255974997766316 ], [ 641094.76183842937462, 2488737.879816418979317 ], [ 641094.78125, 2488737.5 ] ] ] } },
{ "type": "Feature", "properties": { "xmin": 888.55896, "ymin": 563.28693, "xmax": 913.83447, "ymax": 584.62439, "score": 0.30459931, "label": "Tree", "tile_idx": 5, "geo_xmin": 641158.06, "geo_ymin": 2488713.2, "geo_xmax": 641165.06, "geo_ymax": 2488719.2, "center_x": 641161.56, "center_y": 2488716.2, "width_m": 7.0, "height_m": 6.0, "crown_diameter_m": 6.4807405, "lon": 88.372328896606064, "lat": 22.499075003906508, "crown_area_raw_m2": 32.986725, "crown_area_calibrated_m2": 39.584072, "agb_tree_kg": 64.372004449596687 }, "geometry": { "type": "Polygon", "coordinates": [ [ [ 641165.0625, 2488716.25 ], [ 641165.045646543381736, 2488715.955948579125106 ], [ 641164.995248481398448, 2488715.664729034062475 ], [ 641164.91179117502179, 2488715.379145968239754 ], [ 641164.796078363782726, 2488715.101949702948332 ], [ 641164.649224425200373, 2488714.835809789597988 ], [ 641164.472643643035553, 2488714.583289301022887 ], [ 641164.26803658681456, 2488714.346820147708058 ], [ 641164.037373734172434, 2488714.128679656423628 ], [ 641163.782876494573429, 2488713.930968639906496 ], [ 641163.506995815550908, 2488713.755591162946075 ], [ 641163.212388578918763, 2488713.604236206971109 ], [ 641162.901892013265751, 2488713.478361402638257 ], [ 641162.578496370348148, 2488713.37917899293825 ], [ 641162.245316127082333, 2488713.307644158601761 ], [ 641161.905559991137125, 2488713.264445819891989 ], [ 641161.5625, 2488713.25 ], [ 641161.219440008862875, 2488713.264445819891989 ], [ 641160.879683872917667, 2488713.307644158601761 ], [ 641160.546503629651852, 2488713.37917899293825 ], [ 641160.223107986734249, 2488713.478361402638257 ], [ 641159.912611421081237, 2488713.604236206971109 ], [ 641159.618004184449092, 2488713.755591162946075 ], [ 641159.342123505426571, 2488713.930968639906496 ], [ 641159.087626265827566, 2488714.128679656423628 ], [ 641158.85696341318544, 2488714.346820147708058 ], [ 641158.652356356964447, 2488714.583289301022887 ], [ 641158.475775574799627, 2488714.835809789597988 ], [ 641158.328921636217274, 2488715.101949702948332 ], [ 641158.21320882497821, 2488715.379145968239754 ], [ 641158.129751518601552, 2488715.664729034062475 ], [ 641158.079353456618264, 2488715.955948579125106 ], [ 641158.0625, 2488716.25 ], [ 641158.079353456618264, 2488716.544051420874894 ], [ 641158.129751518601552, 2488716.835270965937525 ], [ 641158.21320882497821, 2488717.120854031760246 ], [ 641158.328921636217274, 2488717.398050297051668 ], [ 641158.475775574799627, 2488717.664190210402012 ], [ 641158.652356356964447, 2488717.916710698977113 ], [ 641158.85696341318544, 2488718.153179852291942 ], [ 641159.087626265827566, 2488718.371320343576372 ], [ 641159.342123505426571, 2488718.569031360093504 ], [ 641159.618004184449092, 2488718.744408837053925 ], [ 641159.912611421081237, 2488718.895763793028891 ], [ 641160.223107986734249, 2488719.021638597361743 ], [ 641160.546503629651852, 2488719.12082100706175 ], [ 641160.879683872917667, 2488719.192355841398239 ], [ 641161.219440008862875, 2488719.235554180108011 ], [ 641161.5625, 2488719.25 ], [ 641161.905559991137125, 2488719.235554180108011 ], [ 641162.245316127082333, 2488719.192355841398239 ], [ 641162.578496370348148, 2488719.12082100706175 ], [ 641162.901892013265751, 2488719.021638597361743 ], [ 641163.212388578918763, 2488718.895763793028891 ], [ 641163.506995815550908, 2488718.744408837053925 ], [ 641163.782876494573429, 2488718.569031360093504 ], [ 641164.037373734172434, 2488718.371320343576372 ], [ 641164.26803658681456, 2488718.153179852291942 ], [ 641164.472643643035553, 2488717.916710698977113 ], [ 641164.649224425200373, 2488717.664190210402012 ], [ 641164.796078363782726, 2488717.398050297051668 ], [ 641164.91179117502179, 2488717.120854031760246 ], [ 641164.995248481398448, 2488716.835270965937525 ], [ 641165.045646543381736, 2488716.544051420874894 ], [ 641165.0625, 2488716.25 ] ] ] } },
{ "type": "Feature", "properties": { "xmin": 924.44727, "ymin": 491.46887, "xmax": 949.60339, "ymax": 518.72168, "score": 0.30308613, "label": "Tree", "tile_idx": 5, "geo_xmin": 641168.06, "geo_ymin": 2488731.2, "geo_xmax": 641175.06, "geo_ymax": 2488738.8, "center_x": 641171.56, "center_y": 2488735.0, "width_m": 7.0, "height_m": 7.5, "crown_diameter_m": 7.2456884, "lon": 88.372427762889259, "lat": 22.499243514858112, "crown_area_raw_m2": 41.233406, "crown_area_calibrated_m2": 49.480091, "agb_tree_kg": 84.174956774592857 }, "geometry": { "type": "Polygon", "coordinates": [ [ [ 641175.0625, 2488735.0 ], [ 641175.045646543381736, 2488734.632435723673552 ], [ 641174.995248481398448, 2488734.268411292228848 ], [ 641174.91179117502179, 2488733.911432460416108 ], [ 641174.796078363782726, 2488733.564937128685415 ], [ 641174.649224425200373, 2488733.232262236997485 ], [ 641174.472643643035553, 2488732.916611626278609 ], [ 641174.26803658681456, 2488732.621025184169412 ], [ 641174.037373734172434, 2488732.348349570762366 ], [ 641173.782876494573429, 2488732.101210799999535 ], [ 641173.506995815550908, 2488731.881988953799009 ], [ 641173.212388578918763, 2488731.692795258481055 ], [ 641172.901892013265751, 2488731.53545175306499 ], [ 641172.578496370348148, 2488731.411473740823567 ], [ 641172.245316127082333, 2488731.322055198717862 ], [ 641171.905559991137125, 2488731.268057275097817 ], [ 641171.5625, 2488731.25 ], [ 641171.219440008862875, 2488731.268057275097817 ], [ 641170.879683872917667, 2488731.322055198717862 ], [ 641170.546503629651852, 2488731.411473740823567 ], [ 641170.223107986734249, 2488731.53545175306499 ], [ 641169.912611421081237, 2488731.692795258481055 ], [ 641169.618004184449092, 2488731.881988953799009 ], [ 641169.342123505426571, 2488732.101210799999535 ], [ 641169.087626265827566, 2488732.348349570762366 ], [ 641168.85696341318544, 2488732.621025184169412 ], [ 641168.652356356964447, 2488732.916611626278609 ], [ 641168.475775574799627, 2488733.232262236997485 ], [ 641168.328921636217274, 2488733.564937128685415 ], [ 641168.21320882497821, 2488733.911432460416108 ], [ 641168.129751518601552, 2488734.268411292228848 ], [ 641168.079353456618264, 2488734.632435723673552 ], [ 641168.0625, 2488735.0 ], [ 641168.079353456618264, 2488735.367564276326448 ], [ 641168.129751518601552, 2488735.731588707771152 ], [ 641168.21320882497821, 2488736.088567539583892 ], [ 641168.328921636217274, 2488736.435062871314585 ], [ 641168.475775574799627, 2488736.767737763002515 ], [ 641168.652356356964447, 2488737.083388373721391 ], [ 641168.85696341318544, 2488737.378974815830588 ], [ 641169.087626265827566, 2488737.651650429237634 ], [ 641169.342123505426571, 2488737.898789200000465 ], [ 641169.618004184449092, 2488738.118011046200991 ], [ 641169.912611421081237, 2488738.307204741518945 ], [ 641170.223107986734249, 2488738.46454824693501 ], [ 641170.546503629651852, 2488738.588526259176433 ], [ 641170.879683872917667, 2488738.677944801282138 ], [ 641171.219440008862875, 2488738.731942724902183 ], [ 641171.5625, 2488738.75 ], [ 641171.905559991137125, 2488738.731942724902183 ], [ 641172.245316127082333, 2488738.677944801282138 ], [ 641172.578496370348148, 2488738.588526259176433 ], [ 641172.901892013265751, 2488738.46454824693501 ], [ 641173.212388578918763, 2488738.307204741518945 ], [ 641173.506995815550908, 2488738.118011046200991 ], [ 641173.782876494573429, 2488737.898789200000465 ], [ 641174.037373734172434, 2488737.651650429237634 ], [ 641174.26803658681456, 2488737.378974815830588 ], [ 641174.472643643035553, 2488737.083388373721391 ], [ 641174.649224425200373, 2488736.767737763002515 ], [ 641174.796078363782726, 2488736.435062871314585 ], [ 641174.91179117502179, 2488736.088567539583892 ], [ 641174.995248481398448, 2488735.731588707771152 ], [ 641175.045646543381736, 2488735.367564276326448 ], [ 641175.0625, 2488735.0 ] ] ] } },
{ "type": "Feature", "properties": { "xmin": 469.23001, "ymin": 483.37012, "xmax": 494.54446, "ymax": 508.23346, "score": 0.30212528, "label": "Tree", "tile_idx": 4, "geo_xmin": 641041.31, "geo_ymin": 2488734.0, "geo_xmax": 641048.31, "geo_ymax": 2488740.8, "center_x": 641044.81, "center_y": 2488737.5, "width_m": 7.0, "height_m": 6.75, "crown_diameter_m": 6.8738637, "lon": 88.371196030797478, "lat": 22.499276583636895, "crown_area_raw_m2": 37.110065, "crown_area_calibrated_m2": 44.532082, "agb_tree_kg": 74.162167198422068 }, "geometry": { "type": "Polygon", "coordinates": [ [ [ 641048.3125, 2488737.5 ], [ 641048.295646543381736, 2488737.169192151166499 ], [ 641048.245248481398448, 2488736.841570163145661 ], [ 641048.16179117502179, 2488736.520289214327931 ], [ 641048.046078363782726, 2488736.208443415816873 ], [ 641047.899224425200373, 2488735.909036013297737 ], [ 641047.722643643035553, 2488735.624950463417917 ], [ 641047.51803658681456, 2488735.358922665938735 ], [ 641047.287373734172434, 2488735.113514613360167 ], [ 641047.032876494573429, 2488734.891089719720185 ], [ 641046.756995815550908, 2488734.693790058605373 ], [ 641046.462388578918763, 2488734.523515732958913 ], [ 641046.151892013265751, 2488734.381906577851623 ], [ 641045.828496370348148, 2488734.270326367113739 ], [ 641045.495316127082333, 2488734.189849678426981 ], [ 641045.155559991137125, 2488734.141251547262073 ], [ 641044.8125, 2488734.125 ], [ 641044.469440008862875, 2488734.141251547262073 ], [ 641044.129683872917667, 2488734.189849678426981 ], [ 641043.796503629651852, 2488734.270326367113739 ], [ 641043.473107986734249, 2488734.381906577851623 ], [ 641043.162611421081237, 2488734.523515732958913 ], [ 641042.868004184449092, 2488734.693790058605373 ], [ 641042.592123505426571, 2488734.891089719720185 ], [ 641042.337626265827566, 2488735.113514613360167 ], [ 641042.10696341318544, 2488735.358922665938735 ], [ 641041.902356356964447, 2488735.624950463417917 ], [ 641041.725775574799627, 2488735.909036013297737 ], [ 641041.578921636217274, 2488736.208443415816873 ], [ 641041.46320882497821, 2488736.520289214327931 ], [ 641041.379751518601552, 2488736.841570163145661 ], [ 641041.329353456618264, 2488737.169192151166499 ], [ 641041.3125, 2488737.5 ], [ 641041.329353456618264, 2488737.830807848833501 ], [ 641041.379751518601552, 2488738.158429836854339 ], [ 641041.46320882497821, 2488738.479710785672069 ], [ 641041.578921636217274, 2488738.791556584183127 ], [ 641041.725775574799627, 2488739.090963986702263 ], [ 641041.902356356964447, 2488739.375049536582083 ], [ 641042.10696341318544, 2488739.641077334061265 ], [ 641042.337626265827566, 2488739.886485386639833 ], [ 641042.592123505426571, 2488740.108910280279815 ], [ 641042.868004184449092, 2488740.306209941394627 ], [ 641043.162611421081237, 2488740.476484267041087 ], [ 641043.473107986734249, 2488740.618093422148377 ], [ 641043.796503629651852, 2488740.729673632886261 ], [ 641044.129683872917667, 2488740.810150321573019 ], [ 641044.469440008862875, 2488740.858748452737927 ], [ 641044.8125, 2488740.875 ], [ 641045.155559991137125, 2488740.858748452737927 ], [ 641045.495316127082333, 2488740.810150321573019 ], [ 641045.828496370348148, 2488740.729673632886261 ], [ 641046.151892013265751, 2488740.618093422148377 ], [ 641046.462388578918763, 2488740.476484267041087 ], [ 641046.756995815550908, 2488740.306209941394627 ], [ 641047.032876494573429, 2488740.108910280279815 ], [ 641047.287373734172434, 2488739.886485386639833 ], [ 641047.51803658681456, 2488739.641077334061265 ], [ 641047.722643643035553, 2488739.375049536582083 ], [ 641047.899224425200373, 2488739.090963986702263 ], [ 641048.046078363782726, 2488738.791556584183127 ], [ 641048.16179117502179, 2488738.479710785672069 ], [ 641048.245248481398448, 2488738.158429836854339 ], [ 641048.295646543381736, 2488737.830807848833501 ], [ 641048.3125, 2488737.5 ] ] ] } },
{ "type": "Feature", "properties": { "xmin": 685.80151, "ymin": 0.0, "xmax": 719.17615, "ymax": 17.938274, "score": 0.29849288, "label": "Tree", "tile_idx": 1, "geo_xmin": 641101.56, "geo_ymin": 2488867.2, "geo_xmax": 641110.88, "geo_ymax": 2488872.2, "center_x": 641106.25, "center_y": 2488869.8, "width_m": 9.3125, "height_m": 5.0, "crown_diameter_m": 6.8236718, "lon": 88.371804956350616, "lat": 22.500465904093897, "crown_area_raw_m2": 36.570103, "crown_area_calibrated_m2": 43.884125, "agb_tree_kg": 72.86701816340944 }, "geometry": { "type": "Polygon", "coordinates": [ [ [ 641110.90625, 2488869.75 ], [ 641110.883828883524984, 2488869.504957149270922 ], [ 641110.816781461820938, 2488869.262274194974452 ], [ 641110.70575343829114, 2488869.024288306944072 ], [ 641110.551814073231071, 2488868.79329141927883 ], [ 641110.356445887126029, 2488868.571508157998323 ], [ 641110.121530382311903, 2488868.361074417363852 ], [ 641109.849329923512414, 2488868.164016789756715 ], [ 641109.542465949896723, 2488867.98223304701969 ], [ 641109.203893729369156, 2488867.817473866511136 ], [ 641108.83687389746774, 2488867.671325969044119 ], [ 641108.444941055844538, 2488867.545196839142591 ], [ 641108.031869731959887, 2488867.440301168709993 ], [ 641107.601638028514571, 2488867.357649160549045 ], [ 641107.158389311865903, 2488867.298036798834801 ], [ 641106.706392309628427, 2488867.262038183398545 ], [ 641106.25, 2488867.25 ], [ 641105.793607690371573, 2488867.262038183398545 ], [ 641105.341610688134097, 2488867.298036798834801 ], [ 641104.898361971485429, 2488867.357649160549045 ], [ 641104.468130268040113, 2488867.440301168709993 ], [ 641104.055058944155462, 2488867.545196839142591 ], [ 641103.66312610253226, 2488867.671325969044119 ], [ 641103.296106270630844, 2488867.817473866511136 ], [ 641102.957534050103277, 2488867.98223304701969 ], [ 641102.650670076487586, 2488868.164016789756715 ], [ 641102.378469617688097, 2488868.361074417363852 ], [ 641102.143554112873971, 2488868.571508157998323 ], [ 641101.948185926768929, 2488868.79329141927883 ], [ 641101.79424656170886, 2488869.024288306944072 ], [ 641101.683218538179062, 2488869.262274194974452 ], [ 641101.616171116475016, 2488869.504957149270922 ], [ 641101.59375, 2488869.75 ], [ 641101.616171116475016, 2488869.995042850729078 ], [ 641101.683218538179062, 2488870.237725805025548 ], [ 641101.79424656170886, 2488870.475711693055928 ], [ 641101.948185926768929, 2488870.70670858072117 ], [ 641102.143554112873971, 2488870.928491842001677 ], [ 641102.378469617688097, 2488871.138925582636148 ], [ 641102.650670076487586, 2488871.335983210243285 ], [ 641102.957534050103277, 2488871.51776695298031 ], [ 641103.296106270630844, 2488871.682526133488864 ], [ 641103.66312610253226, 2488871.828674030955881 ], [ 641104.055058944155462, 2488871.954803160857409 ], [ 641104.468130268040113, 2488872.059698831290007 ], [ 641104.898361971485429, 2488872.142350839450955 ], [ 641105.341610688134097, 2488872.201963201165199 ], [ 641105.793607690371573, 2488872.237961816601455 ], [ 641106.25, 2488872.25 ], [ 641106.706392309628427, 2488872.237961816601455 ], [ 641107.158389311865903, 2488872.201963201165199 ], [ 641107.601638028514571, 2488872.142350839450955 ], [ 641108.031869731959887, 2488872.059698831290007 ], [ 641108.444941055844538, 2488871.954803160857409 ], [ 641108.83687389746774, 2488871.828674030955881 ], [ 641109.203893729369156, 2488871.682526133488864 ], [ 641109.542465949896723, 2488871.51776695298031 ], [ 641109.849329923512414, 2488871.335983210243285 ], [ 641110.121530382311903, 2488871.138925582636148 ], [ 641110.356445887126029, 2488870.928491842001677 ], [ 641110.551814073231071, 2488870.70670858072117 ], [ 641110.70575343829114, 2488870.475711693055928 ], [ 641110.816781461820938, 2488870.237725805025548 ], [ 641110.883828883524984, 2488869.995042850729078 ], [ 641110.90625, 2488869.75 ] ] ] } },
{ "type": "Feature", "properties": { "xmin": 581.0741, "ymin": 260.38138, "xmax": 618.4389, "ymax": 296.65445, "score": 0.29733309, "label": "Tree", "tile_idx": 1, "geo_xmin": 641072.44, "geo_ymin": 2488791.5, "geo_xmax": 641082.81, "geo_ymax": 2488801.5, "center_x": 641077.62, "center_y": 2488796.5, "width_m": 10.375, "height_m": 10.0, "crown_diameter_m": 10.185775, "lon": 88.371520208141106, "lat": 22.499806722178835, "crown_area_raw_m2": 81.485062, "crown_area_calibrated_m2": 97.782082, "agb_tree_kg": 190.88383625571893 }, "geometry": { "type": "Polygon", "coordinates": [ [ [ 641082.8125, 2488796.5 ], [ 641082.787520769634284, 2488796.009914298541844 ], [ 641082.712823642068543, 2488795.524548389948905 ], [ 641082.589127991581336, 2488795.048576613888144 ], [ 641082.417625074856915, 2488794.586582838091999 ], [ 641082.199966558837332, 2488794.143016315996647 ], [ 641081.938248613849282, 2488793.722148834727705 ], [ 641081.634991726838052, 2488793.328033579047769 ], [ 641081.293116427375935, 2488792.964466094039381 ], [ 641080.915915161604062, 2488792.634947733022273 ], [ 641080.50702058384195, 2488792.3426519385539 ], [ 641080.070370572269894, 2488792.090393678285182 ], [ 641079.610170305357315, 2488791.880602337419987 ], [ 641079.130851763300598, 2488791.715298321563751 ], [ 641078.637031045509502, 2488791.596073598135263 ], [ 641078.13346391543746, 2488791.52407636679709 ], [ 641077.625, 2488791.5 ], [ 641077.11653608456254, 2488791.52407636679709 ], [ 641076.612968954490498, 2488791.596073598135263 ], [ 641076.119148236699402, 2488791.715298321563751 ], [ 641075.639829694642685, 2488791.880602337419987 ], [ 641075.179629427730106, 2488792.090393678285182 ], [ 641074.74297941615805, 2488792.3426519385539 ], [ 641074.334084838395938, 2488792.634947733022273 ], [ 641073.956883572624065, 2488792.964466094039381 ], [ 641073.615008273161948, 2488793.328033579047769 ], [ 641073.311751386150718, 2488793.722148834727705 ], [ 641073.050033441162668, 2488794.143016315996647 ], [ 641072.832374925143085, 2488794.586582838091999 ], [ 641072.660872008418664, 2488795.048576613888144 ], [ 641072.537176357931457, 2488795.524548389948905 ], [ 641072.462479230365716, 2488796.009914298541844 ], [ 641072.4375, 2488796.5 ], [ 641072.462479230365716, 2488796.990085701458156 ], [ 641072.537176357931457, 2488797.475451610051095 ], [ 641072.660872008418664, 2488797.951423386111856 ], [ 641072.832374925143085, 2488798.413417161908001 ], [ 641073.050033441162668, 2488798.856983684003353 ], [ 641073.311751386150718, 2488799.277851165272295 ], [ 641073.615008273161948, 2488799.671966420952231 ], [ 641073.956883572624065, 2488800.035533905960619 ], [ 641074.334084838395938, 2488800.365052266977727 ], [ 641074.74297941615805, 2488800.6573480614461 ], [ 641075.179629427730106, 2488800.909606321714818 ], [ 641075.639829694642685, 2488801.119397662580013 ], [ 641076.119148236699402, 2488801.284701678436249 ], [ 641076.612968954490498, 2488801.403926401864737 ], [ 641077.11653608456254, 2488801.47592363320291 ], [ 641077.625, 2488801.5 ], [ 641078.13346391543746, 2488801.47592363320291 ], [ 641078.637031045509502, 2488801.403926401864737 ], [ 641079.130851763300598, 2488801.284701678436249 ], [ 641079.610170305357315, 2488801.119397662580013 ], [ 641080.070370572269894, 2488800.909606321714818 ], [ 641080.50702058384195, 2488800.6573480614461 ], [ 641080.915915161604062, 2488800.365052266977727 ], [ 641081.293116427375935, 2488800.035533905960619 ], [ 641081.634991726838052, 2488799.671966420952231 ], [ 641081.938248613849282, 2488799.277851165272295 ], [ 641082.199966558837332, 2488798.856983684003353 ], [ 641082.417625074856915, 2488798.413417161908001 ], [ 641082.589127991581336, 2488797.951423386111856 ], [ 641082.712823642068543, 2488797.475451610051095 ], [ 641082.787520769634284, 2488796.990085701458156 ], [ 641082.8125, 2488796.5 ] ] ] } },
{ "type": "Feature", "properties": { "xmin": 118.99693, "ymin": 958.23633, "xmax": 158.86833, "ymax": 999.41101, "score": 0.29538536, "label": "Tree", "tile_idx": 6, "geo_xmin": 640943.75, "geo_ymin": 2488600.5, "geo_xmax": 640954.88, "geo_ymax": 2488611.8, "center_x": 640949.31, "center_y": 2488606.0, "width_m": 11.125, "height_m": 11.25, "crown_diameter_m": 11.187325, "lon": 88.370256112775181, "lat": 22.498096849882003, "crown_area_raw_m2": 98.297485, "crown_area_calibrated_m2": 117.95699, "agb_tree_kg": 239.16045508131322 }, "geometry": { "type": "Polygon", "coordinates": [ [ [ 640954.875, 2488606.0 ], [ 640954.848215042147785, 2488605.448653585743159 ], [ 640954.768118122243322, 2488604.902616938576102 ], [ 640954.635480617522262, 2488604.367148690391332 ], [ 640954.451579899643548, 2488603.847405693028122 ], [ 640954.218187032965943, 2488603.348393355496228 ], [ 640953.937549718422815, 2488602.874917439185083 ], [ 640953.612370646791533, 2488602.431537776719779 ], [ 640953.245781470322981, 2488602.022524355910718 ], [ 640952.841312643140554, 2488601.651816199999303 ], [ 640952.402859421214089, 2488601.322983430698514 ], [ 640951.934644348570146, 2488601.039192887954414 ], [ 640951.441176592488773, 2488600.803177629597485 ], [ 640950.927208517212421, 2488600.617210611701012 ], [ 640950.397689916193485, 2488600.483082797843963 ], [ 640949.857720343046822, 2488600.402085912413895 ], [ 640949.3125, 2488600.375 ], [ 640948.767279656953178, 2488600.402085912413895 ], [ 640948.227310083806515, 2488600.483082797843963 ], [ 640947.697791482787579, 2488600.617210611701012 ], [ 640947.183823407511227, 2488600.803177629597485 ], [ 640946.690355651429854, 2488601.039192887954414 ], [ 640946.222140578785911, 2488601.322983430698514 ], [ 640945.783687356859446, 2488601.651816199999303 ], [ 640945.379218529677019, 2488602.022524355910718 ], [ 640945.012629353208467, 2488602.431537776719779 ], [ 640944.687450281577185, 2488602.874917439185083 ], [ 640944.406812967034057, 2488603.348393355496228 ], [ 640944.173420100356452, 2488603.847405693028122 ], [ 640943.989519382477738, 2488604.367148690391332 ], [ 640943.856881877756678, 2488604.902616938576102 ], [ 640943.776784957852215, 2488605.448653585743159 ], [ 640943.75, 2488606.0 ], [ 640943.776784957852215, 2488606.551346414256841 ], [ 640943.856881877756678, 2488607.097383061423898 ], [ 640943.989519382477738, 2488607.632851309608668 ], [ 640944.173420100356452, 2488608.152594306971878 ], [ 640944.406812967034057, 2488608.651606644503772 ], [ 640944.687450281577185, 2488609.125082560814917 ], [ 640945.012629353208467, 2488609.568462223280221 ], [ 640945.379218529677019, 2488609.977475644089282 ], [ 640945.783687356859446, 2488610.348183800000697 ], [ 640946.222140578785911, 2488610.677016569301486 ], [ 640946.690355651429854, 2488610.960807112045586 ], [ 640947.183823407511227, 2488611.196822370402515 ], [ 640947.697791482787579, 2488611.382789388298988 ], [ 640948.227310083806515, 2488611.516917202156037 ], [ 640948.767279656953178, 2488611.597914087586105 ], [ 640949.3125, 2488611.625 ], [ 640949.857720343046822, 2488611.597914087586105 ], [ 640950.397689916193485, 2488611.516917202156037 ], [ 640950.927208517212421, 2488611.382789388298988 ], [ 640951.441176592488773, 2488611.196822370402515 ], [ 640951.934644348570146, 2488610.960807112045586 ], [ 640952.402859421214089, 2488610.677016569301486 ], [ 640952.841312643140554, 2488610.348183800000697 ], [ 640953.245781470322981, 2488609.977475644089282 ], [ 640953.612370646791533, 2488609.568462223280221 ], [ 640953.937549718422815, 2488609.125082560814917 ], [ 640954.218187032965943, 2488608.651606644503772 ], [ 640954.451579899643548, 2488608.152594306971878 ], [ 640954.635480617522262, 2488607.632851309608668 ], [ 640954.768118122243322, 2488607.097383061423898 ], [ 640954.848215042147785, 2488606.551346414256841 ], [ 640954.875, 2488606.0 ] ] ] } },
{ "type": "Feature", "properties": { "xmin": 981.89709, "ymin": 120.04801, "xmax": 1002.765, "ymax": 139.6062, "score": 0.29238042, "label": "Tree", "tile_idx": 2, "geo_xmin": 641184.06, "geo_ymin": 2488834.2, "geo_xmax": 641189.88, "geo_ymax": 2488839.5, "center_x": 641187.0, "center_y": 2488837.0, "width_m": 5.8125, "height_m": 5.25, "crown_diameter_m": 5.5240951, "lon": 88.372586898990193, "lat": 22.500163440156779, "crown_area_raw_m2": 23.966917, "crown_area_calibrated_m2": 28.760302, "agb_tree_kg": 43.847738439480182 }, "geometry": { "type": "Polygon", "coordinates": [ [ [ 641189.90625, 2488837.0 ], [ 641189.892255611834116, 2488836.742705006618053 ], [ 641189.850407221121714, 2488836.487887904513627 ], [ 641189.781107850722037, 2488836.238002722151577 ], [ 641189.685024891397916, 2488835.99545599007979 ], [ 641189.563083674525842, 2488835.76258356589824 ], [ 641189.416458560735919, 2488835.541628138162196 ], [ 641189.246561630046926, 2488835.33471762901172 ], [ 641189.055029082810506, 2488835.14384469948709 ], [ 641188.843705482082441, 2488834.970847560092807 ], [ 641188.614625989692286, 2488834.817392267752439 ], [ 641188.369996766443364, 2488834.684956680983305 ], [ 641188.112173725268804, 2488834.574816226959229 ], [ 641187.84363984328229, 2488834.488031618762761 ], [ 641187.566981248324737, 2488834.425438638776541 ], [ 641187.284862314118072, 2488834.387640092521906 ], [ 641187.0, 2488834.375 ], [ 641186.715137685881928, 2488834.387640092521906 ], [ 641186.433018751675263, 2488834.425438638776541 ], [ 641186.15636015671771, 2488834.488031618762761 ], [ 641185.887826274731196, 2488834.574816226959229 ], [ 641185.630003233556636, 2488834.684956680983305 ], [ 641185.385374010307714, 2488834.817392267752439 ], [ 641185.156294517917559, 2488834.970847560092807 ], [ 641184.944970917189494, 2488835.14384469948709 ], [ 641184.753438369953074, 2488835.33471762901172 ], [ 641184.583541439264081, 2488835.541628138162196 ], [ 641184.436916325474158, 2488835.76258356589824 ], [ 641184.314975108602084, 2488835.99545599007979 ], [ 641184.218892149277963, 2488836.238002722151577 ], [ 641184.149592778878286, 2488836.487887904513627 ], [ 641184.107744388165884, 2488836.742705006618053 ], [ 641184.09375, 2488837.0 ], [ 641184.107744388165884, 2488837.257294993381947 ], [ 641184.149592778878286, 2488837.512112095486373 ], [ 641184.218892149277963, 2488837.761997277848423 ], [ 641184.314975108602084, 2488838.00454400992021 ], [ 641184.436916325474158, 2488838.23741643410176 ], [ 641184.583541439264081, 2488838.458371861837804 ], [ 641184.753438369953074, 2488838.66528237098828 ], [ 641184.944970917189494, 2488838.85615530051291 ], [ 641185.156294517917559, 2488839.029152439907193 ], [ 641185.385374010307714, 2488839.182607732247561 ], [ 641185.630003233556636, 2488839.315043319016695 ], [ 641185.887826274731196, 2488839.425183773040771 ], [ 641186.15636015671771, 2488839.511968381237239 ], [ 641186.433018751675263, 2488839.574561361223459 ], [ 641186.715137685881928, 2488839.612359907478094 ], [ 641187.0, 2488839.625 ], [ 641187.284862314118072, 2488839.612359907478094 ], [ 641187.566981248324737, 2488839.574561361223459 ], [ 641187.84363984328229, 2488839.511968381237239 ], [ 641188.112173725268804, 2488839.425183773040771 ], [ 641188.369996766443364, 2488839.315043319016695 ], [ 641188.614625989692286, 2488839.182607732247561 ], [ 641188.843705482082441, 2488839.029152439907193 ], [ 641189.055029082810506, 2488838.85615530051291 ], [ 641189.246561630046926, 2488838.66528237098828 ], [ 641189.416458560735919, 2488838.458371861837804 ], [ 641189.563083674525842, 2488838.23741643410176 ], [ 641189.685024891397916, 2488838.00454400992021 ], [ 641189.781107850722037, 2488837.761997277848423 ], [ 641189.850407221121714, 2488837.512112095486373 ], [ 641189.892255611834116, 2488837.257294993381947 ], [ 641189.90625, 2488837.0 ] ] ] } },
{ "type": "Feature", "properties": { "xmin": 320.08942, "ymin": 538.51263, "xmax": 326.7326, "ymax": 564.41693, "score": 0.28998446, "label": "Tree", "tile_idx": 4, "geo_xmin": 640999.75, "geo_ymin": 2488718.8, "geo_xmax": 641001.62, "geo_ymax": 2488725.8, "center_x": 641000.69, "center_y": 2488722.2, "width_m": 1.875, "height_m": 7.0, "crown_diameter_m": 3.6228442, "lon": 88.370765797548046, "lat": 22.499142504278172, "crown_area_raw_m2": 10.308351, "crown_area_calibrated_m2": 12.370021, "agb_tree_kg": 15.904015578744263 }, "geometry": { "type": "Polygon", "coordinates": [ [ [ 641001.625, 2488722.25 ], [ 641001.620485681225546, 2488721.906940008979291 ], [ 641001.606986200320534, 2488721.567183873150498 ], [ 641001.584631564794108, 2488721.234003629535437 ], [ 641001.553637061733752, 2488720.910607986617833 ], [ 641001.514301185379736, 2488720.600111421197653 ], [ 641001.467002761550248, 2488720.305504184216261 ], [ 641001.412197300000116, 2488720.029623505659401 ], [ 641001.350412607309408, 2488719.775126265827566 ], [ 641001.282243703957647, 2488719.544463413301855 ], [ 641001.208347093430348, 2488719.339856356848031 ], [ 641001.129434440750629, 2488719.163275574799627 ], [ 641001.046265717828646, 2488719.016421636100858 ], [ 641000.959641884895973, 2488718.900708824861795 ], [ 641000.870397176942788, 2488718.817251518368721 ], [ 641000.779391069081612, 2488718.766853456851095 ], [ 641000.6875, 2488718.75 ], [ 641000.595608930918388, 2488718.766853456851095 ], [ 641000.504602823057212, 2488718.817251518368721 ], [ 641000.415358115104027, 2488718.900708824861795 ], [ 641000.328734282171354, 2488719.016421636100858 ], [ 641000.245565559249371, 2488719.163275574799627 ], [ 641000.166652906569652, 2488719.339856356848031 ], [ 641000.092756296042353, 2488719.544463413301855 ], [ 641000.024587392690592, 2488719.775126265827566 ], [ 640999.962802699999884, 2488720.029623505659401 ], [ 640999.907997238449752, 2488720.305504184216261 ], [ 640999.860698814620264, 2488720.600111421197653 ], [ 640999.821362938266248, 2488720.910607986617833 ], [ 640999.790368435205892, 2488721.234003629535437 ], [ 640999.768013799679466, 2488721.567183873150498 ], [ 640999.754514318774454, 2488721.906940008979291 ], [ 640999.75, 2488722.25 ], [ 640999.754514318774454, 2488722.593059991020709 ], [ 640999.768013799679466, 2488722.932816126849502 ], [ 640999.790368435205892, 2488723.265996370464563 ], [ 640999.821362938266248, 2488723.589392013382167 ], [ 640999.860698814620264, 2488723.899888578802347 ], [ 640999.907997238449752, 2488724.194495815783739 ], [ 640999.962802699999884, 2488724.470376494340599 ], [ 641000.024587392690592, 2488724.724873734172434 ], [ 641000.092756296042353, 2488724.955536586698145 ], [ 641000.166652906569652, 2488725.160143643151969 ], [ 641000.245565559249371, 2488725.336724425200373 ], [ 641000.328734282171354, 2488725.483578363899142 ], [ 641000.415358115104027, 2488725.599291175138205 ], [ 641000.504602823057212, 2488725.682748481631279 ], [ 641000.595608930918388, 2488725.733146543148905 ], [ 641000.6875, 2488725.75 ], [ 641000.779391069081612, 2488725.733146543148905 ], [ 641000.870397176942788, 2488725.682748481631279 ], [ 641000.959641884895973, 2488725.599291175138205 ], [ 641001.046265717828646, 2488725.483578363899142 ], [ 641001.129434440750629, 2488725.336724425200373 ], [ 641001.208347093430348, 2488725.160143643151969 ], [ 641001.282243703957647, 2488724.955536586698145 ], [ 641001.350412607309408, 2488724.724873734172434 ], [ 641001.412197300000116, 2488724.470376494340599 ], [ 641001.467002761550248, 2488724.194495815783739 ], [ 641001.514301185379736, 2488723.899888578802347 ], [ 641001.553637061733752, 2488723.589392013382167 ], [ 641001.584631564794108, 2488723.265996370464563 ], [ 641001.606986200320534, 2488722.932816126849502 ], [ 641001.620485681225546, 2488722.593059991020709 ], [ 641001.625, 2488722.25 ] ] ] } },
{ "type": "Feature", "properties": { "xmin": 171.82141, "ymin": 624.0, "xmax": 202.58545, "ymax": 631.42578, "score": 0.28083682, "label": "Tree", "tile_idx": 6, "geo_xmin": 640958.44, "geo_ymin": 2488700.5, "geo_xmax": 640967.06, "geo_ymax": 2488702.8, "center_x": 640962.75, "center_y": 2488701.5, "width_m": 8.625, "height_m": 2.25, "crown_diameter_m": 4.4052525, "lon": 88.37039521543079, "lat": 22.49895823938062, "crown_area_raw_m2": 15.241633, "crown_area_calibrated_m2": 18.289961, "agb_tree_kg": 25.448208719029687 }, "geometry": { "type": "Polygon", "coordinates": [ [ [ 640967.0625, 2488701.5 ], [ 640967.041734133730642, 2488701.3897307170555 ], [ 640966.979636521777138, 2488701.28052338771522 ], [ 640966.876805197796784, 2488701.173429738264531 ], [ 640966.734230483998545, 2488701.069481138605624 ], [ 640966.553285452537239, 2488700.969678671099246 ], [ 640966.33571270306129, 2488700.874983487650752 ], [ 640966.083607580163516, 2488700.786307555157691 ], [ 640965.799397993832827, 2488700.704504871275276 ], [ 640965.485821037902497, 2488700.630363239906728 ], [ 640965.145896629896015, 2488700.564596686046571 ], [ 640964.782898427569307, 2488700.507838577497751 ], [ 640964.400322302128188, 2488700.460635526105762 ], [ 640964.001852670684457, 2488700.423442122526467 ], [ 640963.591327013680711, 2488700.39661655947566 ], [ 640963.172698917682283, 2488700.380417182575911 ], [ 640962.75, 2488700.375 ], [ 640962.327301082317717, 2488700.380417182575911 ], [ 640961.908672986319289, 2488700.39661655947566 ], [ 640961.498147329315543, 2488700.423442122526467 ], [ 640961.099677697871812, 2488700.460635526105762 ], [ 640960.717101572430693, 2488700.507838577497751 ], [ 640960.354103370103985, 2488700.564596686046571 ], [ 640960.014178962097503, 2488700.630363239906728 ], [ 640959.700602006167173, 2488700.704504871275276 ], [ 640959.416392419836484, 2488700.786307555157691 ], [ 640959.16428729693871, 2488700.874983487650752 ], [ 640958.946714547462761, 2488700.969678671099246 ], [ 640958.765769516001455, 2488701.069481138605624 ], [ 640958.623194802203216, 2488701.173429738264531 ], [ 640958.520363478222862, 2488701.28052338771522 ], [ 640958.458265866269358, 2488701.3897307170555 ], [ 640958.4375, 2488701.5 ], [ 640958.458265866269358, 2488701.6102692829445 ], [ 640958.520363478222862, 2488701.71947661228478 ], [ 640958.623194802203216, 2488701.826570261735469 ], [ 640958.765769516001455, 2488701.930518861394376 ], [ 640958.946714547462761, 2488702.030321328900754 ], [ 640959.16428729693871, 2488702.125016512349248 ], [ 640959.416392419836484, 2488702.213692444842309 ], [ 640959.700602006167173, 2488702.295495128724724 ], [ 640960.014178962097503, 2488702.369636760093272 ], [ 640960.354103370103985, 2488702.435403313953429 ], [ 640960.717101572430693, 2488702.492161422502249 ], [ 640961.099677697871812, 2488702.539364473894238 ], [ 640961.498147329315543, 2488702.576557877473533 ], [ 640961.908672986319289, 2488702.60338344052434 ], [ 640962.327301082317717, 2488702.619582817424089 ], [ 640962.75, 2488702.625 ], [ 640963.172698917682283, 2488702.619582817424089 ], [ 640963.591327013680711, 2488702.60338344052434 ], [ 640964.001852670684457, 2488702.576557877473533 ], [ 640964.400322302128188, 2488702.539364473894238 ], [ 640964.782898427569307, 2488702.492161422502249 ], [ 640965.145896629896015, 2488702.435403313953429 ], [ 640965.485821037902497, 2488702.369636760093272 ], [ 640965.799397993832827, 2488702.295495128724724 ], [ 640966.083607580163516, 2488702.213692444842309 ], [ 640966.33571270306129, 2488702.125016512349248 ], [ 640966.553285452537239, 2488702.030321328900754 ], [ 640966.734230483998545, 2488701.930518861394376 ], [ 640966.876805197796784, 2488701.826570261735469 ], [ 640966.979636521777138, 2488701.71947661228478 ], [ 640967.041734133730642, 2488701.6102692829445 ], [ 640967.0625, 2488701.5 ] ] ] } }
]
}
