{
"type": "FeatureCollection",
"name": "kolkata_maidan_victoria_crowns",
"crs": { "type": "name", "properties": { "name": "urn:ogc:def:crs:EPSG::32645" } },
"features": [
{ "type": "Feature", "properties": { "xmin": 625.62665, "ymin": 952.60193, "xmax": 674.18628, "ymax": 1001.4454, "score": 0.67813748, "label": "Tree", "tile_idx": 13, "geo_xmin": 638067.38, "geo_ymin": 2493633.5, "geo_xmax": 638080.44, "geo_ymax": 2493646.8, "center_x": 638073.88, "center_y": 2493640.0, "width_m": 13.0625, "height_m": 13.25, "crown_diameter_m": 13.155916, "lon": 88.342747420489488, "lat": 22.543796681225732, "crown_area_raw_m2": 135.93524, "crown_area_calibrated_m2": 163.1223, "agb_tree_kg": 353.11692324229278 }, "geometry": { "type": "Polygon", "coordinates": [ [ [ 638080.40625, 2493640.0 ], [ 638080.374800246092491, 2493639.350636445451528 ], [ 638080.280753862578422, 2493638.707526616752148 ], [ 638080.125016567762941, 2493638.076864012982696 ], [ 638079.909088196698576, 2493637.464722260367125 ], [ 638079.635048257769085, 2493636.876996618695557 ], [ 638079.305535905295983, 2493636.319347206037492 ], [ 638078.923724523512647, 2493635.797144492622465 ], [ 638078.493291164631955, 2493635.315417574718595 ], [ 638078.018381137168035, 2493634.87880574632436 ], [ 638077.503568084444851, 2493634.491513818502426 ], [ 638076.953809937345795, 2493634.15727162361145 ], [ 638076.374401167617179, 2493633.87929809698835 ], [ 638075.770921798306517, 2493633.6602702755481 ], [ 638075.149183665635064, 2493633.502297517377883 ], [ 638074.515174447791651, 2493633.406901185866445 ], [ 638073.875, 2493633.375 ], [ 638073.234825552208349, 2493633.406901185866445 ], [ 638072.600816334364936, 2493633.502297517377883 ], [ 638071.979078201693483, 2493633.6602702755481 ], [ 638071.375598832382821, 2493633.87929809698835 ], [ 638070.796190062654205, 2493634.15727162361145 ], [ 638070.246431915555149, 2493634.491513818502426 ], [ 638069.731618862831965, 2493634.87880574632436 ], [ 638069.256708835368045, 2493635.315417574718595 ], [ 638068.826275476487353, 2493635.797144492622465 ], [ 638068.444464094704017, 2493636.319347206037492 ], [ 638068.114951742230915, 2493636.876996618695557 ], [ 638067.840911803301424, 2493637.464722260367125 ], [ 638067.624983432237059, 2493638.076864012982696 ], [ 638067.469246137421578, 2493638.707526616752148 ], [ 638067.375199753907509, 2493639.350636445451528 ], [ 638067.34375, 2493640.0 ], [ 638067.375199753907509, 2493640.649363554548472 ], [ 638067.469246137421578, 2493641.292473383247852 ], [ 638067.624983432237059, 2493641.923135987017304 ], [ 638067.840911803301424, 2493642.535277739632875 ], [ 638068.114951742230915, 2493643.123003381304443 ], [ 638068.444464094704017, 2493643.680652793962508 ], [ 638068.826275476487353, 2493644.202855507377535 ], [ 638069.256708835368045, 2493644.684582425281405 ], [ 638069.731618862831965, 2493645.12119425367564 ], [ 638070.246431915555149, 2493645.508486181497574 ], [ 638070.796190062654205, 2493645.84272837638855 ], [ 638071.375598832382821, 2493646.12070190301165 ], [ 638071.979078201693483, 2493646.3397297244519 ], [ 638072.600816334364936, 2493646.497702482622117 ], [ 638073.234825552208349, 2493646.593098814133555 ], [ 638073.875, 2493646.625 ], [ 638074.515174447791651, 2493646.593098814133555 ], [ 638075.149183665635064, 2493646.497702482622117 ], [ 638075.770921798306517, 2493646.3397297244519 ], [ 638076.374401167617179, 2493646.12070190301165 ], [ 638076.953809937345795, 2493645.84272837638855 ], [ 638077.503568084444851, 2493645.508486181497574 ], [ 638078.018381137168035, 2493645.12119425367564 ], [ 638078.493291164631955, 2493644.684582425281405 ], [ 638078.923724523512647, 2493644.202855507377535 ], [ 638079.305535905295983, 2493643.680652793962508 ], [ 638079.635048257769085, 2493643.123003381304443 ], [ 638079.909088196698576, 2493642.535277739632875 ], [ 638080.125016567762941, 2493641.923135987017304 ], [ 638080.280753862578422, 2493641.292473383247852 ], [ 638080.374800246092491, 2493640.649363554548472 ], [ 638080.40625, 2493640.0 ] ] ] } },
{ "type": "Feature", "properties": { "xmin": 114.41747, "ymin": 321.30643, "xmax": 151.11659, "ymax": 348.21918, "score": 0.63362181, "label": "Tree", "tile_idx": 4, "geo_xmin": 637929.31, "geo_ymin": 2493810.0, "geo_xmax": 637939.25, "geo_ymax": 2493817.2, "center_x": 637934.25, "center_y": 2493813.5, "width_m": 9.9375, "height_m": 7.25, "crown_diameter_m": 8.4880428, "lon": 88.34140501932194, "lat": 22.545374968535583, "crown_area_raw_m2": 56.585484, "crown_area_calibrated_m2": 67.90258, "agb_tree_kg": 123.14159936491697 }, "geometry": { "type": "Polygon", "coordinates": [ [ [ 637939.21875, 2493813.5 ], [ 637939.194824110600166, 2493813.144687866326421 ], [ 637939.123276861966588, 2493812.792797582689673 ], [ 637939.004797293222509, 2493812.447718044742942 ], [ 637938.840526427142322, 2493812.112772557884455 ], [ 637938.632046282174997, 2493811.791186829097569 ], [ 637938.38136463612318, 2493811.486057905480266 ], [ 637938.090895690140314, 2493811.200324344914407 ], [ 637937.763436819077469, 2493810.936737918294966 ], [ 637937.402141630649567, 2493810.697837106417865 ], [ 637937.010489595355466, 2493810.485922655556351 ], [ 637936.592252536094747, 2493810.303035416640341 ], [ 637936.151458304608241, 2493810.150936694815755 ], [ 637935.692351990146562, 2493810.031091283075511 ], [ 637935.219355037552305, 2493809.944653358310461 ], [ 637934.737022666027769, 2493809.892455365974456 ], [ 637934.25, 2493809.875 ], [ 637933.762977333972231, 2493809.892455365974456 ], [ 637933.280644962447695, 2493809.944653358310461 ], [ 637932.807648009853438, 2493810.031091283075511 ], [ 637932.348541695391759, 2493810.150936694815755 ], [ 637931.907747463905253, 2493810.303035416640341 ], [ 637931.489510404644534, 2493810.485922655556351 ], [ 637931.097858369350433, 2493810.697837106417865 ], [ 637930.736563180922531, 2493810.936737918294966 ], [ 637930.409104309859686, 2493811.200324344914407 ], [ 637930.11863536387682, 2493811.486057905480266 ], [ 637929.867953717825003, 2493811.791186829097569 ], [ 637929.659473572857678, 2493812.112772557884455 ], [ 637929.495202706777491, 2493812.447718044742942 ], [ 637929.376723138033412, 2493812.792797582689673 ], [ 637929.305175889399834, 2493813.144687866326421 ], [ 637929.28125, 2493813.5 ], [ 637929.305175889399834, 2493813.855312133673579 ], [ 637929.376723138033412, 2493814.207202417310327 ], [ 637929.495202706777491, 2493814.552281955257058 ], [ 637929.659473572857678, 2493814.887227442115545 ], [ 637929.867953717825003, 2493815.208813170902431 ], [ 637930.11863536387682, 2493815.513942094519734 ], [ 637930.409104309859686, 2493815.799675655085593 ], [ 637930.736563180922531, 2493816.063262081705034 ], [ 637931.097858369350433, 2493816.302162893582135 ], [ 637931.489510404644534, 2493816.514077344443649 ], [ 637931.907747463905253, 2493816.696964583359659 ], [ 637932.348541695391759, 2493816.849063305184245 ], [ 637932.807648009853438, 2493816.968908716924489 ], [ 637933.280644962447695, 2493817.055346641689539 ], [ 637933.762977333972231, 2493817.107544634025544 ], [ 637934.25, 2493817.125 ], [ 637934.737022666027769, 2493817.107544634025544 ], [ 637935.219355037552305, 2493817.055346641689539 ], [ 637935.692351990146562, 2493816.968908716924489 ], [ 637936.151458304608241, 2493816.849063305184245 ], [ 637936.592252536094747, 2493816.696964583359659 ], [ 637937.010489595355466, 2493816.514077344443649 ], [ 637937.402141630649567, 2493816.302162893582135 ], [ 637937.763436819077469, 2493816.063262081705034 ], [ 637938.090895690140314, 2493815.799675655085593 ], [ 637938.38136463612318, 2493815.513942094519734 ], [ 637938.632046282174997, 2493815.208813170902431 ], [ 637938.840526427142322, 2493814.887227442115545 ], [ 637939.004797293222509, 2493814.552281955257058 ], [ 637939.123276861966588, 2493814.207202417310327 ], [ 637939.194824110600166, 2493813.855312133673579 ], [ 637939.21875, 2493813.5 ] ] ] } },
{ "type": "Feature", "properties": { "xmin": 212.7782, "ymin": 239.88875, "xmax": 243.08395, "ymax": 270.53317, "score": 0.61597145, "label": "Tree", "tile_idx": 0, "geo_xmin": 637955.88, "geo_ymin": 2493831.0, "geo_xmax": 637964.06, "geo_ymax": 2493839.2, "center_x": 637960.0, "center_y": 2493835.0, "width_m": 8.1875, "height_m": 8.25, "crown_diameter_m": 8.2186909, "lon": 88.341657261491733, "lat": 22.545567057038966, "crown_area_raw_m2": 53.051193, "crown_area_calibrated_m2": 63.661434, "agb_tree_kg": 113.95594062755657 }, "geometry": { "type": "Polygon", "coordinates": [ [ [ 637964.09375, 2493835.0 ], [ 637964.07403747481294, 2493834.595679296180606 ], [ 637964.015089741675183, 2493834.195252421777695 ], [ 637963.917474499437958, 2493833.802575706504285 ], [ 637963.782131836167537, 2493833.421430841553956 ], [ 637963.610365175874904, 2493833.055488460697234 ], [ 637963.403828725335188, 2493832.708272788673639 ], [ 637963.164511543465778, 2493832.38312770286575 ], [ 637962.894718385534361, 2493832.083184527698904 ], [ 637962.597047507064417, 2493831.811331879813224 ], [ 637962.274365641409531, 2493831.570187849458307 ], [ 637961.929780391394161, 2493831.362074784468859 ], [ 637961.566610301262699, 2493831.188996928278357 ], [ 637961.188352897530422, 2493831.052621114999056 ], [ 637960.798651005723514, 2493830.954260718543082 ], [ 637960.401257668272592, 2493830.894863002467901 ], [ 637960.0, 2493830.875 ], [ 637959.598742331727408, 2493830.894863002467901 ], [ 637959.201348994276486, 2493830.954260718543082 ], [ 637958.811647102469578, 2493831.052621114999056 ], [ 637958.433389698737301, 2493831.188996928278357 ], [ 637958.070219608605839, 2493831.362074784468859 ], [ 637957.725634358590469, 2493831.570187849458307 ], [ 637957.402952492935583, 2493831.811331879813224 ], [ 637957.105281614465639, 2493832.083184527698904 ], [ 637956.835488456534222, 2493832.38312770286575 ], [ 637956.596171274664812, 2493832.708272788673639 ], [ 637956.389634824125096, 2493833.055488460697234 ], [ 637956.217868163832463, 2493833.421430841553956 ], [ 637956.082525500562042, 2493833.802575706504285 ], [ 637955.984910258324817, 2493834.195252421777695 ], [ 637955.92596252518706, 2493834.595679296180606 ], [ 637955.90625, 2493835.0 ], [ 637955.92596252518706, 2493835.404320703819394 ], [ 637955.984910258324817, 2493835.804747578222305 ], [ 637956.082525500562042, 2493836.197424293495715 ], [ 637956.217868163832463, 2493836.578569158446044 ], [ 637956.389634824125096, 2493836.944511539302766 ], [ 637956.596171274664812, 2493837.291727211326361 ], [ 637956.835488456534222, 2493837.61687229713425 ], [ 637957.105281614465639, 2493837.916815472301096 ], [ 637957.402952492935583, 2493838.188668120186776 ], [ 637957.725634358590469, 2493838.429812150541693 ], [ 637958.070219608605839, 2493838.637925215531141 ], [ 637958.433389698737301, 2493838.811003071721643 ], [ 637958.811647102469578, 2493838.947378885000944 ], [ 637959.201348994276486, 2493839.045739281456918 ], [ 637959.598742331727408, 2493839.105136997532099 ], [ 637960.0, 2493839.125 ], [ 637960.401257668272592, 2493839.105136997532099 ], [ 637960.798651005723514, 2493839.045739281456918 ], [ 637961.188352897530422, 2493838.947378885000944 ], [ 637961.566610301262699, 2493838.811003071721643 ], [ 637961.929780391394161, 2493838.637925215531141 ], [ 637962.274365641409531, 2493838.429812150541693 ], [ 637962.597047507064417, 2493838.188668120186776 ], [ 637962.894718385534361, 2493837.916815472301096 ], [ 637963.164511543465778, 2493837.61687229713425 ], [ 637963.403828725335188, 2493837.291727211326361 ], [ 637963.610365175874904, 2493836.944511539302766 ], [ 637963.782131836167537, 2493836.578569158446044 ], [ 637963.917474499437958, 2493836.197424293495715 ], [ 637964.015089741675183, 2493835.804747578222305 ], [ 637964.07403747481294, 2493835.404320703819394 ], [ 637964.09375, 2493835.0 ] ] ] } },
{ "type": "Feature", "properties": { "xmin": 540.51251, "ymin": 455.62714, "xmax": 563.45221, "ymax": 478.49731, "score": 0.60759223, "label": "Tree", "tile_idx": 5, "geo_xmin": 638044.38, "geo_ymin": 2493774.8, "geo_xmax": 638050.56, "geo_ymax": 2493781.0, "center_x": 638047.5, "center_y": 2493778.0, "width_m": 6.1875, "height_m": 6.25, "crown_diameter_m": 6.2186713, "lon": 88.342503037483013, "lat": 22.54504516461126, "crown_area_raw_m2": 30.37282, "crown_area_calibrated_m2": 36.447384, "agb_tree_kg": 58.290858106624917 }, "geometry": { "type": "Polygon", "coordinates": [ [ [ 638050.59375, 2493778.0 ], [ 638050.578852748149075, 2493777.693696436472237 ], [ 638050.534304461209103, 2493777.39034274360165 ], [ 638050.460534163634293, 2493777.09286038344726 ], [ 638050.358252303674817, 2493776.804114273749292 ], [ 638050.22844391153194, 2493776.526885197497904 ], [ 638050.072359113022685, 2493776.263843021821231 ], [ 638049.891501090140082, 2493776.017520986963063 ], [ 638049.687611604342237, 2493775.790291308891028 ], [ 638049.462654222850688, 2493775.584342333022505 ], [ 638049.218795408378355, 2493775.401657461654395 ], [ 638048.95838365459349, 2493775.243996048811823 ], [ 638048.683926868834533, 2493775.112876460887492 ], [ 638048.398068220238201, 2493775.009561450686306 ], [ 638048.103560683783144, 2493774.935045998543501 ], [ 638047.803240527864546, 2493774.89004772901535 ], [ 638047.5, 2493774.875 ], [ 638047.196759472135454, 2493774.89004772901535 ], [ 638046.896439316216856, 2493774.935045998543501 ], [ 638046.601931779761799, 2493775.009561450686306 ], [ 638046.316073131165467, 2493775.112876460887492 ], [ 638046.04161634540651, 2493775.243996048811823 ], [ 638045.781204591621645, 2493775.401657461654395 ], [ 638045.537345777149312, 2493775.584342333022505 ], [ 638045.312388395657763, 2493775.790291308891028 ], [ 638045.108498909859918, 2493776.017520986963063 ], [ 638044.927640886977315, 2493776.263843021821231 ], [ 638044.77155608846806, 2493776.526885197497904 ], [ 638044.641747696325183, 2493776.804114273749292 ], [ 638044.539465836365707, 2493777.09286038344726 ], [ 638044.465695538790897, 2493777.39034274360165 ], [ 638044.421147251850925, 2493777.693696436472237 ], [ 638044.40625, 2493778.0 ], [ 638044.421147251850925, 2493778.306303563527763 ], [ 638044.465695538790897, 2493778.60965725639835 ], [ 638044.539465836365707, 2493778.90713961655274 ], [ 638044.641747696325183, 2493779.195885726250708 ], [ 638044.77155608846806, 2493779.473114802502096 ], [ 638044.927640886977315, 2493779.736156978178769 ], [ 638045.108498909859918, 2493779.982479013036937 ], [ 638045.312388395657763, 2493780.209708691108972 ], [ 638045.537345777149312, 2493780.415657666977495 ], [ 638045.781204591621645, 2493780.598342538345605 ], [ 638046.04161634540651, 2493780.756003951188177 ], [ 638046.316073131165467, 2493780.887123539112508 ], [ 638046.601931779761799, 2493780.990438549313694 ], [ 638046.896439316216856, 2493781.064954001456499 ], [ 638047.196759472135454, 2493781.10995227098465 ], [ 638047.5, 2493781.125 ], [ 638047.803240527864546, 2493781.10995227098465 ], [ 638048.103560683783144, 2493781.064954001456499 ], [ 638048.398068220238201, 2493780.990438549313694 ], [ 638048.683926868834533, 2493780.887123539112508 ], [ 638048.95838365459349, 2493780.756003951188177 ], [ 638049.218795408378355, 2493780.598342538345605 ], [ 638049.462654222850688, 2493780.415657666977495 ], [ 638049.687611604342237, 2493780.209708691108972 ], [ 638049.891501090140082, 2493779.982479013036937 ], [ 638050.072359113022685, 2493779.736156978178769 ], [ 638050.22844391153194, 2493779.473114802502096 ], [ 638050.358252303674817, 2493779.195885726250708 ], [ 638050.460534163634293, 2493778.90713961655274 ], [ 638050.534304461209103, 2493778.60965725639835 ], [ 638050.578852748149075, 2493778.306303563527763 ], [ 638050.59375, 2493778.0 ] ] ] } },
{ "type": "Feature", "properties": { "xmin": 480.91748, "ymin": 54.59193, "xmax": 523.99609, "ymax": 97.680832, "score": 0.59342039, "label": "Tree", "tile_idx": 1, "geo_xmin": 638028.31, "geo_ymin": 2493877.8, "geo_xmax": 638039.94, "geo_ymax": 2493889.2, "center_x": 638034.12, "center_y": 2493883.5, "width_m": 11.625, "height_m": 11.5, "crown_diameter_m": 11.562331, "lon": 88.342382210122935, "lat": 22.54599907002606, "crown_area_raw_m2": 104.99792, "crown_area_calibrated_m2": 125.99751, "agb_tree_kg": 258.88838402225349 }, "geometry": { "type": "Polygon", "coordinates": [ [ [ 638039.9375, 2493883.5 ], [ 638039.909511223784648, 2493882.93640144309029 ], [ 638039.825814442359842, 2493882.378230648580939 ], [ 638039.687215701444075, 2493881.830863105598837 ], [ 638039.495049782679416, 2493881.299570263829082 ], [ 638039.251167349051684, 2493880.789468763396144 ], [ 638038.957917121471837, 2493880.305471159983426 ], [ 638038.618123260210268, 2493879.852238615974784 ], [ 638038.235058165621012, 2493879.434136008378118 ], [ 638037.812410964164883, 2493879.055189893115312 ], [ 638037.354251979384571, 2493878.719049729406834 ], [ 638036.864993532770313, 2493878.428952729795128 ], [ 638036.349347450654022, 2493878.18769268784672 ], [ 638035.81227968656458, 2493877.997593069449067 ], [ 638035.258962496765889, 2493877.860484637785703 ], [ 638034.694724628119729, 2493877.777687821537256 ], [ 638034.125, 2493877.75 ], [ 638033.555275371880271, 2493877.777687821537256 ], [ 638032.991037503234111, 2493877.860484637785703 ], [ 638032.43772031343542, 2493877.997593069449067 ], [ 638031.900652549345978, 2493878.18769268784672 ], [ 638031.385006467229687, 2493878.428952729795128 ], [ 638030.895748020615429, 2493878.719049729406834 ], [ 638030.437589035835117, 2493879.055189893115312 ], [ 638030.014941834378988, 2493879.434136008378118 ], [ 638029.631876739789732, 2493879.852238615974784 ], [ 638029.292082878528163, 2493880.305471159983426 ], [ 638028.998832650948316, 2493880.789468763396144 ], [ 638028.754950217320584, 2493881.299570263829082 ], [ 638028.562784298555925, 2493881.830863105598837 ], [ 638028.424185557640158, 2493882.378230648580939 ], [ 638028.340488776215352, 2493882.93640144309029 ], [ 638028.3125, 2493883.5 ], [ 638028.340488776215352, 2493884.06359855690971 ], [ 638028.424185557640158, 2493884.621769351419061 ], [ 638028.562784298555925, 2493885.169136894401163 ], [ 638028.754950217320584, 2493885.700429736170918 ], [ 638028.998832650948316, 2493886.210531236603856 ], [ 638029.292082878528163, 2493886.694528840016574 ], [ 638029.631876739789732, 2493887.147761384025216 ], [ 638030.014941834378988, 2493887.565863991621882 ], [ 638030.437589035835117, 2493887.944810106884688 ], [ 638030.895748020615429, 2493888.280950270593166 ], [ 638031.385006467229687, 2493888.571047270204872 ], [ 638031.900652549345978, 2493888.81230731215328 ], [ 638032.43772031343542, 2493889.002406930550933 ], [ 638032.991037503234111, 2493889.139515362214297 ], [ 638033.555275371880271, 2493889.222312178462744 ], [ 638034.125, 2493889.25 ], [ 638034.694724628119729, 2493889.222312178462744 ], [ 638035.258962496765889, 2493889.139515362214297 ], [ 638035.81227968656458, 2493889.002406930550933 ], [ 638036.349347450654022, 2493888.81230731215328 ], [ 638036.864993532770313, 2493888.571047270204872 ], [ 638037.354251979384571, 2493888.280950270593166 ], [ 638037.812410964164883, 2493887.944810106884688 ], [ 638038.235058165621012, 2493887.565863991621882 ], [ 638038.618123260210268, 2493887.147761384025216 ], [ 638038.957917121471837, 2493886.694528840016574 ], [ 638039.251167349051684, 2493886.210531236603856 ], [ 638039.495049782679416, 2493885.700429736170918 ], [ 638039.687215701444075, 2493885.169136894401163 ], [ 638039.825814442359842, 2493884.621769351419061 ], [ 638039.909511223784648, 2493884.06359855690971 ], [ 638039.9375, 2493883.5 ] ] ] } },
{ "type": "Feature", "properties": { "xmin": 924.82233, "ymin": 1001.174, "xmax": 954.08337, "ymax": 1031.0348, "score": 0.55839765, "label": "Tree", "tile_idx": 10, "geo_xmin": 638148.12, "geo_ymin": 2493625.5, "geo_xmax": 638156.06, "geo_ymax": 2493633.8, "center_x": 638152.12, "center_y": 2493629.5, "width_m": 7.9375, "height_m": 8.25, "crown_diameter_m": 8.0922413, "lon": 88.34350731127256, "lat": 22.543695498114722, "crown_area_raw_m2": 51.431309, "crown_area_calibrated_m2": 61.717571, "agb_tree_kg": 109.7864803163523 }, "geometry": { "type": "Polygon", "coordinates": [ [ [ 638156.09375, 2493629.5 ], [ 638156.074639383936301, 2493629.095679296180606 ], [ 638156.017491581616923, 2493628.695252421777695 ], [ 638155.922856957418844, 2493628.302575706504285 ], [ 638155.791646894649602, 2493627.921430841553956 ], [ 638155.625125017832033, 2493627.555488460697234 ], [ 638155.424895023810677, 2493627.208272788673639 ], [ 638155.192885236814618, 2493626.88312770286575 ], [ 638154.931330037885346, 2493626.583184527698904 ], [ 638154.642748346552253, 2493626.311331879813224 ], [ 638154.32991936232429, 2493626.070187849458307 ], [ 638153.995855799294077, 2493625.862074784468859 ], [ 638153.643774872180074, 2493625.688996928278357 ], [ 638153.277067312854342, 2493625.552621114999056 ], [ 638152.899264715495519, 2493625.454260718543082 ], [ 638152.514005525736138, 2493625.394863002467901 ], [ 638152.125, 2493625.375 ], [ 638151.735994474263862, 2493625.394863002467901 ], [ 638151.350735284504481, 2493625.454260718543082 ], [ 638150.972932687145658, 2493625.552621114999056 ], [ 638150.606225127819926, 2493625.688996928278357 ], [ 638150.254144200705923, 2493625.862074784468859 ], [ 638149.92008063767571, 2493626.070187849458307 ], [ 638149.607251653447747, 2493626.311331879813224 ], [ 638149.318669962114654, 2493626.583184527698904 ], [ 638149.057114763185382, 2493626.88312770286575 ], [ 638148.825104976189323, 2493627.208272788673639 ], [ 638148.624874982167967, 2493627.555488460697234 ], [ 638148.458353105350398, 2493627.921430841553956 ], [ 638148.327143042581156, 2493628.302575706504285 ], [ 638148.232508418383077, 2493628.695252421777695 ], [ 638148.175360616063699, 2493629.095679296180606 ], [ 638148.15625, 2493629.5 ], [ 638148.175360616063699, 2493629.904320703819394 ], [ 638148.232508418383077, 2493630.304747578222305 ], [ 638148.327143042581156, 2493630.697424293495715 ], [ 638148.458353105350398, 2493631.078569158446044 ], [ 638148.624874982167967, 2493631.444511539302766 ], [ 638148.825104976189323, 2493631.791727211326361 ], [ 638149.057114763185382, 2493632.11687229713425 ], [ 638149.318669962114654, 2493632.416815472301096 ], [ 638149.607251653447747, 2493632.688668120186776 ], [ 638149.92008063767571, 2493632.929812150541693 ], [ 638150.254144200705923, 2493633.137925215531141 ], [ 638150.606225127819926, 2493633.311003071721643 ], [ 638150.972932687145658, 2493633.447378885000944 ], [ 638151.350735284504481, 2493633.545739281456918 ], [ 638151.735994474263862, 2493633.605136997532099 ], [ 638152.125, 2493633.625 ], [ 638152.514005525736138, 2493633.605136997532099 ], [ 638152.899264715495519, 2493633.545739281456918 ], [ 638153.277067312854342, 2493633.447378885000944 ], [ 638153.643774872180074, 2493633.311003071721643 ], [ 638153.995855799294077, 2493633.137925215531141 ], [ 638154.32991936232429, 2493632.929812150541693 ], [ 638154.642748346552253, 2493632.688668120186776 ], [ 638154.931330037885346, 2493632.416815472301096 ], [ 638155.192885236814618, 2493632.11687229713425 ], [ 638155.424895023810677, 2493631.791727211326361 ], [ 638155.625125017832033, 2493631.444511539302766 ], [ 638155.791646894649602, 2493631.078569158446044 ], [ 638155.922856957418844, 2493630.697424293495715 ], [ 638156.017491581616923, 2493630.304747578222305 ], [ 638156.074639383936301, 2493629.904320703819394 ], [ 638156.09375, 2493629.5 ] ] ] } },
{ "type": "Feature", "properties": { "xmin": 874.26453, "ymin": 745.6178, "xmax": 907.35168, "ymax": 779.09766, "score": 0.5415985, "label": "Tree", "tile_idx": 10, "geo_xmin": 638134.5, "geo_ymin": 2493693.8, "geo_xmax": 638143.44, "geo_ymax": 2493702.8, "center_x": 638139.0, "center_y": 2493698.2, "width_m": 8.9375, "height_m": 9.0, "crown_diameter_m": 8.9686956, "lon": 88.343385709579621, "lat": 22.544317477322871, "crown_area_raw_m2": 63.175468, "crown_area_calibrated_m2": 75.810562, "agb_tree_kg": 140.57646360865124 }, "geometry": { "type": "Polygon", "coordinates": [ [ [ 638143.46875, 2493698.25 ], [ 638143.447231747326441, 2493697.80892286868766 ], [ 638143.382884221849963, 2493697.372093550860882 ], [ 638143.276327125262469, 2493696.943718952126801 ], [ 638143.12858666095417, 2493696.527924554422498 ], [ 638142.941085650003515, 2493696.128714684396982 ], [ 638142.715629830025136, 2493695.749933951534331 ], [ 638142.454390463419259, 2493695.395230221096426 ], [ 638142.159883428481407, 2493695.068019484635442 ], [ 638141.83494498860091, 2493694.771452960092574 ], [ 638141.48270447878167, 2493694.508386744651943 ], [ 638141.106554167694412, 2493694.281354310456663 ], [ 638140.710116588394158, 2493694.092542103491724 ], [ 638140.297209651442245, 2493693.943768489174545 ], [ 638139.871809876523912, 2493693.836466238368303 ], [ 638139.438014095881954, 2493693.771668729837984 ], [ 638139.0, 2493693.75 ], [ 638138.561985904118046, 2493693.771668729837984 ], [ 638138.128190123476088, 2493693.836466238368303 ], [ 638137.702790348557755, 2493693.943768489174545 ], [ 638137.289883411605842, 2493694.092542103491724 ], [ 638136.893445832305588, 2493694.281354310456663 ], [ 638136.51729552121833, 2493694.508386744651943 ], [ 638136.16505501139909, 2493694.771452960092574 ], [ 638135.840116571518593, 2493695.068019484635442 ], [ 638135.545609536580741, 2493695.395230221096426 ], [ 638135.284370169974864, 2493695.749933951534331 ], [ 638135.058914349996485, 2493696.128714684396982 ], [ 638134.87141333904583, 2493696.527924554422498 ], [ 638134.723672874737531, 2493696.943718952126801 ], [ 638134.617115778150037, 2493697.372093550860882 ], [ 638134.552768252673559, 2493697.80892286868766 ], [ 638134.53125, 2493698.25 ], [ 638134.552768252673559, 2493698.69107713131234 ], [ 638134.617115778150037, 2493699.127906449139118 ], [ 638134.723672874737531, 2493699.556281047873199 ], [ 638134.87141333904583, 2493699.972075445577502 ], [ 638135.058914349996485, 2493700.371285315603018 ], [ 638135.284370169974864, 2493700.750066048465669 ], [ 638135.545609536580741, 2493701.104769778903574 ], [ 638135.840116571518593, 2493701.431980515364558 ], [ 638136.16505501139909, 2493701.728547039907426 ], [ 638136.51729552121833, 2493701.991613255348057 ], [ 638136.893445832305588, 2493702.218645689543337 ], [ 638137.289883411605842, 2493702.407457896508276 ], [ 638137.702790348557755, 2493702.556231510825455 ], [ 638138.128190123476088, 2493702.663533761631697 ], [ 638138.561985904118046, 2493702.728331270162016 ], [ 638139.0, 2493702.75 ], [ 638139.438014095881954, 2493702.728331270162016 ], [ 638139.871809876523912, 2493702.663533761631697 ], [ 638140.297209651442245, 2493702.556231510825455 ], [ 638140.710116588394158, 2493702.407457896508276 ], [ 638141.106554167694412, 2493702.218645689543337 ], [ 638141.48270447878167, 2493701.991613255348057 ], [ 638141.83494498860091, 2493701.728547039907426 ], [ 638142.159883428481407, 2493701.431980515364558 ], [ 638142.454390463419259, 2493701.104769778903574 ], [ 638142.715629830025136, 2493700.750066048465669 ], [ 638142.941085650003515, 2493700.371285315603018 ], [ 638143.12858666095417, 2493699.972075445577502 ], [ 638143.276327125262469, 2493699.556281047873199 ], [ 638143.382884221849963, 2493699.127906449139118 ], [ 638143.447231747326441, 2493698.69107713131234 ], [ 638143.46875, 2493698.25 ] ] ] } },
{ "type": "Feature", "properties": { "xmin": 13.30035, "ymin": 598.88788, "xmax": 50.537361, "ymax": 636.55164, "score": 0.52500606, "label": "Tree", "tile_idx": 4, "geo_xmin": 637902.0, "geo_ymin": 2493732.2, "geo_xmax": 637912.06, "geo_ymax": 2493742.2, "center_x": 637907.0, "center_y": 2493737.2, "width_m": 10.0625, "height_m": 10.0, "crown_diameter_m": 10.031201, "lon": 88.34113341522054, "lat": 22.544688527939254, "crown_area_raw_m2": 79.030693, "crown_area_calibrated_m2": 94.836838, "agb_tree_kg": 183.99410032469171 }, "geometry": { "type": "Polygon", "coordinates": [ [ [ 637912.03125, 2493737.25 ], [ 637912.007023156038485, 2493736.759914298541844 ], [ 637911.934575941995718, 2493736.274548389948905 ], [ 637911.814606064115651, 2493735.798576613888144 ], [ 637911.648268897901289, 2493735.336582838091999 ], [ 637911.43716636125464, 2493734.893016315996647 ], [ 637911.183331486885436, 2493734.472148834727705 ], [ 637910.889208843465894, 2493734.078033579047769 ], [ 637910.557630992843769, 2493733.714466094039381 ], [ 637910.191791210905649, 2493733.384947733022273 ], [ 637909.795212734839879, 2493733.0926519385539 ], [ 637909.371714832144789, 2493732.840393678285182 ], [ 637908.925376019091345, 2493732.630602337419987 ], [ 637908.460494782426395, 2493732.465298321563751 ], [ 637907.981548182666302, 2493732.346073598135263 ], [ 637907.493148737237789, 2493732.27407636679709 ], [ 637907.0, 2493732.25 ], [ 637906.506851262762211, 2493732.27407636679709 ], [ 637906.018451817333698, 2493732.346073598135263 ], [ 637905.539505217573605, 2493732.465298321563751 ], [ 637905.074623980908655, 2493732.630602337419987 ], [ 637904.628285167855211, 2493732.840393678285182 ], [ 637904.204787265160121, 2493733.0926519385539 ], [ 637903.808208789094351, 2493733.384947733022273 ], [ 637903.442369007156231, 2493733.714466094039381 ], [ 637903.110791156534106, 2493734.078033579047769 ], [ 637902.816668513114564, 2493734.472148834727705 ], [ 637902.56283363874536, 2493734.893016315996647 ], [ 637902.351731102098711, 2493735.336582838091999 ], [ 637902.185393935884349, 2493735.798576613888144 ], [ 637902.065424058004282, 2493736.274548389948905 ], [ 637901.992976843961515, 2493736.759914298541844 ], [ 637901.96875, 2493737.25 ], [ 637901.992976843961515, 2493737.740085701458156 ], [ 637902.065424058004282, 2493738.225451610051095 ], [ 637902.185393935884349, 2493738.701423386111856 ], [ 637902.351731102098711, 2493739.163417161908001 ], [ 637902.56283363874536, 2493739.606983684003353 ], [ 637902.816668513114564, 2493740.027851165272295 ], [ 637903.110791156534106, 2493740.421966420952231 ], [ 637903.442369007156231, 2493740.785533905960619 ], [ 637903.808208789094351, 2493741.115052266977727 ], [ 637904.204787265160121, 2493741.4073480614461 ], [ 637904.628285167855211, 2493741.659606321714818 ], [ 637905.074623980908655, 2493741.869397662580013 ], [ 637905.539505217573605, 2493742.034701678436249 ], [ 637906.018451817333698, 2493742.153926401864737 ], [ 637906.506851262762211, 2493742.22592363320291 ], [ 637907.0, 2493742.25 ], [ 637907.493148737237789, 2493742.22592363320291 ], [ 637907.981548182666302, 2493742.153926401864737 ], [ 637908.460494782426395, 2493742.034701678436249 ], [ 637908.925376019091345, 2493741.869397662580013 ], [ 637909.371714832144789, 2493741.659606321714818 ], [ 637909.795212734839879, 2493741.4073480614461 ], [ 637910.191791210905649, 2493741.115052266977727 ], [ 637910.557630992843769, 2493740.785533905960619 ], [ 637910.889208843465894, 2493740.421966420952231 ], [ 637911.183331486885436, 2493740.027851165272295 ], [ 637911.43716636125464, 2493739.606983684003353 ], [ 637911.648268897901289, 2493739.163417161908001 ], [ 637911.814606064115651, 2493738.701423386111856 ], [ 637911.934575941995718, 2493738.225451610051095 ], [ 637912.007023156038485, 2493737.740085701458156 ], [ 637912.03125, 2493737.25 ] ] ] } },
{ "type": "Feature", "properties": { "xmin": 87.983757, "ymin": 606.3327, "xmax": 124.00253, "ymax": 641.50763, "score": 0.47339106, "label": "Tree", "tile_idx": 4, "geo_xmin": 637922.19, "geo_ymin": 2493730.8, "geo_xmax": 637931.94, "geo_ymax": 2493740.2, "center_x": 637927.06, "center_y": 2493735.5, "width_m": 9.75, "height_m": 9.5, "crown_diameter_m": 9.6241884, "lon": 88.341328327459266, "lat": 22.544671096329949, "crown_area_raw_m2": 72.747505, "crown_area_calibrated_m2": 87.297012, "agb_tree_kg": 166.55541134074693 }, "geometry": { "type": "Polygon", "coordinates": [ [ [ 637931.9375, 2493735.5 ], [ 637931.914025542559102, 2493735.034418583381921 ], [ 637931.843828241922893, 2493734.573320970404893 ], [ 637931.727584136649966, 2493734.121147783007473 ], [ 637931.566412720945664, 2493733.682253696490079 ], [ 637931.361866163671948, 2493733.260865500196815 ], [ 637931.115914359921589, 2493732.861041393131018 ], [ 637930.830925960093737, 2493732.486631900072098 ], [ 637930.509645558311604, 2493732.141242789570242 ], [ 637930.155167260323651, 2493731.828200346324593 ], [ 637929.770904885954224, 2493731.550519341602921 ], [ 637929.360559092019685, 2493731.310873994138092 ], [ 637928.928081732825376, 2493731.111572220455855 ], [ 637928.477637801668607, 2493730.954533405136317 ], [ 637928.013565319823101, 2493730.841269918251783 ], [ 637927.540333559154533, 2493730.772872548084706 ], [ 637927.0625, 2493730.75 ], [ 637926.584666440845467, 2493730.772872548084706 ], [ 637926.111434680176899, 2493730.841269918251783 ], [ 637925.647362198331393, 2493730.954533405136317 ], [ 637925.196918267174624, 2493731.111572220455855 ], [ 637924.764440907980315, 2493731.310873994138092 ], [ 637924.354095114045776, 2493731.550519341602921 ], [ 637923.969832739676349, 2493731.828200346324593 ], [ 637923.615354441688396, 2493732.141242789570242 ], [ 637923.294074039906263, 2493732.486631900072098 ], [ 637923.009085640078411, 2493732.861041393131018 ], [ 637922.763133836328052, 2493733.260865500196815 ], [ 637922.558587279054336, 2493733.682253696490079 ], [ 637922.397415863350034, 2493734.121147783007473 ], [ 637922.281171758077107, 2493734.573320970404893 ], [ 637922.210974457440898, 2493735.034418583381921 ], [ 637922.1875, 2493735.5 ], [ 637922.210974457440898, 2493735.965581416618079 ], [ 637922.281171758077107, 2493736.426679029595107 ], [ 637922.397415863350034, 2493736.878852216992527 ], [ 637922.558587279054336, 2493737.317746303509921 ], [ 637922.763133836328052, 2493737.739134499803185 ], [ 637923.009085640078411, 2493738.138958606868982 ], [ 637923.294074039906263, 2493738.513368099927902 ], [ 637923.615354441688396, 2493738.858757210429758 ], [ 637923.969832739676349, 2493739.171799653675407 ], [ 637924.354095114045776, 2493739.449480658397079 ], [ 637924.764440907980315, 2493739.689126005861908 ], [ 637925.196918267174624, 2493739.888427779544145 ], [ 637925.647362198331393, 2493740.045466594863683 ], [ 637926.111434680176899, 2493740.158730081748217 ], [ 637926.584666440845467, 2493740.227127451915294 ], [ 637927.0625, 2493740.25 ], [ 637927.540333559154533, 2493740.227127451915294 ], [ 637928.013565319823101, 2493740.158730081748217 ], [ 637928.477637801668607, 2493740.045466594863683 ], [ 637928.928081732825376, 2493739.888427779544145 ], [ 637929.360559092019685, 2493739.689126005861908 ], [ 637929.770904885954224, 2493739.449480658397079 ], [ 637930.155167260323651, 2493739.171799653675407 ], [ 637930.509645558311604, 2493738.858757210429758 ], [ 637930.830925960093737, 2493738.513368099927902 ], [ 637931.115914359921589, 2493738.138958606868982 ], [ 637931.361866163671948, 2493737.739134499803185 ], [ 637931.566412720945664, 2493737.317746303509921 ], [ 637931.727584136649966, 2493736.878852216992527 ], [ 637931.843828241922893, 2493736.426679029595107 ], [ 637931.914025542559102, 2493735.965581416618079 ], [ 637931.9375, 2493735.5 ] ] ] } },
{ "type": "Feature", "properties": { "xmin": 859.17511, "ymin": 961.2168, "xmax": 894.46606, "ymax": 994.56934, "score": 0.46844292, "label": "Tree", "tile_idx": 15, "geo_xmin": 638130.44, "geo_ymin": 2493635.5, "geo_xmax": 638139.94, "geo_ymax": 2493644.5, "center_x": 638135.19, "center_y": 2493640.0, "width_m": 9.5, "height_m": 9.0, "crown_diameter_m": 9.2466211, "lon": 88.343343549398114, "lat": 22.543791703895501, "crown_area_raw_m2": 67.151543, "crown_area_calibrated_m2": 80.581856, "agb_tree_kg": 151.2776238132617 }, "geometry": { "type": "Polygon", "coordinates": [ [ [ 638139.9375, 2493640.0 ], [ 638139.914627451682463, 2493639.55892286868766 ], [ 638139.846230081864633, 2493639.122093550860882 ], [ 638139.732966594747268, 2493638.693718952126801 ], [ 638139.57592777942773, 2493638.277924554422498 ], [ 638139.376626005629078, 2493637.878714684396982 ], [ 638139.136980658397079, 2493637.499933951534331 ], [ 638138.859299653442577, 2493637.145230221096426 ], [ 638138.546257210662588, 2493636.818019484635442 ], [ 638138.200868099811487, 2493636.521452960092574 ], [ 638137.826458606868982, 2493636.258386744651943 ], [ 638137.426634499919601, 2493636.031354310456663 ], [ 638137.005246303742751, 2493635.842542103491724 ], [ 638136.566352216992527, 2493635.693768489174545 ], [ 638136.114179029595107, 2493635.586466238368303 ], [ 638135.653081416618079, 2493635.521668729837984 ], [ 638135.1875, 2493635.5 ], [ 638134.721918583381921, 2493635.521668729837984 ], [ 638134.260820970404893, 2493635.586466238368303 ], [ 638133.808647783007473, 2493635.693768489174545 ], [ 638133.369753696257249, 2493635.842542103491724 ], [ 638132.948365500080399, 2493636.031354310456663 ], [ 638132.548541393131018, 2493636.258386744651943 ], [ 638132.174131900188513, 2493636.521452960092574 ], [ 638131.828742789337412, 2493636.818019484635442 ], [ 638131.515700346557423, 2493637.145230221096426 ], [ 638131.238019341602921, 2493637.499933951534331 ], [ 638130.998373994370922, 2493637.878714684396982 ], [ 638130.79907222057227, 2493638.277924554422498 ], [ 638130.642033405252732, 2493638.693718952126801 ], [ 638130.528769918135367, 2493639.122093550860882 ], [ 638130.460372548317537, 2493639.55892286868766 ], [ 638130.4375, 2493640.0 ], [ 638130.460372548317537, 2493640.44107713131234 ], [ 638130.528769918135367, 2493640.877906449139118 ], [ 638130.642033405252732, 2493641.306281047873199 ], [ 638130.79907222057227, 2493641.722075445577502 ], [ 638130.998373994370922, 2493642.121285315603018 ], [ 638131.238019341602921, 2493642.500066048465669 ], [ 638131.515700346557423, 2493642.854769778903574 ], [ 638131.828742789337412, 2493643.181980515364558 ], [ 638132.174131900188513, 2493643.478547039907426 ], [ 638132.548541393131018, 2493643.741613255348057 ], [ 638132.948365500080399, 2493643.968645689543337 ], [ 638133.369753696257249, 2493644.157457896508276 ], [ 638133.808647783007473, 2493644.306231510825455 ], [ 638134.260820970404893, 2493644.413533761631697 ], [ 638134.721918583381921, 2493644.478331270162016 ], [ 638135.1875, 2493644.5 ], [ 638135.653081416618079, 2493644.478331270162016 ], [ 638136.114179029595107, 2493644.413533761631697 ], [ 638136.566352216992527, 2493644.306231510825455 ], [ 638137.005246303742751, 2493644.157457896508276 ], [ 638137.426634499919601, 2493643.968645689543337 ], [ 638137.826458606868982, 2493643.741613255348057 ], [ 638138.200868099811487, 2493643.478547039907426 ], [ 638138.546257210662588, 2493643.181980515364558 ], [ 638138.859299653442577, 2493642.854769778903574 ], [ 638139.136980658397079, 2493642.500066048465669 ], [ 638139.376626005629078, 2493642.121285315603018 ], [ 638139.57592777942773, 2493641.722075445577502 ], [ 638139.732966594747268, 2493641.306281047873199 ], [ 638139.846230081864633, 2493640.877906449139118 ], [ 638139.914627451682463, 2493640.44107713131234 ], [ 638139.9375, 2493640.0 ] ] ] } },
{ "type": "Feature", "properties": { "xmin": 946.9137, "ymin": 1.2874155, "xmax": 974.15625, "ymax": 24.698948, "score": 0.46788943, "label": "Tree", "tile_idx": 2, "geo_xmin": 638154.12, "geo_ymin": 2493897.2, "geo_xmax": 638161.44, "geo_ymax": 2493903.8, "center_x": 638157.75, "center_y": 2493900.5, "width_m": 7.3125, "height_m": 6.5, "crown_diameter_m": 6.8942909, "lon": 88.343585696271617, "lat": 22.546142568626781, "crown_area_raw_m2": 37.330956, "crown_area_calibrated_m2": 44.79715, "agb_tree_kg": 74.693089290011301 }, "geometry": { "type": "Polygon", "coordinates": [ [ [ 638161.40625, 2493900.5 ], [ 638161.388644156861119, 2493900.181444293819368 ], [ 638161.335996181471273, 2493899.865956453606486 ], [ 638161.248813102487475, 2493899.556574799120426 ], [ 638161.127934540738352, 2493899.256278845015913 ], [ 638160.974524622783065, 2493898.96796060539782 ], [ 638160.7900607699994, 2493898.694396742619574 ], [ 638160.576319470070302, 2493898.43822182668373 ], [ 638160.335359168704599, 2493898.201902961358428 ], [ 638160.069500445271842, 2493897.987716026604176 ], [ 638159.781303664436564, 2493897.797723759897053 ], [ 638159.473544319043867, 2493897.633755890652537 ], [ 638159.149186299531721, 2493897.497391519136727 ], [ 638158.811353351222351, 2493897.389943908900023 ], [ 638158.463298989925534, 2493897.312447838485241 ], [ 638158.108375169336796, 2493897.265649638138711 ], [ 638157.75, 2493897.25 ], [ 638157.391624830663204, 2493897.265649638138711 ], [ 638157.036701010074466, 2493897.312447838485241 ], [ 638156.688646648777649, 2493897.389943908900023 ], [ 638156.350813700468279, 2493897.497391519136727 ], [ 638156.026455680956133, 2493897.633755890652537 ], [ 638155.718696335563436, 2493897.797723759897053 ], [ 638155.430499554728158, 2493897.987716026604176 ], [ 638155.164640831295401, 2493898.201902961358428 ], [ 638154.923680529929698, 2493898.43822182668373 ], [ 638154.7099392300006, 2493898.694396742619574 ], [ 638154.525475377216935, 2493898.96796060539782 ], [ 638154.372065459261648, 2493899.256278845015913 ], [ 638154.251186897512525, 2493899.556574799120426 ], [ 638154.164003818528727, 2493899.865956453606486 ], [ 638154.111355843138881, 2493900.181444293819368 ], [ 638154.09375, 2493900.5 ], [ 638154.111355843138881, 2493900.818555706180632 ], [ 638154.164003818528727, 2493901.134043546393514 ], [ 638154.251186897512525, 2493901.443425200879574 ], [ 638154.372065459261648, 2493901.743721154984087 ], [ 638154.525475377216935, 2493902.03203939460218 ], [ 638154.7099392300006, 2493902.305603257380426 ], [ 638154.923680529929698, 2493902.56177817331627 ], [ 638155.164640831295401, 2493902.798097038641572 ], [ 638155.430499554728158, 2493903.012283973395824 ], [ 638155.718696335563436, 2493903.202276240102947 ], [ 638156.026455680956133, 2493903.366244109347463 ], [ 638156.350813700468279, 2493903.502608480863273 ], [ 638156.688646648777649, 2493903.610056091099977 ], [ 638157.036701010074466, 2493903.687552161514759 ], [ 638157.391624830663204, 2493903.734350361861289 ], [ 638157.75, 2493903.75 ], [ 638158.108375169336796, 2493903.734350361861289 ], [ 638158.463298989925534, 2493903.687552161514759 ], [ 638158.811353351222351, 2493903.610056091099977 ], [ 638159.149186299531721, 2493903.502608480863273 ], [ 638159.473544319043867, 2493903.366244109347463 ], [ 638159.781303664436564, 2493903.202276240102947 ], [ 638160.069500445271842, 2493903.012283973395824 ], [ 638160.335359168704599, 2493902.798097038641572 ], [ 638160.576319470070302, 2493902.56177817331627 ], [ 638160.7900607699994, 2493902.305603257380426 ], [ 638160.974524622783065, 2493902.03203939460218 ], [ 638161.127934540738352, 2493901.743721154984087 ], [ 638161.248813102487475, 2493901.443425200879574 ], [ 638161.335996181471273, 2493901.134043546393514 ], [ 638161.388644156861119, 2493900.818555706180632 ], [ 638161.40625, 2493900.5 ] ] ] } },
{ "type": "Feature", "properties": { "xmin": 891.67035, "ymin": 879.90234, "xmax": 910.8606, "ymax": 898.27722, "score": 0.4630504, "label": "Tree", "tile_idx": 14, "geo_xmin": 638139.19, "geo_ymin": 2493661.5, "geo_xmax": 638144.38, "geo_ymax": 2493666.5, "center_x": 638141.75, "center_y": 2493664.0, "width_m": 5.1875, "height_m": 5.0, "crown_diameter_m": 5.0928874, "lon": 88.343409453261302, "lat": 22.544007926251446, "crown_area_raw_m2": 20.371265, "crown_area_calibrated_m2": 24.44552, "agb_tree_kg": 36.065590311746341 }, "geometry": { "type": "Polygon", "coordinates": [ [ [ 638144.34375, 2493664.0 ], [ 638144.331260384758934, 2493663.754957149270922 ], [ 638144.293911821092479, 2493663.512274194974452 ], [ 638144.232063995790668, 2493663.274288306944072 ], [ 638144.146312537486665, 2493663.04329141927883 ], [ 638144.037483279360458, 2493662.821508157998323 ], [ 638143.906624306924641, 2493662.611074417363852 ], [ 638143.754995863419026, 2493662.414016789756715 ], [ 638143.584058213746175, 2493662.23223304701969 ], [ 638143.395457580802031, 2493662.067473866511136 ], [ 638143.191010291920975, 2493661.921325969044119 ], [ 638142.972685286193155, 2493661.795196839142591 ], [ 638142.742585152736865, 2493661.690301168709993 ], [ 638142.502925881650299, 2493661.607649160549045 ], [ 638142.256015522754751, 2493661.548036798834801 ], [ 638142.00423195771873, 2493661.512038183398545 ], [ 638141.75, 2493661.5 ], [ 638141.49576804228127, 2493661.512038183398545 ], [ 638141.243984477245249, 2493661.548036798834801 ], [ 638140.997074118349701, 2493661.607649160549045 ], [ 638140.757414847263135, 2493661.690301168709993 ], [ 638140.527314713806845, 2493661.795196839142591 ], [ 638140.308989708079025, 2493661.921325969044119 ], [ 638140.104542419197969, 2493662.067473866511136 ], [ 638139.915941786253825, 2493662.23223304701969 ], [ 638139.745004136580974, 2493662.414016789756715 ], [ 638139.593375693075359, 2493662.611074417363852 ], [ 638139.462516720639542, 2493662.821508157998323 ], [ 638139.353687462513335, 2493663.04329141927883 ], [ 638139.267936004209332, 2493663.274288306944072 ], [ 638139.206088178907521, 2493663.512274194974452 ], [ 638139.168739615241066, 2493663.754957149270922 ], [ 638139.15625, 2493664.0 ], [ 638139.168739615241066, 2493664.245042850729078 ], [ 638139.206088178907521, 2493664.487725805025548 ], [ 638139.267936004209332, 2493664.725711693055928 ], [ 638139.353687462513335, 2493664.95670858072117 ], [ 638139.462516720639542, 2493665.178491842001677 ], [ 638139.593375693075359, 2493665.388925582636148 ], [ 638139.745004136580974, 2493665.585983210243285 ], [ 638139.915941786253825, 2493665.76776695298031 ], [ 638140.104542419197969, 2493665.932526133488864 ], [ 638140.308989708079025, 2493666.078674030955881 ], [ 638140.527314713806845, 2493666.204803160857409 ], [ 638140.757414847263135, 2493666.309698831290007 ], [ 638140.997074118349701, 2493666.392350839450955 ], [ 638141.243984477245249, 2493666.451963201165199 ], [ 638141.49576804228127, 2493666.487961816601455 ], [ 638141.75, 2493666.5 ], [ 638142.00423195771873, 2493666.487961816601455 ], [ 638142.256015522754751, 2493666.451963201165199 ], [ 638142.502925881650299, 2493666.392350839450955 ], [ 638142.742585152736865, 2493666.309698831290007 ], [ 638142.972685286193155, 2493666.204803160857409 ], [ 638143.191010291920975, 2493666.078674030955881 ], [ 638143.395457580802031, 2493665.932526133488864 ], [ 638143.584058213746175, 2493665.76776695298031 ], [ 638143.754995863419026, 2493665.585983210243285 ], [ 638143.906624306924641, 2493665.388925582636148 ], [ 638144.037483279360458, 2493665.178491842001677 ], [ 638144.146312537486665, 2493664.95670858072117 ], [ 638144.232063995790668, 2493664.725711693055928 ], [ 638144.293911821092479, 2493664.487725805025548 ], [ 638144.331260384758934, 2493664.245042850729078 ], [ 638144.34375, 2493664.0 ] ] ] } },
{ "type": "Feature", "properties": { "xmin": 1001.5023, "ymin": 980.30042, "xmax": 1017.388, "ymax": 995.54163, "score": 0.46094495, "label": "Tree", "tile_idx": 10, "geo_xmin": 638168.81, "geo_ymin": 2493635.2, "geo_xmax": 638173.12, "geo_ymax": 2493639.2, "center_x": 638171.0, "center_y": 2493637.2, "width_m": 4.3125, "height_m": 4.0, "crown_diameter_m": 4.1533117, "lon": 88.343691506491922, "lat": 22.543763959092065, "crown_area_raw_m2": 13.548119, "crown_area_calibrated_m2": 16.257744, "agb_tree_kg": 22.088786454924463 }, "geometry": { "type": "Polygon", "coordinates": [ [ [ 638173.15625, 2493637.25 ], [ 638173.145867066923529, 2493637.053965719416738 ], [ 638173.114818260888569, 2493636.85981935588643 ], [ 638173.0634025989566, 2493636.66943064564839 ], [ 638172.992115241941065, 2493636.484633135143667 ], [ 638172.901642726268619, 2493636.307206526398659 ], [ 638172.792856351472437, 2493636.138859534170479 ], [ 638172.66680379002355, 2493635.981213431805372 ], [ 638172.524698996916413, 2493635.835786437615752 ], [ 638172.367910519009456, 2493635.703979093115777 ], [ 638172.197948314948007, 2493635.587060775607824 ], [ 638172.016449213726446, 2493635.486157471314073 ], [ 638171.825161151005886, 2493635.40224093478173 ], [ 638171.625926335342228, 2493635.3361193286255 ], [ 638171.420663506840356, 2493635.288429439067841 ], [ 638171.211349458782934, 2493635.259630546439439 ], [ 638171.0, 2493635.25 ], [ 638170.788650541217066, 2493635.259630546439439 ], [ 638170.579336493159644, 2493635.288429439067841 ], [ 638170.374073664657772, 2493635.3361193286255 ], [ 638170.174838848994114, 2493635.40224093478173 ], [ 638169.983550786273554, 2493635.486157471314073 ], [ 638169.802051685051993, 2493635.587060775607824 ], [ 638169.632089480990544, 2493635.703979093115777 ], [ 638169.475301003083587, 2493635.835786437615752 ], [ 638169.33319620997645, 2493635.981213431805372 ], [ 638169.207143648527563, 2493636.138859534170479 ], [ 638169.098357273731381, 2493636.307206526398659 ], [ 638169.007884758058935, 2493636.484633135143667 ], [ 638168.9365974010434, 2493636.66943064564839 ], [ 638168.885181739111431, 2493636.85981935588643 ], [ 638168.854132933076471, 2493637.053965719416738 ], [ 638168.84375, 2493637.25 ], [ 638168.854132933076471, 2493637.446034280583262 ], [ 638168.885181739111431, 2493637.64018064411357 ], [ 638168.9365974010434, 2493637.83056935435161 ], [ 638169.007884758058935, 2493638.015366864856333 ], [ 638169.098357273731381, 2493638.192793473601341 ], [ 638169.207143648527563, 2493638.361140465829521 ], [ 638169.33319620997645, 2493638.518786568194628 ], [ 638169.475301003083587, 2493638.664213562384248 ], [ 638169.632089480990544, 2493638.796020906884223 ], [ 638169.802051685051993, 2493638.912939224392176 ], [ 638169.983550786273554, 2493639.013842528685927 ], [ 638170.174838848994114, 2493639.09775906521827 ], [ 638170.374073664657772, 2493639.1638806713745 ], [ 638170.579336493159644, 2493639.211570560932159 ], [ 638170.788650541217066, 2493639.240369453560561 ], [ 638171.0, 2493639.25 ], [ 638171.211349458782934, 2493639.240369453560561 ], [ 638171.420663506840356, 2493639.211570560932159 ], [ 638171.625926335342228, 2493639.1638806713745 ], [ 638171.825161151005886, 2493639.09775906521827 ], [ 638172.016449213726446, 2493639.013842528685927 ], [ 638172.197948314948007, 2493638.912939224392176 ], [ 638172.367910519009456, 2493638.796020906884223 ], [ 638172.524698996916413, 2493638.664213562384248 ], [ 638172.66680379002355, 2493638.518786568194628 ], [ 638172.792856351472437, 2493638.361140465829521 ], [ 638172.901642726268619, 2493638.192793473601341 ], [ 638172.992115241941065, 2493638.015366864856333 ], [ 638173.0634025989566, 2493637.83056935435161 ], [ 638173.114818260888569, 2493637.64018064411357 ], [ 638173.145867066923529, 2493637.446034280583262 ], [ 638173.15625, 2493637.25 ] ] ] } },
{ "type": "Feature", "properties": { "xmin": 273.6915, "ymin": 897.54456, "xmax": 305.51974, "ymax": 928.72833, "score": 0.45800635, "label": "Tree", "tile_idx": 8, "geo_xmin": 637972.31, "geo_ymin": 2493653.2, "geo_xmax": 637980.94, "geo_ymax": 2493661.8, "center_x": 637976.62, "center_y": 2493657.5, "width_m": 8.625, "height_m": 8.5, "crown_diameter_m": 8.5622721, "lon": 88.341803406250193, "lat": 22.543962622215254, "crown_area_raw_m2": 57.579506, "crown_area_calibrated_m2": 69.095413, "agb_tree_kg": 125.74636017916319 }, "geometry": { "type": "Polygon", "coordinates": [ [ [ 637980.9375, 2493657.5 ], [ 637980.916734133730642, 2493657.083427153527737 ], [ 637980.854636521777138, 2493656.67086613131687 ], [ 637980.751805197796784, 2493656.266290121711791 ], [ 637980.609230483998545, 2493655.873595412354916 ], [ 637980.428285452537239, 2493655.49656386859715 ], [ 637980.21071270306129, 2493655.138826509471983 ], [ 637979.958607580163516, 2493654.803828542120755 ], [ 637979.674397993832827, 2493654.494796180166304 ], [ 637979.360821037902497, 2493654.214705573394895 ], [ 637979.020896629896015, 2493653.966254147700965 ], [ 637978.657898427569307, 2493653.751834626309574 ], [ 637978.275322302128188, 2493653.573511986993253 ], [ 637977.876852670684457, 2493653.433003573212773 ], [ 637977.466327013680711, 2493653.331662558484823 ], [ 637977.047698917682283, 2493653.270464911591262 ], [ 637976.625, 2493653.25 ], [ 637976.202301082317717, 2493653.270464911591262 ], [ 637975.783672986319289, 2493653.331662558484823 ], [ 637975.373147329315543, 2493653.433003573212773 ], [ 637974.974677697871812, 2493653.573511986993253 ], [ 637974.592101572430693, 2493653.751834626309574 ], [ 637974.229103370103985, 2493653.966254147700965 ], [ 637973.889178962097503, 2493654.214705573394895 ], [ 637973.575602006167173, 2493654.494796180166304 ], [ 637973.291392419836484, 2493654.803828542120755 ], [ 637973.03928729693871, 2493655.138826509471983 ], [ 637972.821714547462761, 2493655.49656386859715 ], [ 637972.640769516001455, 2493655.873595412354916 ], [ 637972.498194802203216, 2493656.266290121711791 ], [ 637972.395363478222862, 2493656.67086613131687 ], [ 637972.333265866269358, 2493657.083427153527737 ], [ 637972.3125, 2493657.5 ], [ 637972.333265866269358, 2493657.916572846472263 ], [ 637972.395363478222862, 2493658.32913386868313 ], [ 637972.498194802203216, 2493658.733709878288209 ], [ 637972.640769516001455, 2493659.126404587645084 ], [ 637972.821714547462761, 2493659.50343613140285 ], [ 637973.03928729693871, 2493659.861173490528017 ], [ 637973.291392419836484, 2493660.196171457879245 ], [ 637973.575602006167173, 2493660.505203819833696 ], [ 637973.889178962097503, 2493660.785294426605105 ], [ 637974.229103370103985, 2493661.033745852299035 ], [ 637974.592101572430693, 2493661.248165373690426 ], [ 637974.974677697871812, 2493661.426488013006747 ], [ 637975.373147329315543, 2493661.566996426787227 ], [ 637975.783672986319289, 2493661.668337441515177 ], [ 637976.202301082317717, 2493661.729535088408738 ], [ 637976.625, 2493661.75 ], [ 637977.047698917682283, 2493661.729535088408738 ], [ 637977.466327013680711, 2493661.668337441515177 ], [ 637977.876852670684457, 2493661.566996426787227 ], [ 637978.275322302128188, 2493661.426488013006747 ], [ 637978.657898427569307, 2493661.248165373690426 ], [ 637979.020896629896015, 2493661.033745852299035 ], [ 637979.360821037902497, 2493660.785294426605105 ], [ 637979.674397993832827, 2493660.505203819833696 ], [ 637979.958607580163516, 2493660.196171457879245 ], [ 637980.21071270306129, 2493659.861173490528017 ], [ 637980.428285452537239, 2493659.50343613140285 ], [ 637980.609230483998545, 2493659.126404587645084 ], [ 637980.751805197796784, 2493658.733709878288209 ], [ 637980.854636521777138, 2493658.32913386868313 ], [ 637980.916734133730642, 2493657.916572846472263 ], [ 637980.9375, 2493657.5 ] ] ] } },
{ "type": "Feature", "properties": { "xmin": 183.29117, "ymin": 683.90149, "xmax": 225.52719, "ymax": 719.40149, "score": 0.4571425, "label": "Tree", "tile_idx": 4, "geo_xmin": 637947.94, "geo_ymin": 2493709.8, "geo_xmax": 637959.31, "geo_ymax": 2493719.2, "center_x": 637953.62, "center_y": 2493714.5, "width_m": 11.375, "height_m": 9.5, "crown_diameter_m": 10.395311, "lon": 88.34158475767299, "lat": 22.544479281513194, "crown_area_raw_m2": 84.872093, "crown_area_calibrated_m2": 101.84652, "agb_tree_kg": 200.46047906279864 }, "geometry": { "type": "Polygon", "coordinates": [ [ [ 637959.3125, 2493714.5 ], [ 637959.285113132908009, 2493714.034418583381921 ], [ 637959.203216282301582, 2493713.573320970404893 ], [ 637959.067598159424961, 2493713.121147783007473 ], [ 637958.879564841161482, 2493712.682253696490079 ], [ 637958.640927191008814, 2493712.260865500196815 ], [ 637958.353983419947326, 2493711.861041393131018 ], [ 637958.021496953442693, 2493711.486631900072098 ], [ 637957.646669817971997, 2493711.141242789570242 ], [ 637957.233111803652719, 2493710.828200346324593 ], [ 637956.78480570029933, 2493710.550519341602921 ], [ 637956.306068940670229, 2493710.310873994138092 ], [ 637955.801512021571398, 2493710.111572220455855 ], [ 637955.2759941018885, 2493709.954533405136317 ], [ 637954.73457620642148, 2493709.841269918251783 ], [ 637954.182472485583276, 2493709.772872548084706 ], [ 637953.625, 2493709.75 ], [ 637953.067527514416724, 2493709.772872548084706 ], [ 637952.51542379357852, 2493709.841269918251783 ], [ 637951.9740058981115, 2493709.954533405136317 ], [ 637951.448487978428602, 2493710.111572220455855 ], [ 637950.943931059329771, 2493710.310873994138092 ], [ 637950.46519429970067, 2493710.550519341602921 ], [ 637950.016888196347281, 2493710.828200346324593 ], [ 637949.603330182028003, 2493711.141242789570242 ], [ 637949.228503046557307, 2493711.486631900072098 ], [ 637948.896016580052674, 2493711.861041393131018 ], [ 637948.609072808991186, 2493712.260865500196815 ], [ 637948.370435158838518, 2493712.682253696490079 ], [ 637948.182401840575039, 2493713.121147783007473 ], [ 637948.046783717698418, 2493713.573320970404893 ], [ 637947.964886867091991, 2493714.034418583381921 ], [ 637947.9375, 2493714.5 ], [ 637947.964886867091991, 2493714.965581416618079 ], [ 637948.046783717698418, 2493715.426679029595107 ], [ 637948.182401840575039, 2493715.878852216992527 ], [ 637948.370435158838518, 2493716.317746303509921 ], [ 637948.609072808991186, 2493716.739134499803185 ], [ 637948.896016580052674, 2493717.138958606868982 ], [ 637949.228503046557307, 2493717.513368099927902 ], [ 637949.603330182028003, 2493717.858757210429758 ], [ 637950.016888196347281, 2493718.171799653675407 ], [ 637950.46519429970067, 2493718.449480658397079 ], [ 637950.943931059329771, 2493718.689126005861908 ], [ 637951.448487978428602, 2493718.888427779544145 ], [ 637951.9740058981115, 2493719.045466594863683 ], [ 637952.51542379357852, 2493719.158730081748217 ], [ 637953.067527514416724, 2493719.227127451915294 ], [ 637953.625, 2493719.25 ], [ 637954.182472485583276, 2493719.227127451915294 ], [ 637954.73457620642148, 2493719.158730081748217 ], [ 637955.2759941018885, 2493719.045466594863683 ], [ 637955.801512021571398, 2493718.888427779544145 ], [ 637956.306068940670229, 2493718.689126005861908 ], [ 637956.78480570029933, 2493718.449480658397079 ], [ 637957.233111803652719, 2493718.171799653675407 ], [ 637957.646669817971997, 2493717.858757210429758 ], [ 637958.021496953442693, 2493717.513368099927902 ], [ 637958.353983419947326, 2493717.138958606868982 ], [ 637958.640927191008814, 2493716.739134499803185 ], [ 637958.879564841161482, 2493716.317746303509921 ], [ 637959.067598159424961, 2493715.878852216992527 ], [ 637959.203216282301582, 2493715.426679029595107 ], [ 637959.285113132908009, 2493714.965581416618079 ], [ 637959.3125, 2493714.5 ] ] ] } },
{ "type": "Feature", "properties": { "xmin": 320.62738, "ymin": 905.29193, "xmax": 341.5553, "ymax": 925.79468, "score": 0.45628875, "label": "Tree", "tile_idx": 12, "geo_xmin": 637985.0, "geo_ymin": 2493654.0, "geo_xmax": 637990.69, "geo_ymax": 2493659.5, "center_x": 637987.88, "center_y": 2493656.8, "width_m": 5.6875, "height_m": 5.5, "crown_diameter_m": 5.5929642, "lon": 88.341912722396515, "lat": 22.5439549361395, "crown_area_raw_m2": 24.568237, "crown_area_calibrated_m2": 29.481886, "agb_tree_kg": 45.173409199798449 }, "geometry": { "type": "Polygon", "coordinates": [ [ [ 637990.71875, 2493656.75 ], [ 637990.705056566512212, 2493656.480452863965183 ], [ 637990.664108141092584, 2493656.213501614518464 ], [ 637990.59629907971248, 2493655.951717137359083 ], [ 637990.502282420522533, 2493655.69762056088075 ], [ 637990.382963595446199, 2493655.453658973798156 ], [ 637990.239491709973663, 2493655.2221818594262 ], [ 637990.073248476721346, 2493655.005418468732387 ], [ 637989.885834909044206, 2493654.80545635195449 ], [ 637989.679055901826359, 2493654.624221253208816 ], [ 637989.454902850091457, 2493654.463458565995097 ], [ 637989.215534470393322, 2493654.324716522824019 ], [ 637988.963256010785699, 2493654.209331285674125 ], [ 637988.700497050886042, 2493654.118414076510817 ], [ 637988.42978810321074, 2493654.052840478718281 ], [ 637988.153736242791638, 2493654.013242001645267 ], [ 637987.875, 2493654.0 ], [ 637987.596263757208362, 2493654.013242001645267 ], [ 637987.32021189678926, 2493654.052840478718281 ], [ 637987.049502949113958, 2493654.118414076510817 ], [ 637986.786743989214301, 2493654.209331285674125 ], [ 637986.534465529606678, 2493654.324716522824019 ], [ 637986.295097149908543, 2493654.463458565995097 ], [ 637986.070944098173641, 2493654.624221253208816 ], [ 637985.864165090955794, 2493654.80545635195449 ], [ 637985.676751523278654, 2493655.005418468732387 ], [ 637985.510508290026337, 2493655.2221818594262 ], [ 637985.367036404553801, 2493655.453658973798156 ], [ 637985.247717579477467, 2493655.69762056088075 ], [ 637985.15370092028752, 2493655.951717137359083 ], [ 637985.085891858907416, 2493656.213501614518464 ], [ 637985.044943433487788, 2493656.480452863965183 ], [ 637985.03125, 2493656.75 ], [ 637985.044943433487788, 2493657.019547136034817 ], [ 637985.085891858907416, 2493657.286498385481536 ], [ 637985.15370092028752, 2493657.548282862640917 ], [ 637985.247717579477467, 2493657.80237943911925 ], [ 637985.367036404553801, 2493658.046341026201844 ], [ 637985.510508290026337, 2493658.2778181405738 ], [ 637985.676751523278654, 2493658.494581531267613 ], [ 637985.864165090955794, 2493658.69454364804551 ], [ 637986.070944098173641, 2493658.875778746791184 ], [ 637986.295097149908543, 2493659.036541434004903 ], [ 637986.534465529606678, 2493659.175283477175981 ], [ 637986.786743989214301, 2493659.290668714325875 ], [ 637987.049502949113958, 2493659.381585923489183 ], [ 637987.32021189678926, 2493659.447159521281719 ], [ 637987.596263757208362, 2493659.486757998354733 ], [ 637987.875, 2493659.5 ], [ 637988.153736242791638, 2493659.486757998354733 ], [ 637988.42978810321074, 2493659.447159521281719 ], [ 637988.700497050886042, 2493659.381585923489183 ], [ 637988.963256010785699, 2493659.290668714325875 ], [ 637989.215534470393322, 2493659.175283477175981 ], [ 637989.454902850091457, 2493659.036541434004903 ], [ 637989.679055901826359, 2493658.875778746791184 ], [ 637989.885834909044206, 2493658.69454364804551 ], [ 637990.073248476721346, 2493658.494581531267613 ], [ 637990.239491709973663, 2493658.2778181405738 ], [ 637990.382963595446199, 2493658.046341026201844 ], [ 637990.502282420522533, 2493657.80237943911925 ], [ 637990.59629907971248, 2493657.548282862640917 ], [ 637990.664108141092584, 2493657.286498385481536 ], [ 637990.705056566512212, 2493657.019547136034817 ], [ 637990.71875, 2493656.75 ] ] ] } },
{ "type": "Feature", "properties": { "xmin": 255.02063, "ymin": 320.0, "xmax": 287.57971, "ymax": 335.23895, "score": 0.45043018, "label": "Tree", "tile_idx": 4, "geo_xmin": 637967.31, "geo_ymin": 2493813.5, "geo_xmax": 637976.06, "geo_ymax": 2493817.5, "center_x": 637971.69, "center_y": 2493815.5, "width_m": 8.75, "height_m": 4.0, "crown_diameter_m": 5.91608, "lon": 88.341769195478633, "lat": 22.545389995413963, "crown_area_raw_m2": 27.488937, "crown_area_calibrated_m2": 32.986725, "agb_tree_kg": 51.703654064228971 }, "geometry": { "type": "Polygon", "coordinates": [ [ [ 637976.0625, 2493815.5 ], [ 637976.041433179168962, 2493815.303965719416738 ], [ 637975.978435601806268, 2493815.10981935588643 ], [ 637975.874113968806341, 2493814.91943064564839 ], [ 637975.729472954757512, 2493814.734633135143667 ], [ 637975.545905531500466, 2493814.557206526398659 ], [ 637975.325179553823546, 2493814.388859534170479 ], [ 637975.069420733489096, 2493814.231213431805372 ], [ 637974.781092167715542, 2493814.085786437615752 ], [ 637974.462970618158579, 2493813.953979093115777 ], [ 637974.118119769496843, 2493813.837060775607824 ], [ 637973.749860723619349, 2493813.736157471314073 ], [ 637973.361740016611293, 2493813.65224093478173 ], [ 637972.957495462964289, 2493813.5861193286255 ], [ 637972.541020158794709, 2493813.538429439067841 ], [ 637972.116324988892302, 2493813.509630546439439 ], [ 637971.6875, 2493813.5 ], [ 637971.258675011107698, 2493813.509630546439439 ], [ 637970.833979841205291, 2493813.538429439067841 ], [ 637970.417504537035711, 2493813.5861193286255 ], [ 637970.013259983388707, 2493813.65224093478173 ], [ 637969.625139276380651, 2493813.736157471314073 ], [ 637969.256880230503157, 2493813.837060775607824 ], [ 637968.912029381841421, 2493813.953979093115777 ], [ 637968.593907832284458, 2493814.085786437615752 ], [ 637968.305579266510904, 2493814.231213431805372 ], [ 637968.049820446176454, 2493814.388859534170479 ], [ 637967.829094468499534, 2493814.557206526398659 ], [ 637967.645527045242488, 2493814.734633135143667 ], [ 637967.500886031193659, 2493814.91943064564839 ], [ 637967.396564398193732, 2493815.10981935588643 ], [ 637967.333566820831038, 2493815.303965719416738 ], [ 637967.3125, 2493815.5 ], [ 637967.333566820831038, 2493815.696034280583262 ], [ 637967.396564398193732, 2493815.89018064411357 ], [ 637967.500886031193659, 2493816.08056935435161 ], [ 637967.645527045242488, 2493816.265366864856333 ], [ 637967.829094468499534, 2493816.442793473601341 ], [ 637968.049820446176454, 2493816.611140465829521 ], [ 637968.305579266510904, 2493816.768786568194628 ], [ 637968.593907832284458, 2493816.914213562384248 ], [ 637968.912029381841421, 2493817.046020906884223 ], [ 637969.256880230503157, 2493817.162939224392176 ], [ 637969.625139276380651, 2493817.263842528685927 ], [ 637970.013259983388707, 2493817.34775906521827 ], [ 637970.417504537035711, 2493817.4138806713745 ], [ 637970.833979841205291, 2493817.461570560932159 ], [ 637971.258675011107698, 2493817.490369453560561 ], [ 637971.6875, 2493817.5 ], [ 637972.116324988892302, 2493817.490369453560561 ], [ 637972.541020158794709, 2493817.461570560932159 ], [ 637972.957495462964289, 2493817.4138806713745 ], [ 637973.361740016611293, 2493817.34775906521827 ], [ 637973.749860723619349, 2493817.263842528685927 ], [ 637974.118119769496843, 2493817.162939224392176 ], [ 637974.462970618158579, 2493817.046020906884223 ], [ 637974.781092167715542, 2493816.914213562384248 ], [ 637975.069420733489096, 2493816.768786568194628 ], [ 637975.325179553823546, 2493816.611140465829521 ], [ 637975.545905531500466, 2493816.442793473601341 ], [ 637975.729472954757512, 2493816.265366864856333 ], [ 637975.874113968806341, 2493816.08056935435161 ], [ 637975.978435601806268, 2493815.89018064411357 ], [ 637976.041433179168962, 2493815.696034280583262 ], [ 637976.0625, 2493815.5 ] ] ] } },
{ "type": "Feature", "properties": { "xmin": 253.8856, "ymin": 291.2175, "xmax": 293.4256, "ymax": 331.08163, "score": 0.43159992, "label": "Tree", "tile_idx": 0, "geo_xmin": 637967.0, "geo_ymin": 2493814.5, "geo_xmax": 637977.69, "geo_ymax": 2493825.2, "center_x": 637972.38, "center_y": 2493820.0, "width_m": 10.6875, "height_m": 10.75, "crown_diameter_m": 10.718704, "lon": 88.341776272912298, "lat": 22.545430581277074, "crown_area_raw_m2": 90.234886, "crown_area_calibrated_m2": 108.28187, "agb_tree_kg": 215.78113237173707 }, "geometry": { "type": "Polygon", "coordinates": [ [ [ 637977.71875, 2493820.0 ], [ 637977.693018383113667, 2493819.473157870583236 ], [ 637977.616071342141367, 2493818.951389519032091 ], [ 637977.48864991904702, 2493818.439719859976321 ], [ 637977.31198125181254, 2493817.943076550960541 ], [ 637977.087766756303608, 2493817.466242539696395 ], [ 637976.818165740696713, 2493817.013809997588396 ], [ 637976.50577461021021, 2493816.590136097744107 ], [ 637976.153601861908101, 2493816.199301050975919 ], [ 637975.765039112302475, 2493815.845068813301623 ], [ 637975.343828432727605, 2493815.530850833747536 ], [ 637974.894026312394999, 2493815.259673204272985 ], [ 637974.419964591739699, 2493815.034147512633353 ], [ 637973.926208744058385, 2493814.856445695273578 ], [ 637973.417513908236288, 2493814.728279117960483 ], [ 637972.898779093637131, 2493814.650882094167173 ], [ 637972.375, 2493814.625 ], [ 637971.851220906362869, 2493814.650882094167173 ], [ 637971.332486091763712, 2493814.728279117960483 ], [ 637970.823791255941615, 2493814.856445695273578 ], [ 637970.330035408260301, 2493815.034147512633353 ], [ 637969.855973687605001, 2493815.259673204272985 ], [ 637969.406171567272395, 2493815.530850833747536 ], [ 637968.984960887697525, 2493815.845068813301623 ], [ 637968.596398138091899, 2493816.199301050975919 ], [ 637968.24422538978979, 2493816.590136097744107 ], [ 637967.931834259303287, 2493817.013809997588396 ], [ 637967.662233243696392, 2493817.466242539696395 ], [ 637967.43801874818746, 2493817.943076550960541 ], [ 637967.26135008095298, 2493818.439719859976321 ], [ 637967.133928657858633, 2493818.951389519032091 ], [ 637967.056981616886333, 2493819.473157870583236 ], [ 637967.03125, 2493820.0 ], [ 637967.056981616886333, 2493820.526842129416764 ], [ 637967.133928657858633, 2493821.048610480967909 ], [ 637967.26135008095298, 2493821.560280140023679 ], [ 637967.43801874818746, 2493822.056923449039459 ], [ 637967.662233243696392, 2493822.533757460303605 ], [ 637967.931834259303287, 2493822.986190002411604 ], [ 637968.24422538978979, 2493823.409863902255893 ], [ 637968.596398138091899, 2493823.800698949024081 ], [ 637968.984960887697525, 2493824.154931186698377 ], [ 637969.406171567272395, 2493824.469149166252464 ], [ 637969.855973687605001, 2493824.740326795727015 ], [ 637970.330035408260301, 2493824.965852487366647 ], [ 637970.823791255941615, 2493825.143554304726422 ], [ 637971.332486091763712, 2493825.271720882039517 ], [ 637971.851220906362869, 2493825.349117905832827 ], [ 637972.375, 2493825.375 ], [ 637972.898779093637131, 2493825.349117905832827 ], [ 637973.417513908236288, 2493825.271720882039517 ], [ 637973.926208744058385, 2493825.143554304726422 ], [ 637974.419964591739699, 2493824.965852487366647 ], [ 637974.894026312394999, 2493824.740326795727015 ], [ 637975.343828432727605, 2493824.469149166252464 ], [ 637975.765039112302475, 2493824.154931186698377 ], [ 637976.153601861908101, 2493823.800698949024081 ], [ 637976.50577461021021, 2493823.409863902255893 ], [ 637976.818165740696713, 2493822.986190002411604 ], [ 637977.087766756303608, 2493822.533757460303605 ], [ 637977.31198125181254, 2493822.056923449039459 ], [ 637977.48864991904702, 2493821.560280140023679 ], [ 637977.616071342141367, 2493821.048610480967909 ], [ 637977.693018383113667, 2493820.526842129416764 ], [ 637977.71875, 2493820.0 ] ] ] } },
{ "type": "Feature", "properties": { "xmin": 542.34229, "ymin": 64.947189, "xmax": 593.45026, "ymax": 116.0408, "score": 0.42145362, "label": "Tree", "tile_idx": 1, "geo_xmin": 638044.88, "geo_ymin": 2493872.8, "geo_xmax": 638058.69, "geo_ymax": 2493886.5, "center_x": 638051.75, "center_y": 2493879.5, "width_m": 13.8125, "height_m": 13.75, "crown_diameter_m": 13.781215, "lon": 88.342553227673747, "lat": 22.545961513842165, "crown_area_raw_m2": 149.16429, "crown_area_calibrated_m2": 178.99716, "agb_tree_kg": 394.81946704089859 }, "geometry": { "type": "Polygon", "coordinates": [ [ [ 638058.65625, 2493879.5 ], [ 638058.622994518605992, 2493878.826132160145789 ], [ 638058.523548342753202, 2493878.158754036296159 ], [ 638058.358869193703867, 2493877.504292843863368 ], [ 638058.130543021368794, 2493876.869051402434707 ], [ 638057.840768731897697, 2493876.259147434495389 ], [ 638057.492337009985931, 2493875.68045464809984 ], [ 638057.088603443582542, 2493875.138546171598136 ], [ 638056.633456207579002, 2493874.638640879187733 ], [ 638056.131278618704528, 2493874.18555313302204 ], [ 638055.58690692181699, 2493873.783646415453404 ], [ 638055.005583713762462, 2493873.43679130775854 ], [ 638054.392907454748638, 2493873.148328213952482 ], [ 638053.754778552334756, 2493872.921035191975534 ], [ 638053.097342536435463, 2493872.757101197261363 ], [ 638052.426930875401013, 2493872.658105004113168 ], [ 638051.75, 2493872.625 ], [ 638051.073069124598987, 2493872.658105004113168 ], [ 638050.402657463564537, 2493872.757101197261363 ], [ 638049.745221447665244, 2493872.921035191975534 ], [ 638049.107092545251362, 2493873.148328213952482 ], [ 638048.494416286237538, 2493873.43679130775854 ], [ 638047.91309307818301, 2493873.783646415453404 ], [ 638047.368721381295472, 2493874.18555313302204 ], [ 638046.866543792420998, 2493874.638640879187733 ], [ 638046.411396556417458, 2493875.138546171598136 ], [ 638046.007662990014069, 2493875.68045464809984 ], [ 638045.659231268102303, 2493876.259147434495389 ], [ 638045.369456978631206, 2493876.869051402434707 ], [ 638045.141130806296133, 2493877.504292843863368 ], [ 638044.976451657246798, 2493878.158754036296159 ], [ 638044.877005481394008, 2493878.826132160145789 ], [ 638044.84375, 2493879.5 ], [ 638044.877005481394008, 2493880.173867839854211 ], [ 638044.976451657246798, 2493880.841245963703841 ], [ 638045.141130806296133, 2493881.495707156136632 ], [ 638045.369456978631206, 2493882.130948597565293 ], [ 638045.659231268102303, 2493882.740852565504611 ], [ 638046.007662990014069, 2493883.31954535190016 ], [ 638046.411396556417458, 2493883.861453828401864 ], [ 638046.866543792420998, 2493884.361359120812267 ], [ 638047.368721381295472, 2493884.81444686697796 ], [ 638047.91309307818301, 2493885.216353584546596 ], [ 638048.494416286237538, 2493885.56320869224146 ], [ 638049.107092545251362, 2493885.851671786047518 ], [ 638049.745221447665244, 2493886.078964808024466 ], [ 638050.402657463564537, 2493886.242898802738637 ], [ 638051.073069124598987, 2493886.341894995886832 ], [ 638051.75, 2493886.375 ], [ 638052.426930875401013, 2493886.341894995886832 ], [ 638053.097342536435463, 2493886.242898802738637 ], [ 638053.754778552334756, 2493886.078964808024466 ], [ 638054.392907454748638, 2493885.851671786047518 ], [ 638055.005583713762462, 2493885.56320869224146 ], [ 638055.58690692181699, 2493885.216353584546596 ], [ 638056.131278618704528, 2493884.81444686697796 ], [ 638056.633456207579002, 2493884.361359120812267 ], [ 638057.088603443582542, 2493883.861453828401864 ], [ 638057.492337009985931, 2493883.31954535190016 ], [ 638057.840768731897697, 2493882.740852565504611 ], [ 638058.130543021368794, 2493882.130948597565293 ], [ 638058.358869193703867, 2493881.495707156136632 ], [ 638058.523548342753202, 2493880.841245963703841 ], [ 638058.622994518605992, 2493880.173867839854211 ], [ 638058.65625, 2493879.5 ] ] ] } },
{ "type": "Feature", "properties": { "xmin": 66.943123, "ymin": 321.78638, "xmax": 95.858208, "ymax": 347.41034, "score": 0.40938652, "label": "Tree", "tile_idx": 4, "geo_xmin": 637916.5, "geo_ymin": 2493810.2, "geo_xmax": 637924.31, "geo_ymax": 2493817.0, "center_x": 637920.38, "center_y": 2493813.5, "width_m": 7.8125, "height_m": 6.75, "crown_diameter_m": 7.2618437, "lon": 88.34127011390072, "lat": 22.545376093546352, "crown_area_raw_m2": 41.417484, "crown_area_calibrated_m2": 49.700985, "agb_tree_kg": 84.626844593060042 }, "geometry": { "type": "Polygon", "coordinates": [ [ [ 637924.28125, 2493813.5 ], [ 637924.262440338614397, 2493813.169192151166499 ], [ 637924.206192501587793, 2493812.841570163145661 ], [ 637924.113048186409287, 2493812.520289214327931 ], [ 637923.983904423890635, 2493812.208443415816873 ], [ 637923.820004938868806, 2493811.909036013297737 ], [ 637923.622928173048422, 2493811.624950463417917 ], [ 637923.394572083489038, 2493811.358922665938735 ], [ 637923.13713586400263, 2493811.113514613360167 ], [ 637922.853098766296171, 2493810.891089719720185 ], [ 637922.545196222723462, 2493810.693790058605373 ], [ 637922.216393503244035, 2493810.523515732958913 ], [ 637921.86985715769697, 2493810.381906577851623 ], [ 637921.50892452057451, 2493810.270326367113739 ], [ 637921.137071570381522, 2493810.189849678426981 ], [ 637920.757879454409704, 2493810.141251547262073 ], [ 637920.375, 2493810.125 ], [ 637919.992120545590296, 2493810.141251547262073 ], [ 637919.612928429618478, 2493810.189849678426981 ], [ 637919.24107547942549, 2493810.270326367113739 ], [ 637918.88014284230303, 2493810.381906577851623 ], [ 637918.533606496755965, 2493810.523515732958913 ], [ 637918.204803777276538, 2493810.693790058605373 ], [ 637917.896901233703829, 2493810.891089719720185 ], [ 637917.61286413599737, 2493811.113514613360167 ], [ 637917.355427916510962, 2493811.358922665938735 ], [ 637917.127071826951578, 2493811.624950463417917 ], [ 637916.929995061131194, 2493811.909036013297737 ], [ 637916.766095576109365, 2493812.208443415816873 ], [ 637916.636951813590713, 2493812.520289214327931 ], [ 637916.543807498412207, 2493812.841570163145661 ], [ 637916.487559661385603, 2493813.169192151166499 ], [ 637916.46875, 2493813.5 ], [ 637916.487559661385603, 2493813.830807848833501 ], [ 637916.543807498412207, 2493814.158429836854339 ], [ 637916.636951813590713, 2493814.479710785672069 ], [ 637916.766095576109365, 2493814.791556584183127 ], [ 637916.929995061131194, 2493815.090963986702263 ], [ 637917.127071826951578, 2493815.375049536582083 ], [ 637917.355427916510962, 2493815.641077334061265 ], [ 637917.61286413599737, 2493815.886485386639833 ], [ 637917.896901233703829, 2493816.108910280279815 ], [ 637918.204803777276538, 2493816.306209941394627 ], [ 637918.533606496755965, 2493816.476484267041087 ], [ 637918.88014284230303, 2493816.618093422148377 ], [ 637919.24107547942549, 2493816.729673632886261 ], [ 637919.612928429618478, 2493816.810150321573019 ], [ 637919.992120545590296, 2493816.858748452737927 ], [ 637920.375, 2493816.875 ], [ 637920.757879454409704, 2493816.858748452737927 ], [ 637921.137071570381522, 2493816.810150321573019 ], [ 637921.50892452057451, 2493816.729673632886261 ], [ 637921.86985715769697, 2493816.618093422148377 ], [ 637922.216393503244035, 2493816.476484267041087 ], [ 637922.545196222723462, 2493816.306209941394627 ], [ 637922.853098766296171, 2493816.108910280279815 ], [ 637923.13713586400263, 2493815.886485386639833 ], [ 637923.394572083489038, 2493815.641077334061265 ], [ 637923.622928173048422, 2493815.375049536582083 ], [ 637923.820004938868806, 2493815.090963986702263 ], [ 637923.983904423890635, 2493814.791556584183127 ], [ 637924.113048186409287, 2493814.479710785672069 ], [ 637924.206192501587793, 2493814.158429836854339 ], [ 637924.262440338614397, 2493813.830807848833501 ], [ 637924.28125, 2493813.5 ] ] ] } },
{ "type": "Feature", "properties": { "xmin": 258.72495, "ymin": 347.11542, "xmax": 298.76999, "ymax": 386.08447, "score": 0.40880498, "label": "Tree", "tile_idx": 4, "geo_xmin": 637968.31, "geo_ymin": 2493799.8, "geo_xmax": 637979.12, "geo_ymax": 2493810.2, "center_x": 637973.75, "center_y": 2493805.0, "width_m": 10.8125, "height_m": 10.5, "crown_diameter_m": 10.655105, "lon": 88.34178833214024, "lat": 22.545294997668869, "crown_area_raw_m2": 89.167236, "crown_area_calibrated_m2": 107.00069, "agb_tree_kg": 212.71600425216531 }, "geometry": { "type": "Polygon", "coordinates": [ [ [ 637979.15625, 2493805.0 ], [ 637979.130217428551987, 2493804.485410013236105 ], [ 637979.052370422170497, 2493803.975775809492916 ], [ 637978.923458690056577, 2493803.476005444303155 ], [ 637978.744723722687922, 2493802.990911980159581 ], [ 637978.517886835383251, 2493802.525167131796479 ], [ 637978.245132591458969, 2493802.083256276790053 ], [ 637977.92908776353579, 2493801.669435258023441 ], [ 637977.572796035790816, 2493801.28768939897418 ], [ 637977.179688692558557, 2493800.941695119719952 ], [ 637976.753551572212018, 2493800.634784535504878 ], [ 637976.298488608445041, 2493800.36991336196661 ], [ 637975.818882306222804, 2493800.149632454384118 ], [ 637975.319351536454633, 2493799.976063237525523 ], [ 637974.804707053350285, 2493799.850877278018743 ], [ 637974.279905164963566, 2493799.775280185043812 ], [ 637973.75, 2493799.75 ], [ 637973.220094835036434, 2493799.775280185043812 ], [ 637972.695292946649715, 2493799.850877278018743 ], [ 637972.180648463545367, 2493799.976063237525523 ], [ 637971.681117693777196, 2493800.149632454384118 ], [ 637971.201511391554959, 2493800.36991336196661 ], [ 637970.746448427787982, 2493800.634784535504878 ], [ 637970.320311307441443, 2493800.941695119719952 ], [ 637969.927203964209184, 2493801.28768939897418 ], [ 637969.57091223646421, 2493801.669435258023441 ], [ 637969.254867408541031, 2493802.083256276790053 ], [ 637968.982113164616749, 2493802.525167131796479 ], [ 637968.755276277312078, 2493802.990911980159581 ], [ 637968.576541309943423, 2493803.476005444303155 ], [ 637968.447629577829503, 2493803.975775809492916 ], [ 637968.369782571448013, 2493804.485410013236105 ], [ 637968.34375, 2493805.0 ], [ 637968.369782571448013, 2493805.514589986763895 ], [ 637968.447629577829503, 2493806.024224190507084 ], [ 637968.576541309943423, 2493806.523994555696845 ], [ 637968.755276277312078, 2493807.009088019840419 ], [ 637968.982113164616749, 2493807.474832868203521 ], [ 637969.254867408541031, 2493807.916743723209947 ], [ 637969.57091223646421, 2493808.330564741976559 ], [ 637969.927203964209184, 2493808.71231060102582 ], [ 637970.320311307441443, 2493809.058304880280048 ], [ 637970.746448427787982, 2493809.365215464495122 ], [ 637971.201511391554959, 2493809.63008663803339 ], [ 637971.681117693777196, 2493809.850367545615882 ], [ 637972.180648463545367, 2493810.023936762474477 ], [ 637972.695292946649715, 2493810.149122721981257 ], [ 637973.220094835036434, 2493810.224719814956188 ], [ 637973.75, 2493810.25 ], [ 637974.279905164963566, 2493810.224719814956188 ], [ 637974.804707053350285, 2493810.149122721981257 ], [ 637975.319351536454633, 2493810.023936762474477 ], [ 637975.818882306222804, 2493809.850367545615882 ], [ 637976.298488608445041, 2493809.63008663803339 ], [ 637976.753551572212018, 2493809.365215464495122 ], [ 637977.179688692558557, 2493809.058304880280048 ], [ 637977.572796035790816, 2493808.71231060102582 ], [ 637977.92908776353579, 2493808.330564741976559 ], [ 637978.245132591458969, 2493807.916743723209947 ], [ 637978.517886835383251, 2493807.474832868203521 ], [ 637978.744723722687922, 2493807.009088019840419 ], [ 637978.923458690056577, 2493806.523994555696845 ], [ 637979.052370422170497, 2493806.024224190507084 ], [ 637979.130217428551987, 2493805.514589986763895 ], [ 637979.15625, 2493805.0 ] ] ] } },
{ "type": "Feature", "properties": { "xmin": 165.26591, "ymin": 930.16254, "xmax": 183.71153, "ymax": 949.08759, "score": 0.39040235, "label": "Tree", "tile_idx": 8, "geo_xmin": 637943.06, "geo_ymin": 2493647.8, "geo_xmax": 637948.06, "geo_ymax": 2493652.8, "center_x": 637945.56, "center_y": 2493650.2, "width_m": 5.0, "height_m": 5.0, "crown_diameter_m": 5.0, "lon": 88.341500758487825, "lat": 22.543899663069404, "crown_area_raw_m2": 19.634954, "crown_area_calibrated_m2": 23.561947, "agb_tree_kg": 34.504465191102682 }, "geometry": { "type": "Polygon", "coordinates": [ [ [ 637948.0625, 2493650.25 ], [ 637948.050461816717871, 2493650.004957149270922 ], [ 637948.014463201048784, 2493649.762274194974452 ], [ 637947.95485083933454, 2493649.524288306944072 ], [ 637947.872198831290007, 2493649.29329141927883 ], [ 637947.767303160857409, 2493649.071508157998323 ], [ 637947.64117403072305, 2493648.861074417363852 ], [ 637947.495026133372448, 2493648.664016789756715 ], [ 637947.33026695298031, 2493648.48223304701969 ], [ 637947.1484832103597, 2493648.317473866511136 ], [ 637946.951425582519732, 2493648.171325969044119 ], [ 637946.740991842118092, 2493648.045196839142591 ], [ 637946.519208580954, 2493647.940301168709993 ], [ 637946.288211693172343, 2493647.857649160549045 ], [ 637946.050225805025548, 2493647.798036798834801 ], [ 637945.807542850845493, 2493647.762038183398545 ], [ 637945.5625, 2493647.75 ], [ 637945.317457149154507, 2493647.762038183398545 ], [ 637945.074774194974452, 2493647.798036798834801 ], [ 637944.836788306827657, 2493647.857649160549045 ], [ 637944.605791419046, 2493647.940301168709993 ], [ 637944.384008157881908, 2493648.045196839142591 ], [ 637944.173574417480268, 2493648.171325969044119 ], [ 637943.9765167896403, 2493648.317473866511136 ], [ 637943.79473304701969, 2493648.48223304701969 ], [ 637943.629973866627552, 2493648.664016789756715 ], [ 637943.48382596927695, 2493648.861074417363852 ], [ 637943.357696839142591, 2493649.071508157998323 ], [ 637943.252801168709993, 2493649.29329141927883 ], [ 637943.17014916066546, 2493649.524288306944072 ], [ 637943.110536798951216, 2493649.762274194974452 ], [ 637943.074538183282129, 2493650.004957149270922 ], [ 637943.0625, 2493650.25 ], [ 637943.074538183282129, 2493650.495042850729078 ], [ 637943.110536798951216, 2493650.737725805025548 ], [ 637943.17014916066546, 2493650.975711693055928 ], [ 637943.252801168709993, 2493651.20670858072117 ], [ 637943.357696839142591, 2493651.428491842001677 ], [ 637943.48382596927695, 2493651.638925582636148 ], [ 637943.629973866627552, 2493651.835983210243285 ], [ 637943.79473304701969, 2493652.01776695298031 ], [ 637943.9765167896403, 2493652.182526133488864 ], [ 637944.173574417480268, 2493652.328674030955881 ], [ 637944.384008157881908, 2493652.454803160857409 ], [ 637944.605791419046, 2493652.559698831290007 ], [ 637944.836788306827657, 2493652.642350839450955 ], [ 637945.074774194974452, 2493652.701963201165199 ], [ 637945.317457149154507, 2493652.737961816601455 ], [ 637945.5625, 2493652.75 ], [ 637945.807542850845493, 2493652.737961816601455 ], [ 637946.050225805025548, 2493652.701963201165199 ], [ 637946.288211693172343, 2493652.642350839450955 ], [ 637946.519208580954, 2493652.559698831290007 ], [ 637946.740991842118092, 2493652.454803160857409 ], [ 637946.951425582519732, 2493652.328674030955881 ], [ 637947.1484832103597, 2493652.182526133488864 ], [ 637947.33026695298031, 2493652.01776695298031 ], [ 637947.495026133372448, 2493651.835983210243285 ], [ 637947.64117403072305, 2493651.638925582636148 ], [ 637947.767303160857409, 2493651.428491842001677 ], [ 637947.872198831290007, 2493651.20670858072117 ], [ 637947.95485083933454, 2493650.975711693055928 ], [ 637948.014463201048784, 2493650.737725805025548 ], [ 637948.050461816717871, 2493650.495042850729078 ], [ 637948.0625, 2493650.25 ] ] ] } },
{ "type": "Feature", "properties": { "xmin": 640.19183, "ymin": 142.1525, "xmax": 648.49152, "ymax": 162.42953, "score": 0.38626948, "label": "Tree", "tile_idx": 2, "geo_xmin": 638071.31, "geo_ymin": 2493860.2, "geo_xmax": 638073.5, "geo_ymax": 2493865.5, "center_x": 638072.38, "center_y": 2493863.0, "width_m": 2.1875, "height_m": 5.25, "crown_diameter_m": 3.3888605, "lon": 88.342752321665515, "lat": 22.54581082062446, "crown_area_raw_m2": 9.0198078, "crown_area_calibrated_m2": 10.82377, "agb_tree_kg": 13.54566946425772 }, "geometry": { "type": "Polygon", "coordinates": [ [ [ 638073.46875, 2493863.0 ], [ 638073.463483294821344, 2493862.742705006618053 ], [ 638073.447733900393359, 2493862.487887904513627 ], [ 638073.421653492259793, 2493862.238002722151577 ], [ 638073.385493238689378, 2493861.99545599007979 ], [ 638073.339601382846013, 2493861.76258356589824 ], [ 638073.284419888514094, 2493861.541628138162196 ], [ 638073.220480183372274, 2493861.33471762901172 ], [ 638073.148398041957989, 2493861.14384469948709 ], [ 638073.068867654539645, 2493860.970847560092807 ], [ 638072.982654942316003, 2493860.817392267752439 ], [ 638072.890590180875733, 2493860.684956680983305 ], [ 638072.793560004094616, 2493860.574816226959229 ], [ 638072.692498865770176, 2493860.488031618762761 ], [ 638072.588380039669573, 2493860.425438638776541 ], [ 638072.482206247281283, 2493860.387640092521906 ], [ 638072.375, 2493860.375 ], [ 638072.267793752718717, 2493860.387640092521906 ], [ 638072.161619960330427, 2493860.425438638776541 ], [ 638072.057501134229824, 2493860.488031618762761 ], [ 638071.956439995905384, 2493860.574816226959229 ], [ 638071.859409819124267, 2493860.684956680983305 ], [ 638071.767345057683997, 2493860.817392267752439 ], [ 638071.681132345460355, 2493860.970847560092807 ], [ 638071.601601958042011, 2493861.14384469948709 ], [ 638071.529519816627726, 2493861.33471762901172 ], [ 638071.465580111485906, 2493861.541628138162196 ], [ 638071.410398617153987, 2493861.76258356589824 ], [ 638071.364506761310622, 2493861.99545599007979 ], [ 638071.328346507740207, 2493862.238002722151577 ], [ 638071.302266099606641, 2493862.487887904513627 ], [ 638071.286516705178656, 2493862.742705006618053 ], [ 638071.28125, 2493863.0 ], [ 638071.286516705178656, 2493863.257294993381947 ], [ 638071.302266099606641, 2493863.512112095486373 ], [ 638071.328346507740207, 2493863.761997277848423 ], [ 638071.364506761310622, 2493864.00454400992021 ], [ 638071.410398617153987, 2493864.23741643410176 ], [ 638071.465580111485906, 2493864.458371861837804 ], [ 638071.529519816627726, 2493864.66528237098828 ], [ 638071.601601958042011, 2493864.85615530051291 ], [ 638071.681132345460355, 2493865.029152439907193 ], [ 638071.767345057683997, 2493865.182607732247561 ], [ 638071.859409819124267, 2493865.315043319016695 ], [ 638071.956439995905384, 2493865.425183773040771 ], [ 638072.057501134229824, 2493865.511968381237239 ], [ 638072.161619960330427, 2493865.574561361223459 ], [ 638072.267793752718717, 2493865.612359907478094 ], [ 638072.375, 2493865.625 ], [ 638072.482206247281283, 2493865.612359907478094 ], [ 638072.588380039669573, 2493865.574561361223459 ], [ 638072.692498865770176, 2493865.511968381237239 ], [ 638072.793560004094616, 2493865.425183773040771 ], [ 638072.890590180875733, 2493865.315043319016695 ], [ 638072.982654942316003, 2493865.182607732247561 ], [ 638073.068867654539645, 2493865.029152439907193 ], [ 638073.148398041957989, 2493864.85615530051291 ], [ 638073.220480183372274, 2493864.66528237098828 ], [ 638073.284419888514094, 2493864.458371861837804 ], [ 638073.339601382846013, 2493864.23741643410176 ], [ 638073.385493238689378, 2493864.00454400992021 ], [ 638073.421653492259793, 2493863.761997277848423 ], [ 638073.447733900393359, 2493863.512112095486373 ], [ 638073.463483294821344, 2493863.257294993381947 ], [ 638073.46875, 2493863.0 ] ] ] } },
{ "type": "Feature", "properties": { "xmin": 226.42848, "ymin": 1001.9884, "xmax": 247.86748, "ymax": 1023.8659, "score": 0.38611245, "label": "Tree", "tile_idx": 12, "geo_xmin": 637959.56, "geo_ymin": 2493627.5, "geo_xmax": 637965.38, "geo_ymax": 2493633.5, "center_x": 637962.5, "center_y": 2493630.5, "width_m": 5.8125, "height_m": 6.0, "crown_diameter_m": 5.9055061, "lon": 88.341663714309831, "lat": 22.54371991795913, "crown_area_raw_m2": 27.390762, "crown_area_calibrated_m2": 32.868916, "agb_tree_kg": 51.481778095819919 }, "geometry": { "type": "Polygon", "coordinates": [ [ [ 637965.40625, 2493630.5 ], [ 637965.392255611834116, 2493630.205948579125106 ], [ 637965.350407221121714, 2493629.914729034062475 ], [ 637965.281107850722037, 2493629.629145968239754 ], [ 637965.185024891397916, 2493629.351949702948332 ], [ 637965.063083674525842, 2493629.085809789597988 ], [ 637964.916458560735919, 2493628.833289301022887 ], [ 637964.746561630046926, 2493628.596820147708058 ], [ 637964.555029082810506, 2493628.378679656423628 ], [ 637964.343705482082441, 2493628.180968639906496 ], [ 637964.114625989692286, 2493628.005591162946075 ], [ 637963.869996766443364, 2493627.854236206971109 ], [ 637963.612173725268804, 2493627.728361402638257 ], [ 637963.34363984328229, 2493627.62917899293825 ], [ 637963.066981248324737, 2493627.557644158601761 ], [ 637962.784862314118072, 2493627.514445819891989 ], [ 637962.5, 2493627.5 ], [ 637962.215137685881928, 2493627.514445819891989 ], [ 637961.933018751675263, 2493627.557644158601761 ], [ 637961.65636015671771, 2493627.62917899293825 ], [ 637961.387826274731196, 2493627.728361402638257 ], [ 637961.130003233556636, 2493627.854236206971109 ], [ 637960.885374010307714, 2493628.005591162946075 ], [ 637960.656294517917559, 2493628.180968639906496 ], [ 637960.444970917189494, 2493628.378679656423628 ], [ 637960.253438369953074, 2493628.596820147708058 ], [ 637960.083541439264081, 2493628.833289301022887 ], [ 637959.936916325474158, 2493629.085809789597988 ], [ 637959.814975108602084, 2493629.351949702948332 ], [ 637959.718892149277963, 2493629.629145968239754 ], [ 637959.649592778878286, 2493629.914729034062475 ], [ 637959.607744388165884, 2493630.205948579125106 ], [ 637959.59375, 2493630.5 ], [ 637959.607744388165884, 2493630.794051420874894 ], [ 637959.649592778878286, 2493631.085270965937525 ], [ 637959.718892149277963, 2493631.370854031760246 ], [ 637959.814975108602084, 2493631.648050297051668 ], [ 637959.936916325474158, 2493631.914190210402012 ], [ 637960.083541439264081, 2493632.166710698977113 ], [ 637960.253438369953074, 2493632.403179852291942 ], [ 637960.444970917189494, 2493632.621320343576372 ], [ 637960.656294517917559, 2493632.819031360093504 ], [ 637960.885374010307714, 2493632.994408837053925 ], [ 637961.130003233556636, 2493633.145763793028891 ], [ 637961.387826274731196, 2493633.271638597361743 ], [ 637961.65636015671771, 2493633.37082100706175 ], [ 637961.933018751675263, 2493633.442355841398239 ], [ 637962.215137685881928, 2493633.485554180108011 ], [ 637962.5, 2493633.5 ], [ 637962.784862314118072, 2493633.485554180108011 ], [ 637963.066981248324737, 2493633.442355841398239 ], [ 637963.34363984328229, 2493633.37082100706175 ], [ 637963.612173725268804, 2493633.271638597361743 ], [ 637963.869996766443364, 2493633.145763793028891 ], [ 637964.114625989692286, 2493632.994408837053925 ], [ 637964.343705482082441, 2493632.819031360093504 ], [ 637964.555029082810506, 2493632.621320343576372 ], [ 637964.746561630046926, 2493632.403179852291942 ], [ 637964.916458560735919, 2493632.166710698977113 ], [ 637965.063083674525842, 2493631.914190210402012 ], [ 637965.185024891397916, 2493631.648050297051668 ], [ 637965.281107850722037, 2493631.370854031760246 ], [ 637965.350407221121714, 2493631.085270965937525 ], [ 637965.392255611834116, 2493630.794051420874894 ], [ 637965.40625, 2493630.5 ] ] ] } },
{ "type": "Feature", "properties": { "xmin": 153.83041, "ymin": 746.21667, "xmax": 184.77405, "ymax": 778.71271, "score": 0.37718973, "label": "Tree", "tile_idx": 8, "geo_xmin": 637940.0, "geo_ymin": 2493693.8, "geo_xmax": 637948.31, "geo_ymax": 2493702.5, "center_x": 637944.12, "center_y": 2493698.0, "width_m": 8.3125, "height_m": 8.75, "crown_diameter_m": 8.5284452, "lon": 88.341490950229357, "lat": 22.544331032549682, "crown_area_raw_m2": 57.125446, "crown_area_calibrated_m2": 68.550537, "agb_tree_kg": 124.55540163681145 }, "geometry": { "type": "Polygon", "coordinates": [ [ [ 637948.28125, 2493698.0 ], [ 637948.261236520251259, 2493697.571175010874867 ], [ 637948.201388821704313, 2493697.146479841321707 ], [ 637948.1022832703311, 2493696.730004536919296 ], [ 637947.964874307042919, 2493696.325759983621538 ], [ 637947.790485254954547, 2493695.937639276497066 ], [ 637947.580795576097444, 2493695.569380230735987 ], [ 637947.337824696791358, 2493695.224529381841421 ], [ 637947.063912559300661, 2493694.906407832168043 ], [ 637946.761697087320499, 2493694.618079266510904 ], [ 637946.43408878101036, 2493694.362320445943624 ], [ 637946.084242687444203, 2493694.141594468615949 ], [ 637945.715528015745804, 2493693.958027045242488 ], [ 637945.331495689810254, 2493693.813386030960828 ], [ 637944.935844150837511, 2493693.709064398426563 ], [ 637944.532383739482611, 2493693.646066820714623 ], [ 637944.125, 2493693.625 ], [ 637943.717616260517389, 2493693.646066820714623 ], [ 637943.314155849162489, 2493693.709064398426563 ], [ 637942.918504310189746, 2493693.813386030960828 ], [ 637942.534471984254196, 2493693.958027045242488 ], [ 637942.165757312555797, 2493694.141594468615949 ], [ 637941.81591121898964, 2493694.362320445943624 ], [ 637941.488302912679501, 2493694.618079266510904 ], [ 637941.186087440699339, 2493694.906407832168043 ], [ 637940.912175303208642, 2493695.224529381841421 ], [ 637940.669204423902556, 2493695.569380230735987 ], [ 637940.459514745045453, 2493695.937639276497066 ], [ 637940.285125692957081, 2493696.325759983621538 ], [ 637940.1477167296689, 2493696.730004536919296 ], [ 637940.048611178295687, 2493697.146479841321707 ], [ 637939.988763479748741, 2493697.571175010874867 ], [ 637939.96875, 2493698.0 ], [ 637939.988763479748741, 2493698.428824989125133 ], [ 637940.048611178295687, 2493698.853520158678293 ], [ 637940.1477167296689, 2493699.269995463080704 ], [ 637940.285125692957081, 2493699.674240016378462 ], [ 637940.459514745045453, 2493700.062360723502934 ], [ 637940.669204423902556, 2493700.430619769264013 ], [ 637940.912175303208642, 2493700.775470618158579 ], [ 637941.186087440699339, 2493701.093592167831957 ], [ 637941.488302912679501, 2493701.381920733489096 ], [ 637941.81591121898964, 2493701.637679554056376 ], [ 637942.165757312555797, 2493701.858405531384051 ], [ 637942.534471984254196, 2493702.041972954757512 ], [ 637942.918504310189746, 2493702.186613969039172 ], [ 637943.314155849162489, 2493702.290935601573437 ], [ 637943.717616260517389, 2493702.353933179285377 ], [ 637944.125, 2493702.375 ], [ 637944.532383739482611, 2493702.353933179285377 ], [ 637944.935844150837511, 2493702.290935601573437 ], [ 637945.331495689810254, 2493702.186613969039172 ], [ 637945.715528015745804, 2493702.041972954757512 ], [ 637946.084242687444203, 2493701.858405531384051 ], [ 637946.43408878101036, 2493701.637679554056376 ], [ 637946.761697087320499, 2493701.381920733489096 ], [ 637947.063912559300661, 2493701.093592167831957 ], [ 637947.337824696791358, 2493700.775470618158579 ], [ 637947.580795576097444, 2493700.430619769264013 ], [ 637947.790485254954547, 2493700.062360723502934 ], [ 637947.964874307042919, 2493699.674240016378462 ], [ 637948.1022832703311, 2493699.269995463080704 ], [ 637948.201388821704313, 2493698.853520158678293 ], [ 637948.261236520251259, 2493698.428824989125133 ], [ 637948.28125, 2493698.0 ] ] ] } },
{ "type": "Feature", "properties": { "xmin": 985.80249, "ymin": 730.94934, "xmax": 1015.4772, "ymax": 762.80585, "score": 0.37322605, "label": "Tree", "tile_idx": 11, "geo_xmin": 638164.62, "geo_ymin": 2493698.0, "geo_xmax": 638172.62, "geo_ymax": 2493706.8, "center_x": 638168.62, "center_y": 2493702.5, "width_m": 8.0, "height_m": 8.75, "crown_diameter_m": 8.3666, "lon": 88.343674120033782, "lat": 22.544353455186819, "crown_area_raw_m2": 54.977875, "crown_area_calibrated_m2": 65.97345, "agb_tree_kg": 118.94857004827541 }, "geometry": { "type": "Polygon", "coordinates": [ [ [ 638172.625, 2493702.5 ], [ 638172.605738906655461, 2493702.071175010874867 ], [ 638172.548141121631488, 2493701.646479841321707 ], [ 638172.45276134298183, 2493701.230004536919296 ], [ 638172.320518130087294, 2493700.825759983621538 ], [ 638172.152685057371855, 2493700.437639276497066 ], [ 638171.950878449250013, 2493700.069380230735987 ], [ 638171.7170418134192, 2493699.724529381841421 ], [ 638171.453427124768496, 2493699.406407832168043 ], [ 638171.162573136622086, 2493699.118079266510904 ], [ 638170.847280932124704, 2493698.862320445943624 ], [ 638170.510586947319098, 2493698.641594468615949 ], [ 638170.155733729479834, 2493698.458027045242488 ], [ 638169.786138709052466, 2493698.313386030960828 ], [ 638169.405361288110726, 2493698.209064398426563 ], [ 638169.01706856128294, 2493698.146066820714623 ], [ 638168.625, 2493698.125 ], [ 638168.23293143871706, 2493698.146066820714623 ], [ 638167.844638711889274, 2493698.209064398426563 ], [ 638167.463861290947534, 2493698.313386030960828 ], [ 638167.094266270520166, 2493698.458027045242488 ], [ 638166.739413052680902, 2493698.641594468615949 ], [ 638166.402719067875296, 2493698.862320445943624 ], [ 638166.087426863377914, 2493699.118079266510904 ], [ 638165.796572875231504, 2493699.406407832168043 ], [ 638165.5329581865808, 2493699.724529381841421 ], [ 638165.299121550749987, 2493700.069380230735987 ], [ 638165.097314942628145, 2493700.437639276497066 ], [ 638164.929481869912706, 2493700.825759983621538 ], [ 638164.79723865701817, 2493701.230004536919296 ], [ 638164.701858878368512, 2493701.646479841321707 ], [ 638164.644261093344539, 2493702.071175010874867 ], [ 638164.625, 2493702.5 ], [ 638164.644261093344539, 2493702.928824989125133 ], [ 638164.701858878368512, 2493703.353520158678293 ], [ 638164.79723865701817, 2493703.769995463080704 ], [ 638164.929481869912706, 2493704.174240016378462 ], [ 638165.097314942628145, 2493704.562360723502934 ], [ 638165.299121550749987, 2493704.930619769264013 ], [ 638165.5329581865808, 2493705.275470618158579 ], [ 638165.796572875231504, 2493705.593592167831957 ], [ 638166.087426863377914, 2493705.881920733489096 ], [ 638166.402719067875296, 2493706.137679554056376 ], [ 638166.739413052680902, 2493706.358405531384051 ], [ 638167.094266270520166, 2493706.541972954757512 ], [ 638167.463861290947534, 2493706.686613969039172 ], [ 638167.844638711889274, 2493706.790935601573437 ], [ 638168.23293143871706, 2493706.853933179285377 ], [ 638168.625, 2493706.875 ], [ 638169.01706856128294, 2493706.853933179285377 ], [ 638169.405361288110726, 2493706.790935601573437 ], [ 638169.786138709052466, 2493706.686613969039172 ], [ 638170.155733729479834, 2493706.541972954757512 ], [ 638170.510586947319098, 2493706.358405531384051 ], [ 638170.847280932124704, 2493706.137679554056376 ], [ 638171.162573136622086, 2493705.881920733489096 ], [ 638171.453427124768496, 2493705.593592167831957 ], [ 638171.7170418134192, 2493705.275470618158579 ], [ 638171.950878449250013, 2493704.930619769264013 ], [ 638172.152685057371855, 2493704.562360723502934 ], [ 638172.320518130087294, 2493704.174240016378462 ], [ 638172.45276134298183, 2493703.769995463080704 ], [ 638172.548141121631488, 2493703.353520158678293 ], [ 638172.605738906655461, 2493702.928824989125133 ], [ 638172.625, 2493702.5 ] ] ] } },
{ "type": "Feature", "properties": { "xmin": 705.15582, "ymin": 969.85272, "xmax": 738.43713, "ymax": 1004.9266, "score": 0.37028179, "label": "Tree", "tile_idx": 15, "geo_xmin": 638088.81, "geo_ymin": 2493632.8, "geo_xmax": 638097.81, "geo_ymax": 2493642.2, "center_x": 638093.31, "center_y": 2493637.5, "width_m": 9.0, "height_m": 9.5, "crown_diameter_m": 9.2466211, "lon": 88.342936188881779, "lat": 22.543772524860024, "crown_area_raw_m2": 67.151543, "crown_area_calibrated_m2": 80.581856, "agb_tree_kg": 151.2776238132617 }, "geometry": { "type": "Polygon", "coordinates": [ [ [ 638097.8125, 2493637.5 ], [ 638097.790831270045601, 2493637.034418583381921 ], [ 638097.726033761864528, 2493636.573320970404893 ], [ 638097.618731510825455, 2493636.121147783007473 ], [ 638097.469957896275446, 2493635.682253696490079 ], [ 638097.281145689543337, 2493635.260865500196815 ], [ 638097.054113255348057, 2493634.861041393131018 ], [ 638096.791047040140256, 2493634.486631900072098 ], [ 638096.494480515364558, 2493634.141242789570242 ], [ 638096.167269778787158, 2493633.828200346324593 ], [ 638095.812566048582084, 2493633.550519341602921 ], [ 638095.433785315719433, 2493633.310873994138092 ], [ 638095.034575445693918, 2493633.111572220455855 ], [ 638094.618781047640368, 2493632.954533405136317 ], [ 638094.190406449022703, 2493632.841269918251783 ], [ 638093.753577131428756, 2493632.772872548084706 ], [ 638093.3125, 2493632.75 ], [ 638092.871422868571244, 2493632.772872548084706 ], [ 638092.434593550977297, 2493632.841269918251783 ], [ 638092.006218952359632, 2493632.954533405136317 ], [ 638091.590424554306082, 2493633.111572220455855 ], [ 638091.191214684280567, 2493633.310873994138092 ], [ 638090.812433951417916, 2493633.550519341602921 ], [ 638090.457730221212842, 2493633.828200346324593 ], [ 638090.130519484635442, 2493634.141242789570242 ], [ 638089.833952959859744, 2493634.486631900072098 ], [ 638089.570886744651943, 2493634.861041393131018 ], [ 638089.343854310456663, 2493635.260865500196815 ], [ 638089.155042103724554, 2493635.682253696490079 ], [ 638089.006268489174545, 2493636.121147783007473 ], [ 638088.898966238135472, 2493636.573320970404893 ], [ 638088.834168729954399, 2493637.034418583381921 ], [ 638088.8125, 2493637.5 ], [ 638088.834168729954399, 2493637.965581416618079 ], [ 638088.898966238135472, 2493638.426679029595107 ], [ 638089.006268489174545, 2493638.878852216992527 ], [ 638089.155042103724554, 2493639.317746303509921 ], [ 638089.343854310456663, 2493639.739134499803185 ], [ 638089.570886744651943, 2493640.138958606868982 ], [ 638089.833952959859744, 2493640.513368099927902 ], [ 638090.130519484635442, 2493640.858757210429758 ], [ 638090.457730221212842, 2493641.171799653675407 ], [ 638090.812433951417916, 2493641.449480658397079 ], [ 638091.191214684280567, 2493641.689126005861908 ], [ 638091.590424554306082, 2493641.888427779544145 ], [ 638092.006218952359632, 2493642.045466594863683 ], [ 638092.434593550977297, 2493642.158730081748217 ], [ 638092.871422868571244, 2493642.227127451915294 ], [ 638093.3125, 2493642.25 ], [ 638093.753577131428756, 2493642.227127451915294 ], [ 638094.190406449022703, 2493642.158730081748217 ], [ 638094.618781047640368, 2493642.045466594863683 ], [ 638095.034575445693918, 2493641.888427779544145 ], [ 638095.433785315719433, 2493641.689126005861908 ], [ 638095.812566048582084, 2493641.449480658397079 ], [ 638096.167269778787158, 2493641.171799653675407 ], [ 638096.494480515364558, 2493640.858757210429758 ], [ 638096.791047040140256, 2493640.513368099927902 ], [ 638097.054113255348057, 2493640.138958606868982 ], [ 638097.281145689543337, 2493639.739134499803185 ], [ 638097.469957896275446, 2493639.317746303509921 ], [ 638097.618731510825455, 2493638.878852216992527 ], [ 638097.726033761864528, 2493638.426679029595107 ], [ 638097.790831270045601, 2493637.965581416618079 ], [ 638097.8125, 2493637.5 ] ] ] } },
{ "type": "Feature", "properties": { "xmin": 149.61111, "ymin": 260.98438, "xmax": 188.65555, "ymax": 300.83801, "score": 0.35197693, "label": "Tree", "tile_idx": 0, "geo_xmin": 637938.81, "geo_ymin": 2493822.8, "geo_xmax": 637949.38, "geo_ymax": 2493833.5, "center_x": 637944.12, "center_y": 2493828.0, "width_m": 10.5625, "height_m": 10.75, "crown_diameter_m": 10.655838, "lon": 88.341502298939957, "lat": 22.545505124144846, "crown_area_raw_m2": 89.179512, "crown_area_calibrated_m2": 107.01542, "agb_tree_kg": 212.75120276552494 }, "geometry": { "type": "Polygon", "coordinates": [ [ [ 637949.40625, 2493828.0 ], [ 637949.380819337791763, 2493827.473157870583236 ], [ 637949.304772262112238, 2493826.951389519032091 ], [ 637949.178841148037463, 2493826.439719859976321 ], [ 637949.004238781053573, 2493825.943076550960541 ], [ 637948.782646677340381, 2493825.466242539696395 ], [ 637948.516198889934458, 2493825.013809997588396 ], [ 637948.207461456768215, 2493824.590136097744107 ], [ 637947.8594076881418, 2493824.199301050975919 ], [ 637947.475389532046393, 2493823.845068813301623 ], [ 637947.059105293126777, 2493823.530850833747536 ], [ 637946.614564016344957, 2493823.259673204272985 ], [ 637946.146046877140179, 2493823.034147512633353 ], [ 637945.658065951778553, 2493822.856445695273578 ], [ 637945.15532076312229, 2493822.728279117960483 ], [ 637944.642653022310697, 2493822.650882094167173 ], [ 637944.125, 2493822.625 ], [ 637943.607346977689303, 2493822.650882094167173 ], [ 637943.09467923687771, 2493822.728279117960483 ], [ 637942.591934048221447, 2493822.856445695273578 ], [ 637942.103953122859821, 2493823.034147512633353 ], [ 637941.635435983655043, 2493823.259673204272985 ], [ 637941.190894706873223, 2493823.530850833747536 ], [ 637940.774610467953607, 2493823.845068813301623 ], [ 637940.3905923118582, 2493824.199301050975919 ], [ 637940.042538543231785, 2493824.590136097744107 ], [ 637939.733801110065542, 2493825.013809997588396 ], [ 637939.467353322659619, 2493825.466242539696395 ], [ 637939.245761218946427, 2493825.943076550960541 ], [ 637939.071158851962537, 2493826.439719859976321 ], [ 637938.945227737887762, 2493826.951389519032091 ], [ 637938.869180662208237, 2493827.473157870583236 ], [ 637938.84375, 2493828.0 ], [ 637938.869180662208237, 2493828.526842129416764 ], [ 637938.945227737887762, 2493829.048610480967909 ], [ 637939.071158851962537, 2493829.560280140023679 ], [ 637939.245761218946427, 2493830.056923449039459 ], [ 637939.467353322659619, 2493830.533757460303605 ], [ 637939.733801110065542, 2493830.986190002411604 ], [ 637940.042538543231785, 2493831.409863902255893 ], [ 637940.3905923118582, 2493831.800698949024081 ], [ 637940.774610467953607, 2493832.154931186698377 ], [ 637941.190894706873223, 2493832.469149166252464 ], [ 637941.635435983655043, 2493832.740326795727015 ], [ 637942.103953122859821, 2493832.965852487366647 ], [ 637942.591934048221447, 2493833.143554304726422 ], [ 637943.09467923687771, 2493833.271720882039517 ], [ 637943.607346977689303, 2493833.349117905832827 ], [ 637944.125, 2493833.375 ], [ 637944.642653022310697, 2493833.349117905832827 ], [ 637945.15532076312229, 2493833.271720882039517 ], [ 637945.658065951778553, 2493833.143554304726422 ], [ 637946.146046877140179, 2493832.965852487366647 ], [ 637946.614564016344957, 2493832.740326795727015 ], [ 637947.059105293126777, 2493832.469149166252464 ], [ 637947.475389532046393, 2493832.154931186698377 ], [ 637947.8594076881418, 2493831.800698949024081 ], [ 637948.207461456768215, 2493831.409863902255893 ], [ 637948.516198889934458, 2493830.986190002411604 ], [ 637948.782646677340381, 2493830.533757460303605 ], [ 637949.004238781053573, 2493830.056923449039459 ], [ 637949.178841148037463, 2493829.560280140023679 ], [ 637949.304772262112238, 2493829.048610480967909 ], [ 637949.380819337791763, 2493828.526842129416764 ], [ 637949.40625, 2493828.0 ] ] ] } },
{ "type": "Feature", "properties": { "xmin": 964.02563, "ymin": 915.22534, "xmax": 984.94403, "ymax": 939.45398, "score": 0.35117888, "label": "Tree", "tile_idx": 10, "geo_xmin": 638158.75, "geo_ymin": 2493650.2, "geo_xmax": 638164.38, "geo_ymax": 2493657.0, "center_x": 638161.56, "center_y": 2493653.5, "width_m": 5.625, "height_m": 6.75, "crown_diameter_m": 6.1618786, "lon": 88.343601168387906, "lat": 22.543911486908961, "crown_area_raw_m2": 29.820587, "crown_area_calibrated_m2": 35.784706, "agb_tree_kg": 57.019288074348388 }, "geometry": { "type": "Polygon", "coordinates": [ [ [ 638164.375, 2493653.5 ], [ 638164.361457043793052, 2493653.169192151166499 ], [ 638164.320958601078019, 2493652.841570163145661 ], [ 638164.253894694265909, 2493652.520289214327931 ], [ 638164.160911185201257, 2493652.208443415816873 ], [ 638164.042903556022793, 2493651.909036013297737 ], [ 638163.901008284650743, 2493651.624950463417917 ], [ 638163.736591900116764, 2493651.358922665938735 ], [ 638163.551237822044641, 2493651.113514613360167 ], [ 638163.346731111756526, 2493650.891089719720185 ], [ 638163.125041280407459, 2493650.693790058605373 ], [ 638162.888303322368301, 2493650.523515732958913 ], [ 638162.638797153485939, 2493650.381906577851623 ], [ 638162.378925654804334, 2493650.270326367113739 ], [ 638162.111191530711949, 2493650.189849678426981 ], [ 638161.83817320712842, 2493650.141251547262073 ], [ 638161.5625, 2493650.125 ], [ 638161.28682679287158, 2493650.141251547262073 ], [ 638161.013808469288051, 2493650.189849678426981 ], [ 638160.746074345195666, 2493650.270326367113739 ], [ 638160.486202846514061, 2493650.381906577851623 ], [ 638160.236696677631699, 2493650.523515732958913 ], [ 638159.999958719592541, 2493650.693790058605373 ], [ 638159.778268888243474, 2493650.891089719720185 ], [ 638159.573762177955359, 2493651.113514613360167 ], [ 638159.388408099883236, 2493651.358922665938735 ], [ 638159.223991715349257, 2493651.624950463417917 ], [ 638159.082096443977207, 2493651.909036013297737 ], [ 638158.964088814798743, 2493652.208443415816873 ], [ 638158.871105305734091, 2493652.520289214327931 ], [ 638158.804041398921981, 2493652.841570163145661 ], [ 638158.763542956206948, 2493653.169192151166499 ], [ 638158.75, 2493653.5 ], [ 638158.763542956206948, 2493653.830807848833501 ], [ 638158.804041398921981, 2493654.158429836854339 ], [ 638158.871105305734091, 2493654.479710785672069 ], [ 638158.964088814798743, 2493654.791556584183127 ], [ 638159.082096443977207, 2493655.090963986702263 ], [ 638159.223991715349257, 2493655.375049536582083 ], [ 638159.388408099883236, 2493655.641077334061265 ], [ 638159.573762177955359, 2493655.886485386639833 ], [ 638159.778268888243474, 2493656.108910280279815 ], [ 638159.999958719592541, 2493656.306209941394627 ], [ 638160.236696677631699, 2493656.476484267041087 ], [ 638160.486202846514061, 2493656.618093422148377 ], [ 638160.746074345195666, 2493656.729673632886261 ], [ 638161.013808469288051, 2493656.810150321573019 ], [ 638161.28682679287158, 2493656.858748452737927 ], [ 638161.5625, 2493656.875 ], [ 638161.83817320712842, 2493656.858748452737927 ], [ 638162.111191530711949, 2493656.810150321573019 ], [ 638162.378925654804334, 2493656.729673632886261 ], [ 638162.638797153485939, 2493656.618093422148377 ], [ 638162.888303322368301, 2493656.476484267041087 ], [ 638163.125041280407459, 2493656.306209941394627 ], [ 638163.346731111756526, 2493656.108910280279815 ], [ 638163.551237822044641, 2493655.886485386639833 ], [ 638163.736591900116764, 2493655.641077334061265 ], [ 638163.901008284650743, 2493655.375049536582083 ], [ 638164.042903556022793, 2493655.090963986702263 ], [ 638164.160911185201257, 2493654.791556584183127 ], [ 638164.253894694265909, 2493654.479710785672069 ], [ 638164.320958601078019, 2493654.158429836854339 ], [ 638164.361457043793052, 2493653.830807848833501 ], [ 638164.375, 2493653.5 ] ] ] } },
{ "type": "Feature", "properties": { "xmin": 1005.8369, "ymin": 206.33533, "xmax": 1037.552, "ymax": 240.37952, "score": 0.34727213, "label": "Tree", "tile_idx": 2, "geo_xmin": 638170.0, "geo_ymin": 2493839.0, "geo_xmax": 638178.56, "geo_ymax": 2493848.2, "center_x": 638174.25, "center_y": 2493843.5, "width_m": 8.5625, "height_m": 9.25, "crown_diameter_m": 8.8996134, "lon": 88.343741140528877, "lat": 22.545626434941354, "crown_area_raw_m2": 62.20599, "crown_area_calibrated_m2": 74.647194, "agb_tree_kg": 137.98746342529464 }, "geometry": { "type": "Polygon", "coordinates": [ [ [ 638178.53125, 2493843.5 ], [ 638178.510634611011483, 2493843.04667072603479 ], [ 638178.448986981762573, 2493842.597707260865718 ], [ 638178.346900812350214, 2493842.157433367799968 ], [ 638178.205359248560853, 2493841.730089125223458 ], [ 638178.025725412997417, 2493841.319790092296898 ], [ 638177.809729277621955, 2493840.930487672332674 ], [ 638177.559451003442518, 2493840.565931060817093 ], [ 638177.277300906949677, 2493840.229631137102842 ], [ 638176.965996247832663, 2493839.924826653208584 ], [ 638176.628535060095601, 2493839.654453042894602 ], [ 638176.268167279544286, 2493839.421114152297378 ], [ 638175.888363444828428, 2493839.22705716220662 ], [ 638175.492781274486333, 2493839.074150947388262 ], [ 638175.08523044118192, 2493838.963868078310043 ], [ 638174.669635882019065, 2493838.897270638961345 ], [ 638174.25, 2493838.875 ], [ 638173.830364117980935, 2493838.897270638961345 ], [ 638173.41476955881808, 2493838.963868078310043 ], [ 638173.007218725513667, 2493839.074150947388262 ], [ 638172.611636555171572, 2493839.22705716220662 ], [ 638172.231832720455714, 2493839.421114152297378 ], [ 638171.871464939904399, 2493839.654453042894602 ], [ 638171.534003752167337, 2493839.924826653208584 ], [ 638171.222699093050323, 2493840.229631137102842 ], [ 638170.940548996557482, 2493840.565931060817093 ], [ 638170.690270722378045, 2493840.930487672332674 ], [ 638170.474274587002583, 2493841.319790092296898 ], [ 638170.294640751439147, 2493841.730089125223458 ], [ 638170.153099187649786, 2493842.157433367799968 ], [ 638170.051013018237427, 2493842.597707260865718 ], [ 638169.989365388988517, 2493843.04667072603479 ], [ 638169.96875, 2493843.5 ], [ 638169.989365388988517, 2493843.95332927396521 ], [ 638170.051013018237427, 2493844.402292739134282 ], [ 638170.153099187649786, 2493844.842566632200032 ], [ 638170.294640751439147, 2493845.269910874776542 ], [ 638170.474274587002583, 2493845.680209907703102 ], [ 638170.690270722378045, 2493846.069512327667326 ], [ 638170.940548996557482, 2493846.434068939182907 ], [ 638171.222699093050323, 2493846.770368862897158 ], [ 638171.534003752167337, 2493847.075173346791416 ], [ 638171.871464939904399, 2493847.345546957105398 ], [ 638172.231832720455714, 2493847.578885847702622 ], [ 638172.611636555171572, 2493847.77294283779338 ], [ 638173.007218725513667, 2493847.925849052611738 ], [ 638173.41476955881808, 2493848.036131921689957 ], [ 638173.830364117980935, 2493848.102729361038655 ], [ 638174.25, 2493848.125 ], [ 638174.669635882019065, 2493848.102729361038655 ], [ 638175.08523044118192, 2493848.036131921689957 ], [ 638175.492781274486333, 2493847.925849052611738 ], [ 638175.888363444828428, 2493847.77294283779338 ], [ 638176.268167279544286, 2493847.578885847702622 ], [ 638176.628535060095601, 2493847.345546957105398 ], [ 638176.965996247832663, 2493847.075173346791416 ], [ 638177.277300906949677, 2493846.770368862897158 ], [ 638177.559451003442518, 2493846.434068939182907 ], [ 638177.809729277621955, 2493846.069512327667326 ], [ 638178.025725412997417, 2493845.680209907703102 ], [ 638178.205359248560853, 2493845.269910874776542 ], [ 638178.346900812350214, 2493844.842566632200032 ], [ 638178.448986981762573, 2493844.402292739134282 ], [ 638178.510634611011483, 2493843.95332927396521 ], [ 638178.53125, 2493843.5 ] ] ] } },
{ "type": "Feature", "properties": { "xmin": 32.660545, "ymin": 320.81985, "xmax": 62.718384, "ymax": 344.40726, "score": 0.34623128, "label": "Tree", "tile_idx": 4, "geo_xmin": 637907.25, "geo_ymin": 2493811.0, "geo_xmax": 637915.38, "geo_ymax": 2493817.5, "center_x": 637911.31, "center_y": 2493814.2, "width_m": 8.125, "height_m": 6.5, "crown_diameter_m": 7.267221, "lon": 88.341182065454319, "lat": 22.54538360189547, "crown_area_raw_m2": 41.47884, "crown_area_calibrated_m2": 49.774609, "agb_tree_kg": 84.777569528344287 }, "geometry": { "type": "Polygon", "coordinates": [ [ [ 637915.375, 2493814.25 ], [ 637915.35543795209378, 2493813.931444293819368 ], [ 637915.296940201660618, 2493813.615956453606486 ], [ 637915.200070113874972, 2493813.306574799120426 ], [ 637915.065760600846261, 2493813.006278845015913 ], [ 637914.895305136451498, 2493812.71796060539782 ], [ 637914.690345300012268, 2493812.444396742619574 ], [ 637914.452854966744781, 2493812.18822182668373 ], [ 637914.185121298534796, 2493811.951902961358428 ], [ 637913.889722716878168, 2493811.737716026604176 ], [ 637913.569504071609117, 2493811.547723759897053 ], [ 637913.22754924336914, 2493811.383755890652537 ], [ 637912.867151443962939, 2493811.247391519136727 ], [ 637912.491781501332298, 2493811.139943908900023 ], [ 637912.105054433224723, 2493811.062447838485241 ], [ 637911.710694632609375, 2493811.015649638138711 ], [ 637911.3125, 2493811.0 ], [ 637910.914305367390625, 2493811.015649638138711 ], [ 637910.519945566775277, 2493811.062447838485241 ], [ 637910.133218498667702, 2493811.139943908900023 ], [ 637909.757848556037061, 2493811.247391519136727 ], [ 637909.39745075663086, 2493811.383755890652537 ], [ 637909.055495928390883, 2493811.547723759897053 ], [ 637908.735277283121832, 2493811.737716026604176 ], [ 637908.439878701465204, 2493811.951902961358428 ], [ 637908.172145033255219, 2493812.18822182668373 ], [ 637907.934654699987732, 2493812.444396742619574 ], [ 637907.729694863548502, 2493812.71796060539782 ], [ 637907.559239399153739, 2493813.006278845015913 ], [ 637907.424929886125028, 2493813.306574799120426 ], [ 637907.328059798339382, 2493813.615956453606486 ], [ 637907.26956204790622, 2493813.931444293819368 ], [ 637907.25, 2493814.25 ], [ 637907.26956204790622, 2493814.568555706180632 ], [ 637907.328059798339382, 2493814.884043546393514 ], [ 637907.424929886125028, 2493815.193425200879574 ], [ 637907.559239399153739, 2493815.493721154984087 ], [ 637907.729694863548502, 2493815.78203939460218 ], [ 637907.934654699987732, 2493816.055603257380426 ], [ 637908.172145033255219, 2493816.31177817331627 ], [ 637908.439878701465204, 2493816.548097038641572 ], [ 637908.735277283121832, 2493816.762283973395824 ], [ 637909.055495928390883, 2493816.952276240102947 ], [ 637909.39745075663086, 2493817.116244109347463 ], [ 637909.757848556037061, 2493817.252608480863273 ], [ 637910.133218498667702, 2493817.360056091099977 ], [ 637910.519945566775277, 2493817.437552161514759 ], [ 637910.914305367390625, 2493817.484350361861289 ], [ 637911.3125, 2493817.5 ], [ 637911.710694632609375, 2493817.484350361861289 ], [ 637912.105054433224723, 2493817.437552161514759 ], [ 637912.491781501332298, 2493817.360056091099977 ], [ 637912.867151443962939, 2493817.252608480863273 ], [ 637913.22754924336914, 2493817.116244109347463 ], [ 637913.569504071609117, 2493816.952276240102947 ], [ 637913.889722716878168, 2493816.762283973395824 ], [ 637914.185121298534796, 2493816.548097038641572 ], [ 637914.452854966744781, 2493816.31177817331627 ], [ 637914.690345300012268, 2493816.055603257380426 ], [ 637914.895305136451498, 2493815.78203939460218 ], [ 637915.065760600846261, 2493815.493721154984087 ], [ 637915.200070113874972, 2493815.193425200879574 ], [ 637915.296940201660618, 2493814.884043546393514 ], [ 637915.35543795209378, 2493814.568555706180632 ], [ 637915.375, 2493814.25 ] ] ] } },
{ "type": "Feature", "properties": { "xmin": 243.65286, "ymin": 106.09502, "xmax": 280.58908, "ymax": 146.67056, "score": 0.34599349, "label": "Tree", "tile_idx": 0, "geo_xmin": 637964.25, "geo_ymin": 2493864.5, "geo_xmax": 637974.19, "geo_ymax": 2493875.2, "center_x": 637969.25, "center_y": 2493870.0, "width_m": 9.9375, "height_m": 10.75, "crown_diameter_m": 10.33577, "lon": 88.341750254667119, "lat": 22.545882408340837, "crown_area_raw_m2": 83.902618, "crown_area_calibrated_m2": 100.68314, "agb_tree_kg": 197.71132827686228 }, "geometry": { "type": "Polygon", "coordinates": [ [ [ 637974.21875, 2493870.0 ], [ 637974.194824110600166, 2493869.473157870583236 ], [ 637974.123276861966588, 2493868.951389519032091 ], [ 637974.004797293222509, 2493868.439719859976321 ], [ 637973.840526427142322, 2493867.943076550960541 ], [ 637973.632046282174997, 2493867.466242539696395 ], [ 637973.38136463612318, 2493867.013809997588396 ], [ 637973.090895690140314, 2493866.590136097744107 ], [ 637972.763436819077469, 2493866.199301050975919 ], [ 637972.402141630649567, 2493865.845068813301623 ], [ 637972.010489595355466, 2493865.530850833747536 ], [ 637971.592252536094747, 2493865.259673204272985 ], [ 637971.151458304608241, 2493865.034147512633353 ], [ 637970.692351990146562, 2493864.856445695273578 ], [ 637970.219355037552305, 2493864.728279117960483 ], [ 637969.737022666027769, 2493864.650882094167173 ], [ 637969.25, 2493864.625 ], [ 637968.762977333972231, 2493864.650882094167173 ], [ 637968.280644962447695, 2493864.728279117960483 ], [ 637967.807648009853438, 2493864.856445695273578 ], [ 637967.348541695391759, 2493865.034147512633353 ], [ 637966.907747463905253, 2493865.259673204272985 ], [ 637966.489510404644534, 2493865.530850833747536 ], [ 637966.097858369350433, 2493865.845068813301623 ], [ 637965.736563180922531, 2493866.199301050975919 ], [ 637965.409104309859686, 2493866.590136097744107 ], [ 637965.11863536387682, 2493867.013809997588396 ], [ 637964.867953717825003, 2493867.466242539696395 ], [ 637964.659473572857678, 2493867.943076550960541 ], [ 637964.495202706777491, 2493868.439719859976321 ], [ 637964.376723138033412, 2493868.951389519032091 ], [ 637964.305175889399834, 2493869.473157870583236 ], [ 637964.28125, 2493870.0 ], [ 637964.305175889399834, 2493870.526842129416764 ], [ 637964.376723138033412, 2493871.048610480967909 ], [ 637964.495202706777491, 2493871.560280140023679 ], [ 637964.659473572857678, 2493872.056923449039459 ], [ 637964.867953717825003, 2493872.533757460303605 ], [ 637965.11863536387682, 2493872.986190002411604 ], [ 637965.409104309859686, 2493873.409863902255893 ], [ 637965.736563180922531, 2493873.800698949024081 ], [ 637966.097858369350433, 2493874.154931186698377 ], [ 637966.489510404644534, 2493874.469149166252464 ], [ 637966.907747463905253, 2493874.740326795727015 ], [ 637967.348541695391759, 2493874.965852487366647 ], [ 637967.807648009853438, 2493875.143554304726422 ], [ 637968.280644962447695, 2493875.271720882039517 ], [ 637968.762977333972231, 2493875.349117905832827 ], [ 637969.25, 2493875.375 ], [ 637969.737022666027769, 2493875.349117905832827 ], [ 637970.219355037552305, 2493875.271720882039517 ], [ 637970.692351990146562, 2493875.143554304726422 ], [ 637971.151458304608241, 2493874.965852487366647 ], [ 637971.592252536094747, 2493874.740326795727015 ], [ 637972.010489595355466, 2493874.469149166252464 ], [ 637972.402141630649567, 2493874.154931186698377 ], [ 637972.763436819077469, 2493873.800698949024081 ], [ 637973.090895690140314, 2493873.409863902255893 ], [ 637973.38136463612318, 2493872.986190002411604 ], [ 637973.632046282174997, 2493872.533757460303605 ], [ 637973.840526427142322, 2493872.056923449039459 ], [ 637974.004797293222509, 2493871.560280140023679 ], [ 637974.123276861966588, 2493871.048610480967909 ], [ 637974.194824110600166, 2493870.526842129416764 ], [ 637974.21875, 2493870.0 ] ] ] } },
{ "type": "Feature", "properties": { "xmin": 111.02994, "ymin": 781.73218, "xmax": 130.42661, "ymax": 802.09949, "score": 0.3443186, "label": "Tree", "tile_idx": 8, "geo_xmin": 637928.44, "geo_ymin": 2493687.5, "geo_xmax": 637933.62, "geo_ymax": 2493693.0, "center_x": 637931.0, "center_y": 2493690.2, "width_m": 5.1875, "height_m": 5.5, "crown_diameter_m": 5.341465, "lon": 88.341362661487821, "lat": 22.544262102842278, "crown_area_raw_m2": 22.408392, "crown_area_calibrated_m2": 26.890072, "agb_tree_kg": 40.443336754586021 }, "geometry": { "type": "Polygon", "coordinates": [ [ [ 637933.59375, 2493690.25 ], [ 637933.581260384758934, 2493689.980452863965183 ], [ 637933.543911821092479, 2493689.713501614518464 ], [ 637933.482063995790668, 2493689.451717137359083 ], [ 637933.396312537486665, 2493689.19762056088075 ], [ 637933.287483279360458, 2493688.953658973798156 ], [ 637933.156624306924641, 2493688.7221818594262 ], [ 637933.004995863419026, 2493688.505418468732387 ], [ 637932.834058213746175, 2493688.30545635195449 ], [ 637932.645457580802031, 2493688.124221253208816 ], [ 637932.441010291920975, 2493687.963458565995097 ], [ 637932.222685286193155, 2493687.824716522824019 ], [ 637931.992585152736865, 2493687.709331285674125 ], [ 637931.752925881650299, 2493687.618414076510817 ], [ 637931.506015522754751, 2493687.552840478718281 ], [ 637931.25423195771873, 2493687.513242001645267 ], [ 637931.0, 2493687.5 ], [ 637930.74576804228127, 2493687.513242001645267 ], [ 637930.493984477245249, 2493687.552840478718281 ], [ 637930.247074118349701, 2493687.618414076510817 ], [ 637930.007414847263135, 2493687.709331285674125 ], [ 637929.777314713806845, 2493687.824716522824019 ], [ 637929.558989708079025, 2493687.963458565995097 ], [ 637929.354542419197969, 2493688.124221253208816 ], [ 637929.165941786253825, 2493688.30545635195449 ], [ 637928.995004136580974, 2493688.505418468732387 ], [ 637928.843375693075359, 2493688.7221818594262 ], [ 637928.712516720639542, 2493688.953658973798156 ], [ 637928.603687462513335, 2493689.19762056088075 ], [ 637928.517936004209332, 2493689.451717137359083 ], [ 637928.456088178907521, 2493689.713501614518464 ], [ 637928.418739615241066, 2493689.980452863965183 ], [ 637928.40625, 2493690.25 ], [ 637928.418739615241066, 2493690.519547136034817 ], [ 637928.456088178907521, 2493690.786498385481536 ], [ 637928.517936004209332, 2493691.048282862640917 ], [ 637928.603687462513335, 2493691.30237943911925 ], [ 637928.712516720639542, 2493691.546341026201844 ], [ 637928.843375693075359, 2493691.7778181405738 ], [ 637928.995004136580974, 2493691.994581531267613 ], [ 637929.165941786253825, 2493692.19454364804551 ], [ 637929.354542419197969, 2493692.375778746791184 ], [ 637929.558989708079025, 2493692.536541434004903 ], [ 637929.777314713806845, 2493692.675283477175981 ], [ 637930.007414847263135, 2493692.790668714325875 ], [ 637930.247074118349701, 2493692.881585923489183 ], [ 637930.493984477245249, 2493692.947159521281719 ], [ 637930.74576804228127, 2493692.986757998354733 ], [ 637931.0, 2493693.0 ], [ 637931.25423195771873, 2493692.986757998354733 ], [ 637931.506015522754751, 2493692.947159521281719 ], [ 637931.752925881650299, 2493692.881585923489183 ], [ 637931.992585152736865, 2493692.790668714325875 ], [ 637932.222685286193155, 2493692.675283477175981 ], [ 637932.441010291920975, 2493692.536541434004903 ], [ 637932.645457580802031, 2493692.375778746791184 ], [ 637932.834058213746175, 2493692.19454364804551 ], [ 637933.004995863419026, 2493691.994581531267613 ], [ 637933.156624306924641, 2493691.7778181405738 ], [ 637933.287483279360458, 2493691.546341026201844 ], [ 637933.396312537486665, 2493691.30237943911925 ], [ 637933.482063995790668, 2493691.048282862640917 ], [ 637933.543911821092479, 2493690.786498385481536 ], [ 637933.581260384758934, 2493690.519547136034817 ], [ 637933.59375, 2493690.25 ] ] ] } },
{ "type": "Feature", "properties": { "xmin": 374.61755, "ymin": 1030.5286, "xmax": 398.51373, "ymax": 1039.6162, "score": 0.34116066, "label": "Tree", "tile_idx": 8, "geo_xmin": 637999.56, "geo_ymin": 2493623.2, "geo_xmax": 638006.06, "geo_ymax": 2493625.8, "center_x": 638002.81, "center_y": 2493624.5, "width_m": 6.5, "height_m": 2.5, "crown_diameter_m": 4.0311289, "lon": 88.34205514051331, "lat": 22.543662459463157, "crown_area_raw_m2": 12.76272, "crown_area_calibrated_m2": 15.315265, "agb_tree_kg": 20.558771396922616 }, "geometry": { "type": "Polygon", "coordinates": [ [ [ 638006.0625, 2493624.5 ], [ 638006.046850361628458, 2493624.37747857440263 ], [ 638006.000052161281928, 2493624.256137097254395 ], [ 638005.922556091099977, 2493624.137144153472036 ], [ 638005.815108480630443, 2493624.021645709406585 ], [ 638005.678744109114632, 2493623.910754078999162 ], [ 638005.514776239986531, 2493623.805537208914757 ], [ 638005.324783973395824, 2493623.707008394878358 ], [ 638005.110597038874403, 2493623.616116523742676 ], [ 638004.874278173549101, 2493623.533736933488399 ], [ 638004.618103257264011, 2493623.46066298475489 ], [ 638004.344539394718595, 2493623.397598419338465 ], [ 638004.056221155216917, 2493623.345150584354997 ], [ 638003.755925201112404, 2493623.303824580274522 ], [ 638003.446543546509929, 2493623.2740183994174 ], [ 638003.131055706064217, 2493623.256019091699272 ], [ 638002.8125, 2493623.25 ], [ 638002.493944293935783, 2493623.256019091699272 ], [ 638002.178456453490071, 2493623.2740183994174 ], [ 638001.869074798887596, 2493623.303824580274522 ], [ 638001.568778844783083, 2493623.345150584354997 ], [ 638001.280460605281405, 2493623.397598419338465 ], [ 638001.006896742735989, 2493623.46066298475489 ], [ 638000.750721826450899, 2493623.533736933488399 ], [ 638000.514402961125597, 2493623.616116523742676 ], [ 638000.300216026604176, 2493623.707008394878358 ], [ 638000.110223760013469, 2493623.805537208914757 ], [ 637999.946255890885368, 2493623.910754078999162 ], [ 637999.809891519369557, 2493624.021645709406585 ], [ 637999.702443908900023, 2493624.137144153472036 ], [ 637999.624947838718072, 2493624.256137097254395 ], [ 637999.578149638371542, 2493624.37747857440263 ], [ 637999.5625, 2493624.5 ], [ 637999.578149638371542, 2493624.62252142559737 ], [ 637999.624947838718072, 2493624.743862902745605 ], [ 637999.702443908900023, 2493624.862855846527964 ], [ 637999.809891519369557, 2493624.978354290593415 ], [ 637999.946255890885368, 2493625.089245921000838 ], [ 638000.110223760013469, 2493625.194462791085243 ], [ 638000.300216026604176, 2493625.292991605121642 ], [ 638000.514402961125597, 2493625.383883476257324 ], [ 638000.750721826450899, 2493625.466263066511601 ], [ 638001.006896742735989, 2493625.53933701524511 ], [ 638001.280460605281405, 2493625.602401580661535 ], [ 638001.568778844783083, 2493625.654849415645003 ], [ 638001.869074798887596, 2493625.696175419725478 ], [ 638002.178456453490071, 2493625.7259816005826 ], [ 638002.493944293935783, 2493625.743980908300728 ], [ 638002.8125, 2493625.75 ], [ 638003.131055706064217, 2493625.743980908300728 ], [ 638003.446543546509929, 2493625.7259816005826 ], [ 638003.755925201112404, 2493625.696175419725478 ], [ 638004.056221155216917, 2493625.654849415645003 ], [ 638004.344539394718595, 2493625.602401580661535 ], [ 638004.618103257264011, 2493625.53933701524511 ], [ 638004.874278173549101, 2493625.466263066511601 ], [ 638005.110597038874403, 2493625.383883476257324 ], [ 638005.324783973395824, 2493625.292991605121642 ], [ 638005.514776239986531, 2493625.194462791085243 ], [ 638005.678744109114632, 2493625.089245921000838 ], [ 638005.815108480630443, 2493624.978354290593415 ], [ 638005.922556091099977, 2493624.862855846527964 ], [ 638006.000052161281928, 2493624.743862902745605 ], [ 638006.046850361628458, 2493624.62252142559737 ], [ 638006.0625, 2493624.5 ] ] ] } },
{ "type": "Feature", "properties": { "xmin": 160.12459, "ymin": 320.0, "xmax": 183.65895, "ymax": 329.41901, "score": 0.3405945, "label": "Tree", "tile_idx": 4, "geo_xmin": 637941.69, "geo_ymin": 2493815.0, "geo_xmax": 637948.0, "geo_ymax": 2493817.5, "center_x": 637944.88, "center_y": 2493816.2, "width_m": 6.3125, "height_m": 2.5, "crown_diameter_m": 3.9725621, "lon": 88.341508565345862, "lat": 22.545398943515821, "crown_area_raw_m2": 12.394566, "crown_area_calibrated_m2": 14.873479, "agb_tree_kg": 19.848027540218212 }, "geometry": { "type": "Polygon", "coordinates": [ [ [ 637948.03125, 2493816.25 ], [ 637948.016051793587394, 2493816.12747857440263 ], [ 637947.970603541238233, 2493816.006137097254395 ], [ 637947.89534293464385, 2493815.887144153472036 ], [ 637947.790994774433784, 2493815.771645709406585 ], [ 637947.658563990611583, 2493815.660754078999162 ], [ 637947.499325963784941, 2493815.555537208914757 ], [ 637947.314814243465662, 2493815.457008394878358 ], [ 637947.106805778108537, 2493815.366116523742676 ], [ 637946.87730380310677, 2493815.283736933488399 ], [ 637946.628518547979183, 2493815.21066298475489 ], [ 637946.362845950643532, 2493815.147598419338465 ], [ 637946.082844583434053, 2493815.095150584354997 ], [ 637945.791211012634449, 2493815.053824580274522 ], [ 637945.490753828897141, 2493815.0240183994174 ], [ 637945.18436659919098, 2493815.006019091699272 ], [ 637944.875, 2493815.0 ], [ 637944.56563340080902, 2493815.006019091699272 ], [ 637944.259246171102859, 2493815.0240183994174 ], [ 637943.958788987365551, 2493815.053824580274522 ], [ 637943.667155416565947, 2493815.095150584354997 ], [ 637943.387154049356468, 2493815.147598419338465 ], [ 637943.121481452020817, 2493815.21066298475489 ], [ 637942.87269619689323, 2493815.283736933488399 ], [ 637942.643194221891463, 2493815.366116523742676 ], [ 637942.435185756534338, 2493815.457008394878358 ], [ 637942.250674036215059, 2493815.555537208914757 ], [ 637942.091436009388417, 2493815.660754078999162 ], [ 637941.959005225566216, 2493815.771645709406585 ], [ 637941.85465706535615, 2493815.887144153472036 ], [ 637941.779396458761767, 2493816.006137097254395 ], [ 637941.733948206412606, 2493816.12747857440263 ], [ 637941.71875, 2493816.25 ], [ 637941.733948206412606, 2493816.37252142559737 ], [ 637941.779396458761767, 2493816.493862902745605 ], [ 637941.85465706535615, 2493816.612855846527964 ], [ 637941.959005225566216, 2493816.728354290593415 ], [ 637942.091436009388417, 2493816.839245921000838 ], [ 637942.250674036215059, 2493816.944462791085243 ], [ 637942.435185756534338, 2493817.042991605121642 ], [ 637942.643194221891463, 2493817.133883476257324 ], [ 637942.87269619689323, 2493817.216263066511601 ], [ 637943.121481452020817, 2493817.28933701524511 ], [ 637943.387154049356468, 2493817.352401580661535 ], [ 637943.667155416565947, 2493817.404849415645003 ], [ 637943.958788987365551, 2493817.446175419725478 ], [ 637944.259246171102859, 2493817.4759816005826 ], [ 637944.56563340080902, 2493817.493980908300728 ], [ 637944.875, 2493817.5 ], [ 637945.18436659919098, 2493817.493980908300728 ], [ 637945.490753828897141, 2493817.4759816005826 ], [ 637945.791211012634449, 2493817.446175419725478 ], [ 637946.082844583434053, 2493817.404849415645003 ], [ 637946.362845950643532, 2493817.352401580661535 ], [ 637946.628518547979183, 2493817.28933701524511 ], [ 637946.87730380310677, 2493817.216263066511601 ], [ 637947.106805778108537, 2493817.133883476257324 ], [ 637947.314814243465662, 2493817.042991605121642 ], [ 637947.499325963784941, 2493816.944462791085243 ], [ 637947.658563990611583, 2493816.839245921000838 ], [ 637947.790994774433784, 2493816.728354290593415 ], [ 637947.89534293464385, 2493816.612855846527964 ], [ 637947.970603541238233, 2493816.493862902745605 ], [ 637948.016051793587394, 2493816.37252142559737 ], [ 637948.03125, 2493816.25 ] ] ] } },
{ "type": "Feature", "properties": { "xmin": 34.015533, "ymin": 706.95862, "xmax": 69.006294, "ymax": 741.96088, "score": 0.33874178, "label": "Tree", "tile_idx": 12, "geo_xmin": 637907.62, "geo_ymin": 2493703.8, "geo_xmax": 637917.06, "geo_ymax": 2493713.0, "center_x": 637912.38, "center_y": 2493708.5, "width_m": 9.4375, "height_m": 9.25, "crown_diameter_m": 9.3432798, "lon": 88.341183166441752, "lat": 22.544428437277752, "crown_area_raw_m2": 68.562805, "crown_area_calibrated_m2": 82.275368, "agb_tree_kg": 155.10716605342887 }, "geometry": { "type": "Polygon", "coordinates": [ [ [ 637917.09375, 2493708.5 ], [ 637917.071027928963304, 2493708.04667072603479 ], [ 637917.003080541850068, 2493707.597707260865718 ], [ 637916.890562209184282, 2493707.157433367799968 ], [ 637916.734556543990038, 2493706.730089125223458 ], [ 637916.536565966089256, 2493706.319790092296898 ], [ 637916.298497233074158, 2493705.930487672332674 ], [ 637916.022643076837994, 2493705.565931060817093 ], [ 637915.711660123779438, 2493705.229631137102842 ], [ 637915.368543309625238, 2493704.924826653208584 ], [ 637914.996597037068568, 2493704.654453042894602 ], [ 637914.59940335189458, 2493704.421114152297378 ], [ 637914.180787446442991, 2493704.22705716220662 ], [ 637913.744780820794404, 2493704.074150947388262 ], [ 637913.295582456979901, 2493703.963868078310043 ], [ 637912.837518380954862, 2493703.897270638961345 ], [ 637912.375, 2493703.875 ], [ 637911.912481619045138, 2493703.897270638961345 ], [ 637911.454417543020099, 2493703.963868078310043 ], [ 637911.005219179205596, 2493704.074150947388262 ], [ 637910.569212553557009, 2493704.22705716220662 ], [ 637910.15059664810542, 2493704.421114152297378 ], [ 637909.753402962931432, 2493704.654453042894602 ], [ 637909.381456690374762, 2493704.924826653208584 ], [ 637909.038339876220562, 2493705.229631137102842 ], [ 637908.727356923162006, 2493705.565931060817093 ], [ 637908.451502766925842, 2493705.930487672332674 ], [ 637908.213434033910744, 2493706.319790092296898 ], [ 637908.015443456009962, 2493706.730089125223458 ], [ 637907.859437790815718, 2493707.157433367799968 ], [ 637907.746919458149932, 2493707.597707260865718 ], [ 637907.678972071036696, 2493708.04667072603479 ], [ 637907.65625, 2493708.5 ], [ 637907.678972071036696, 2493708.95332927396521 ], [ 637907.746919458149932, 2493709.402292739134282 ], [ 637907.859437790815718, 2493709.842566632200032 ], [ 637908.015443456009962, 2493710.269910874776542 ], [ 637908.213434033910744, 2493710.680209907703102 ], [ 637908.451502766925842, 2493711.069512327667326 ], [ 637908.727356923162006, 2493711.434068939182907 ], [ 637909.038339876220562, 2493711.770368862897158 ], [ 637909.381456690374762, 2493712.075173346791416 ], [ 637909.753402962931432, 2493712.345546957105398 ], [ 637910.15059664810542, 2493712.578885847702622 ], [ 637910.569212553557009, 2493712.77294283779338 ], [ 637911.005219179205596, 2493712.925849052611738 ], [ 637911.454417543020099, 2493713.036131921689957 ], [ 637911.912481619045138, 2493713.102729361038655 ], [ 637912.375, 2493713.125 ], [ 637912.837518380954862, 2493713.102729361038655 ], [ 637913.295582456979901, 2493713.036131921689957 ], [ 637913.744780820794404, 2493712.925849052611738 ], [ 637914.180787446442991, 2493712.77294283779338 ], [ 637914.59940335189458, 2493712.578885847702622 ], [ 637914.996597037068568, 2493712.345546957105398 ], [ 637915.368543309625238, 2493712.075173346791416 ], [ 637915.711660123779438, 2493711.770368862897158 ], [ 637916.022643076837994, 2493711.434068939182907 ], [ 637916.298497233074158, 2493711.069512327667326 ], [ 637916.536565966089256, 2493710.680209907703102 ], [ 637916.734556543990038, 2493710.269910874776542 ], [ 637916.890562209184282, 2493709.842566632200032 ], [ 637917.003080541850068, 2493709.402292739134282 ], [ 637917.071027928963304, 2493708.95332927396521 ], [ 637917.09375, 2493708.5 ] ] ] } },
{ "type": "Feature", "properties": { "xmin": 121.10821, "ymin": 423.95221, "xmax": 137.64772, "ymax": 441.50629, "score": 0.33575785, "label": "Tree", "tile_idx": 4, "geo_xmin": 637931.12, "geo_ymin": 2493784.8, "geo_xmax": 637935.62, "geo_ymax": 2493789.5, "center_x": 637933.38, "center_y": 2493787.0, "width_m": 4.5, "height_m": 4.75, "crown_diameter_m": 4.6233106, "lon": 88.341394198518287, "lat": 22.545135705429683, "crown_area_raw_m2": 16.787886, "crown_area_calibrated_m2": 20.145464, "agb_tree_kg": 28.582392887758836 }, "geometry": { "type": "Polygon", "coordinates": [ [ [ 637935.625, 2493787.0 ], [ 637935.614165634964593, 2493786.767209291923791 ], [ 637935.581766880932264, 2493786.536660485435277 ], [ 637935.528115755412728, 2493786.310573891736567 ], [ 637935.453728948137723, 2493786.091126848012209 ], [ 637935.359322844771668, 2493785.880432750098407 ], [ 637935.245806627674028, 2493785.680520696565509 ], [ 637935.114273520070128, 2493785.493315950036049 ], [ 637934.965990257682279, 2493785.32062139455229 ], [ 637934.802384889335372, 2493785.164100173395127 ], [ 637934.62503302434925, 2493785.025259670801461 ], [ 637934.435642657801509, 2493784.905436997301877 ], [ 637934.236037722788751, 2493784.805786110460758 ], [ 637934.028140523820184, 2493784.727266702800989 ], [ 637933.813953224569559, 2493784.670634958893061 ], [ 637933.595538565772586, 2493784.636436274275184 ], [ 637933.375, 2493784.625 ], [ 637933.154461434227414, 2493784.636436274275184 ], [ 637932.936046775430441, 2493784.670634958893061 ], [ 637932.721859476179816, 2493784.727266702800989 ], [ 637932.513962277211249, 2493784.805786110460758 ], [ 637932.314357342198491, 2493784.905436997301877 ], [ 637932.12496697565075, 2493785.025259670801461 ], [ 637931.947615110664628, 2493785.164100173395127 ], [ 637931.784009742317721, 2493785.32062139455229 ], [ 637931.635726479929872, 2493785.493315950036049 ], [ 637931.504193372325972, 2493785.680520696565509 ], [ 637931.390677155228332, 2493785.880432750098407 ], [ 637931.296271051862277, 2493786.091126848012209 ], [ 637931.221884244587272, 2493786.310573891736567 ], [ 637931.168233119067736, 2493786.536660485435277 ], [ 637931.135834365035407, 2493786.767209291923791 ], [ 637931.125, 2493787.0 ], [ 637931.135834365035407, 2493787.232790708076209 ], [ 637931.168233119067736, 2493787.463339514564723 ], [ 637931.221884244587272, 2493787.689426108263433 ], [ 637931.296271051862277, 2493787.908873151987791 ], [ 637931.390677155228332, 2493788.119567249901593 ], [ 637931.504193372325972, 2493788.319479303434491 ], [ 637931.635726479929872, 2493788.506684049963951 ], [ 637931.784009742317721, 2493788.67937860544771 ], [ 637931.947615110664628, 2493788.835899826604873 ], [ 637932.12496697565075, 2493788.974740329198539 ], [ 637932.314357342198491, 2493789.094563002698123 ], [ 637932.513962277211249, 2493789.194213889539242 ], [ 637932.721859476179816, 2493789.272733297199011 ], [ 637932.936046775430441, 2493789.329365041106939 ], [ 637933.154461434227414, 2493789.363563725724816 ], [ 637933.375, 2493789.375 ], [ 637933.595538565772586, 2493789.363563725724816 ], [ 637933.813953224569559, 2493789.329365041106939 ], [ 637934.028140523820184, 2493789.272733297199011 ], [ 637934.236037722788751, 2493789.194213889539242 ], [ 637934.435642657801509, 2493789.094563002698123 ], [ 637934.62503302434925, 2493788.974740329198539 ], [ 637934.802384889335372, 2493788.835899826604873 ], [ 637934.965990257682279, 2493788.67937860544771 ], [ 637935.114273520070128, 2493788.506684049963951 ], [ 637935.245806627674028, 2493788.319479303434491 ], [ 637935.359322844771668, 2493788.119567249901593 ], [ 637935.453728948137723, 2493787.908873151987791 ], [ 637935.528115755412728, 2493787.689426108263433 ], [ 637935.581766880932264, 2493787.463339514564723 ], [ 637935.614165634964593, 2493787.232790708076209 ], [ 637935.625, 2493787.0 ] ] ] } },
{ "type": "Feature", "properties": { "xmin": 348.7175, "ymin": 36.17662, "xmax": 389.83362, "ymax": 74.515747, "score": 0.33384997, "label": "Tree", "tile_idx": 1, "geo_xmin": 637992.56, "geo_ymin": 2493884.0, "geo_xmax": 638003.69, "geo_ymax": 2493894.2, "center_x": 637998.12, "center_y": 2493889.0, "width_m": 11.125, "height_m": 10.25, "crown_diameter_m": 10.678541, "lon": 88.342032664150963, "lat": 22.546051664029708, "crown_area_raw_m2": 89.559937, "crown_area_calibrated_m2": 107.47193, "agb_tree_kg": 213.84252915186505 }, "geometry": { "type": "Polygon", "coordinates": [ [ [ 638003.6875, 2493889.0 ], [ 638003.660715042147785, 2493888.497662155888975 ], [ 638003.580618122243322, 2493888.00016209948808 ], [ 638003.447980617522262, 2493887.51229102909565 ], [ 638003.264079899643548, 2493887.038747409358621 ], [ 638003.030687032965943, 2493886.584091723896563 ], [ 638002.750049718422815, 2493886.152702555991709 ], [ 638002.424870646791533, 2493885.748734418768436 ], [ 638002.058281470322981, 2493885.37607774650678 ], [ 638001.653812643140554, 2493885.038321426603943 ], [ 638001.215359421214089, 2493884.738718236796558 ], [ 638000.747144348570146, 2493884.480153520125896 ], [ 638000.253676592488773, 2493884.265117395669222 ], [ 637999.739708517212421, 2493884.095680779311806 ], [ 637999.210189916193485, 2493883.973475438077003 ], [ 637998.670220343046822, 2493883.899678275920451 ], [ 637998.125, 2493883.875 ], [ 637997.579779656953178, 2493883.899678275920451 ], [ 637997.039810083806515, 2493883.973475438077003 ], [ 637996.510291482787579, 2493884.095680779311806 ], [ 637995.996323407511227, 2493884.265117395669222 ], [ 637995.502855651429854, 2493884.480153520125896 ], [ 637995.034640578785911, 2493884.738718236796558 ], [ 637994.596187356859446, 2493885.038321426603943 ], [ 637994.191718529677019, 2493885.37607774650678 ], [ 637993.825129353208467, 2493885.748734418768436 ], [ 637993.499950281577185, 2493886.152702555991709 ], [ 637993.219312967034057, 2493886.584091723896563 ], [ 637992.985920100356452, 2493887.038747409358621 ], [ 637992.802019382477738, 2493887.51229102909565 ], [ 637992.669381877756678, 2493888.00016209948808 ], [ 637992.589284957852215, 2493888.497662155888975 ], [ 637992.5625, 2493889.0 ], [ 637992.589284957852215, 2493889.502337844111025 ], [ 637992.669381877756678, 2493889.99983790051192 ], [ 637992.802019382477738, 2493890.48770897090435 ], [ 637992.985920100356452, 2493890.961252590641379 ], [ 637993.219312967034057, 2493891.415908276103437 ], [ 637993.499950281577185, 2493891.847297444008291 ], [ 637993.825129353208467, 2493892.251265581231564 ], [ 637994.191718529677019, 2493892.62392225349322 ], [ 637994.596187356859446, 2493892.961678573396057 ], [ 637995.034640578785911, 2493893.261281763203442 ], [ 637995.502855651429854, 2493893.519846479874104 ], [ 637995.996323407511227, 2493893.734882604330778 ], [ 637996.510291482787579, 2493893.904319220688194 ], [ 637997.039810083806515, 2493894.026524561922997 ], [ 637997.579779656953178, 2493894.100321724079549 ], [ 637998.125, 2493894.125 ], [ 637998.670220343046822, 2493894.100321724079549 ], [ 637999.210189916193485, 2493894.026524561922997 ], [ 637999.739708517212421, 2493893.904319220688194 ], [ 638000.253676592488773, 2493893.734882604330778 ], [ 638000.747144348570146, 2493893.519846479874104 ], [ 638001.215359421214089, 2493893.261281763203442 ], [ 638001.653812643140554, 2493892.961678573396057 ], [ 638002.058281470322981, 2493892.62392225349322 ], [ 638002.424870646791533, 2493892.251265581231564 ], [ 638002.750049718422815, 2493891.847297444008291 ], [ 638003.030687032965943, 2493891.415908276103437 ], [ 638003.264079899643548, 2493890.961252590641379 ], [ 638003.447980617522262, 2493890.48770897090435 ], [ 638003.580618122243322, 2493889.99983790051192 ], [ 638003.660715042147785, 2493889.502337844111025 ], [ 638003.6875, 2493889.0 ] ] ] } },
{ "type": "Feature", "properties": { "xmin": 968.96936, "ymin": 997.30847, "xmax": 985.08313, "ymax": 1014.3059, "score": 0.33325604, "label": "Tree", "tile_idx": 14, "geo_xmin": 638160.06, "geo_ymin": 2493630.2, "geo_xmax": 638164.44, "geo_ymax": 2493634.8, "center_x": 638162.25, "center_y": 2493632.5, "width_m": 4.375, "height_m": 4.5, "crown_diameter_m": 4.4370599, "lon": 88.343606016777002, "lat": 22.543721770262998, "crown_area_raw_m2": 15.462527, "crown_area_calibrated_m2": 18.555033, "agb_tree_kg": 25.892172177110286 }, "geometry": { "type": "Polygon", "coordinates": [ [ [ 638164.4375, 2493632.5 ], [ 638164.426966589642689, 2493632.279461434110999 ], [ 638164.395467800903134, 2493632.061046775430441 ], [ 638164.343306984403171, 2493631.846859476063401 ], [ 638164.270986477378756, 2493631.638962277211249 ], [ 638164.179202765808441, 2493631.439357342198491 ], [ 638164.068839776911773, 2493631.249966975767165 ], [ 638163.940960366744548, 2493631.072615110781044 ], [ 638163.796796083799563, 2493630.909009742550552 ], [ 638163.637735309079289, 2493630.760726479813457 ], [ 638163.465309884748422, 2493630.629193372093141 ], [ 638163.281180361751467, 2493630.515677154995501 ], [ 638163.087120008305646, 2493630.421271051745862 ], [ 638162.884997731540352, 2493630.346884244587272 ], [ 638162.676760079455562, 2493630.293233118951321 ], [ 638162.464412494446151, 2493630.260834365151823 ], [ 638162.25, 2493630.25 ], [ 638162.035587505553849, 2493630.260834365151823 ], [ 638161.823239920544438, 2493630.293233118951321 ], [ 638161.615002268459648, 2493630.346884244587272 ], [ 638161.412879991694354, 2493630.421271051745862 ], [ 638161.218819638248533, 2493630.515677154995501 ], [ 638161.034690115251578, 2493630.629193372093141 ], [ 638160.862264690920711, 2493630.760726479813457 ], [ 638160.703203916200437, 2493630.909009742550552 ], [ 638160.559039633255452, 2493631.072615110781044 ], [ 638160.431160223088227, 2493631.249966975767165 ], [ 638160.320797234191559, 2493631.439357342198491 ], [ 638160.229013522621244, 2493631.638962277211249 ], [ 638160.156693015596829, 2493631.846859476063401 ], [ 638160.104532199096866, 2493632.061046775430441 ], [ 638160.073033410357311, 2493632.279461434110999 ], [ 638160.0625, 2493632.5 ], [ 638160.073033410357311, 2493632.720538565889001 ], [ 638160.104532199096866, 2493632.938953224569559 ], [ 638160.156693015596829, 2493633.153140523936599 ], [ 638160.229013522621244, 2493633.361037722788751 ], [ 638160.320797234191559, 2493633.560642657801509 ], [ 638160.431160223088227, 2493633.750033024232835 ], [ 638160.559039633255452, 2493633.927384889218956 ], [ 638160.703203916200437, 2493634.090990257449448 ], [ 638160.862264690920711, 2493634.239273520186543 ], [ 638161.034690115251578, 2493634.370806627906859 ], [ 638161.218819638248533, 2493634.484322845004499 ], [ 638161.412879991694354, 2493634.578728948254138 ], [ 638161.615002268459648, 2493634.653115755412728 ], [ 638161.823239920544438, 2493634.706766881048679 ], [ 638162.035587505553849, 2493634.739165634848177 ], [ 638162.25, 2493634.75 ], [ 638162.464412494446151, 2493634.739165634848177 ], [ 638162.676760079455562, 2493634.706766881048679 ], [ 638162.884997731540352, 2493634.653115755412728 ], [ 638163.087120008305646, 2493634.578728948254138 ], [ 638163.281180361751467, 2493634.484322845004499 ], [ 638163.465309884748422, 2493634.370806627906859 ], [ 638163.637735309079289, 2493634.239273520186543 ], [ 638163.796796083799563, 2493634.090990257449448 ], [ 638163.940960366744548, 2493633.927384889218956 ], [ 638164.068839776911773, 2493633.750033024232835 ], [ 638164.179202765808441, 2493633.560642657801509 ], [ 638164.270986477378756, 2493633.361037722788751 ], [ 638164.343306984403171, 2493633.153140523936599 ], [ 638164.395467800903134, 2493632.938953224569559 ], [ 638164.426966589642689, 2493632.720538565889001 ], [ 638164.4375, 2493632.5 ] ] ] } },
{ "type": "Feature", "properties": { "xmin": 854.37695, "ymin": 1013.5571, "xmax": 884.85596, "ymax": 1039.7361, "score": 0.31697795, "label": "Tree", "tile_idx": 11, "geo_xmin": 638129.12, "geo_ymin": 2493623.2, "geo_xmax": 638137.38, "geo_ymax": 2493630.2, "center_x": 638133.25, "center_y": 2493626.8, "width_m": 8.25, "height_m": 7.0, "crown_diameter_m": 7.5993419, "lon": 88.343323553280783, "lat": 22.54367219425923, "crown_area_raw_m2": 45.356747, "crown_area_calibrated_m2": 54.428097, "agb_tree_kg": 94.392365917344037 }, "geometry": { "type": "Polygon", "coordinates": [ [ [ 638137.375, 2493626.75 ], [ 638137.355136997532099, 2493626.406940008979291 ], [ 638137.295739281689748, 2493626.067183873150498 ], [ 638137.197378884884529, 2493625.734003629535437 ], [ 638137.061003071605228, 2493625.410607986617833 ], [ 638136.887925215414725, 2493625.100111421197653 ], [ 638136.679812150774524, 2493624.805504184216261 ], [ 638136.438668120070361, 2493624.529623505659401 ], [ 638136.166815472417511, 2493624.275126265827566 ], [ 638135.86687229713425, 2493624.044463413301855 ], [ 638135.541727211209945, 2493623.839856356848031 ], [ 638135.194511539419182, 2493623.663275574799627 ], [ 638134.828569158562459, 2493623.516421636100858 ], [ 638134.447424293728545, 2493623.400708824861795 ], [ 638134.05474757833872, 2493623.317251518368721 ], [ 638133.654320703819394, 2493623.266853456851095 ], [ 638133.25, 2493623.25 ], [ 638132.845679296180606, 2493623.266853456851095 ], [ 638132.44525242166128, 2493623.317251518368721 ], [ 638132.052575706271455, 2493623.400708824861795 ], [ 638131.671430841437541, 2493623.516421636100858 ], [ 638131.305488460580818, 2493623.663275574799627 ], [ 638130.958272788790055, 2493623.839856356848031 ], [ 638130.63312770286575, 2493624.044463413301855 ], [ 638130.333184527582489, 2493624.275126265827566 ], [ 638130.061331879929639, 2493624.529623505659401 ], [ 638129.820187849225476, 2493624.805504184216261 ], [ 638129.612074784585275, 2493625.100111421197653 ], [ 638129.438996928394772, 2493625.410607986617833 ], [ 638129.302621115115471, 2493625.734003629535437 ], [ 638129.204260718310252, 2493626.067183873150498 ], [ 638129.144863002467901, 2493626.406940008979291 ], [ 638129.125, 2493626.75 ], [ 638129.144863002467901, 2493627.093059991020709 ], [ 638129.204260718310252, 2493627.432816126849502 ], [ 638129.302621115115471, 2493627.765996370464563 ], [ 638129.438996928394772, 2493628.089392013382167 ], [ 638129.612074784585275, 2493628.399888578802347 ], [ 638129.820187849225476, 2493628.694495815783739 ], [ 638130.061331879929639, 2493628.970376494340599 ], [ 638130.333184527582489, 2493629.224873734172434 ], [ 638130.63312770286575, 2493629.455536586698145 ], [ 638130.958272788790055, 2493629.660143643151969 ], [ 638131.305488460580818, 2493629.836724425200373 ], [ 638131.671430841437541, 2493629.983578363899142 ], [ 638132.052575706271455, 2493630.099291175138205 ], [ 638132.44525242166128, 2493630.182748481631279 ], [ 638132.845679296180606, 2493630.233146543148905 ], [ 638133.25, 2493630.25 ], [ 638133.654320703819394, 2493630.233146543148905 ], [ 638134.05474757833872, 2493630.182748481631279 ], [ 638134.447424293728545, 2493630.099291175138205 ], [ 638134.828569158562459, 2493629.983578363899142 ], [ 638135.194511539419182, 2493629.836724425200373 ], [ 638135.541727211209945, 2493629.660143643151969 ], [ 638135.86687229713425, 2493629.455536586698145 ], [ 638136.166815472417511, 2493629.224873734172434 ], [ 638136.438668120070361, 2493628.970376494340599 ], [ 638136.679812150774524, 2493628.694495815783739 ], [ 638136.887925215414725, 2493628.399888578802347 ], [ 638137.061003071605228, 2493628.089392013382167 ], [ 638137.197378884884529, 2493627.765996370464563 ], [ 638137.295739281689748, 2493627.432816126849502 ], [ 638137.355136997532099, 2493627.093059991020709 ], [ 638137.375, 2493626.75 ] ] ] } },
{ "type": "Feature", "properties": { "xmin": 929.82867, "ymin": 118.16119, "xmax": 962.15753, "ymax": 149.35535, "score": 0.31573892, "label": "Tree", "tile_idx": 2, "geo_xmin": 638149.5, "geo_ymin": 2493863.8, "geo_xmax": 638158.25, "geo_ymax": 2493872.0, "center_x": 638153.88, "center_y": 2493868.0, "width_m": 8.75, "height_m": 8.25, "crown_diameter_m": 8.4963226, "lon": 88.343545178145789, "lat": 22.545849360739023, "crown_area_raw_m2": 56.695934, "crown_area_calibrated_m2": 68.035126, "agb_tree_kg": 123.43056679220352 }, "geometry": { "type": "Polygon", "coordinates": [ [ [ 638158.25, 2493868.0 ], [ 638158.228933179168962, 2493867.595679296180606 ], [ 638158.165935601806268, 2493867.195252421777695 ], [ 638158.061613968806341, 2493866.802575706504285 ], [ 638157.916972954757512, 2493866.421430841553956 ], [ 638157.733405531500466, 2493866.055488460697234 ], [ 638157.512679553823546, 2493865.708272788673639 ], [ 638157.256920733489096, 2493865.38312770286575 ], [ 638156.968592167715542, 2493865.083184527698904 ], [ 638156.650470618158579, 2493864.811331879813224 ], [ 638156.305619769496843, 2493864.570187849458307 ], [ 638155.937360723619349, 2493864.362074784468859 ], [ 638155.549240016611293, 2493864.188996928278357 ], [ 638155.144995462964289, 2493864.052621114999056 ], [ 638154.728520158794709, 2493863.954260718543082 ], [ 638154.303824988892302, 2493863.894863002467901 ], [ 638153.875, 2493863.875 ], [ 638153.446175011107698, 2493863.894863002467901 ], [ 638153.021479841205291, 2493863.954260718543082 ], [ 638152.605004537035711, 2493864.052621114999056 ], [ 638152.200759983388707, 2493864.188996928278357 ], [ 638151.812639276380651, 2493864.362074784468859 ], [ 638151.444380230503157, 2493864.570187849458307 ], [ 638151.099529381841421, 2493864.811331879813224 ], [ 638150.781407832284458, 2493865.083184527698904 ], [ 638150.493079266510904, 2493865.38312770286575 ], [ 638150.237320446176454, 2493865.708272788673639 ], [ 638150.016594468499534, 2493866.055488460697234 ], [ 638149.833027045242488, 2493866.421430841553956 ], [ 638149.688386031193659, 2493866.802575706504285 ], [ 638149.584064398193732, 2493867.195252421777695 ], [ 638149.521066820831038, 2493867.595679296180606 ], [ 638149.5, 2493868.0 ], [ 638149.521066820831038, 2493868.404320703819394 ], [ 638149.584064398193732, 2493868.804747578222305 ], [ 638149.688386031193659, 2493869.197424293495715 ], [ 638149.833027045242488, 2493869.578569158446044 ], [ 638150.016594468499534, 2493869.944511539302766 ], [ 638150.237320446176454, 2493870.291727211326361 ], [ 638150.493079266510904, 2493870.61687229713425 ], [ 638150.781407832284458, 2493870.916815472301096 ], [ 638151.099529381841421, 2493871.188668120186776 ], [ 638151.444380230503157, 2493871.429812150541693 ], [ 638151.812639276380651, 2493871.637925215531141 ], [ 638152.200759983388707, 2493871.811003071721643 ], [ 638152.605004537035711, 2493871.947378885000944 ], [ 638153.021479841205291, 2493872.045739281456918 ], [ 638153.446175011107698, 2493872.105136997532099 ], [ 638153.875, 2493872.125 ], [ 638154.303824988892302, 2493872.105136997532099 ], [ 638154.728520158794709, 2493872.045739281456918 ], [ 638155.144995462964289, 2493871.947378885000944 ], [ 638155.549240016611293, 2493871.811003071721643 ], [ 638155.937360723619349, 2493871.637925215531141 ], [ 638156.305619769496843, 2493871.429812150541693 ], [ 638156.650470618158579, 2493871.188668120186776 ], [ 638156.968592167715542, 2493870.916815472301096 ], [ 638157.256920733489096, 2493870.61687229713425 ], [ 638157.512679553823546, 2493870.291727211326361 ], [ 638157.733405531500466, 2493869.944511539302766 ], [ 638157.916972954757512, 2493869.578569158446044 ], [ 638158.061613968806341, 2493869.197424293495715 ], [ 638158.165935601806268, 2493868.804747578222305 ], [ 638158.228933179168962, 2493868.404320703819394 ], [ 638158.25, 2493868.0 ] ] ] } },
{ "type": "Feature", "properties": { "xmin": 926.81793, "ymin": 859.57257, "xmax": 947.07788, "ymax": 879.71136, "score": 0.31539515, "label": "Tree", "tile_idx": 15, "geo_xmin": 638148.69, "geo_ymin": 2493666.5, "geo_xmax": 638154.12, "geo_ymax": 2493672.0, "center_x": 638151.38, "center_y": 2493669.2, "width_m": 5.4375, "height_m": 5.5, "crown_diameter_m": 5.4686608, "lon": 88.343503494276177, "lat": 22.544054559854544, "crown_area_raw_m2": 23.488316, "crown_area_calibrated_m2": 28.18598, "agb_tree_kg": 42.797392301097155 }, "geometry": { "type": "Polygon", "coordinates": [ [ [ 638154.09375, 2493669.25 ], [ 638154.080658475635573, 2493668.980452863965183 ], [ 638154.041509981150739, 2493668.713501614518464 ], [ 638153.976681537809782, 2493668.451717137359083 ], [ 638153.886797479004599, 2493668.19762056088075 ], [ 638153.772723437403329, 2493667.953658973798156 ], [ 638153.635558008449152, 2493667.7221818594262 ], [ 638153.476622170070186, 2493667.505418468732387 ], [ 638153.297446561395191, 2493667.30545635195449 ], [ 638153.099756741314195, 2493667.124221253208816 ], [ 638152.885456571006216, 2493666.963458565995097 ], [ 638152.656609878293239, 2493666.824716522824019 ], [ 638152.415420581703074, 2493666.709331285674125 ], [ 638152.164211466326378, 2493666.618414076510817 ], [ 638151.905401812982745, 2493666.552840478718281 ], [ 638151.641484100255184, 2493666.513242001645267 ], [ 638151.375, 2493666.5 ], [ 638151.108515899744816, 2493666.513242001645267 ], [ 638150.844598187017255, 2493666.552840478718281 ], [ 638150.585788533673622, 2493666.618414076510817 ], [ 638150.334579418296926, 2493666.709331285674125 ], [ 638150.093390121706761, 2493666.824716522824019 ], [ 638149.864543428993784, 2493666.963458565995097 ], [ 638149.650243258685805, 2493667.124221253208816 ], [ 638149.452553438604809, 2493667.30545635195449 ], [ 638149.273377829929814, 2493667.505418468732387 ], [ 638149.114441991550848, 2493667.7221818594262 ], [ 638148.977276562596671, 2493667.953658973798156 ], [ 638148.863202520995401, 2493668.19762056088075 ], [ 638148.773318462190218, 2493668.451717137359083 ], [ 638148.708490018849261, 2493668.713501614518464 ], [ 638148.669341524364427, 2493668.980452863965183 ], [ 638148.65625, 2493669.25 ], [ 638148.669341524364427, 2493669.519547136034817 ], [ 638148.708490018849261, 2493669.786498385481536 ], [ 638148.773318462190218, 2493670.048282862640917 ], [ 638148.863202520995401, 2493670.30237943911925 ], [ 638148.977276562596671, 2493670.546341026201844 ], [ 638149.114441991550848, 2493670.7778181405738 ], [ 638149.273377829929814, 2493670.994581531267613 ], [ 638149.452553438604809, 2493671.19454364804551 ], [ 638149.650243258685805, 2493671.375778746791184 ], [ 638149.864543428993784, 2493671.536541434004903 ], [ 638150.093390121706761, 2493671.675283477175981 ], [ 638150.334579418296926, 2493671.790668714325875 ], [ 638150.585788533673622, 2493671.881585923489183 ], [ 638150.844598187017255, 2493671.947159521281719 ], [ 638151.108515899744816, 2493671.986757998354733 ], [ 638151.375, 2493672.0 ], [ 638151.641484100255184, 2493671.986757998354733 ], [ 638151.905401812982745, 2493671.947159521281719 ], [ 638152.164211466326378, 2493671.881585923489183 ], [ 638152.415420581703074, 2493671.790668714325875 ], [ 638152.656609878293239, 2493671.675283477175981 ], [ 638152.885456571006216, 2493671.536541434004903 ], [ 638153.099756741314195, 2493671.375778746791184 ], [ 638153.297446561395191, 2493671.19454364804551 ], [ 638153.476622170070186, 2493670.994581531267613 ], [ 638153.635558008449152, 2493670.7778181405738 ], [ 638153.772723437403329, 2493670.546341026201844 ], [ 638153.886797479004599, 2493670.30237943911925 ], [ 638153.976681537809782, 2493670.048282862640917 ], [ 638154.041509981150739, 2493669.786498385481536 ], [ 638154.080658475635573, 2493669.519547136034817 ], [ 638154.09375, 2493669.25 ] ] ] } },
{ "type": "Feature", "properties": { "xmin": 900.51392, "ymin": 703.64111, "xmax": 929.68762, "ymax": 718.90332, "score": 0.3150413, "label": "Tree", "tile_idx": 7, "geo_xmin": 638141.56, "geo_ymin": 2493710.0, "geo_xmax": 638149.44, "geo_ymax": 2493714.0, "center_x": 638145.5, "center_y": 2493712.0, "width_m": 7.875, "height_m": 4.0, "crown_diameter_m": 5.6124859, "lon": 88.343450110039413, "lat": 22.544441132170714, "crown_area_raw_m2": 24.740044, "crown_area_calibrated_m2": 29.688053, "agb_tree_kg": 45.553385541002356 }, "geometry": { "type": "Polygon", "coordinates": [ [ [ 638149.4375, 2493712.0 ], [ 638149.418539861217141, 2493711.803965719416738 ], [ 638149.361842041602358, 2493711.60981935588643 ], [ 638149.267952571972273, 2493711.41943064564839 ], [ 638149.137775659211911, 2493711.234633135143667 ], [ 638148.972564978408627, 2493711.057206526398659 ], [ 638148.773911598487757, 2493710.888859534170479 ], [ 638148.54372866009362, 2493710.731213431805372 ], [ 638148.28423295088578, 2493710.585786437615752 ], [ 638147.997923556366004, 2493710.453979093115777 ], [ 638147.687557792523876, 2493710.337060775607824 ], [ 638147.356124651269056, 2493710.236157471314073 ], [ 638147.006816014880314, 2493710.15224093478173 ], [ 638146.642995916656218, 2493710.0861193286255 ], [ 638146.268168142880313, 2493710.038429439067841 ], [ 638145.885942490072921, 2493710.009630546439439 ], [ 638145.5, 2493710.0 ], [ 638145.114057509927079, 2493710.009630546439439 ], [ 638144.731831857119687, 2493710.038429439067841 ], [ 638144.357004083343782, 2493710.0861193286255 ], [ 638143.993183985119686, 2493710.15224093478173 ], [ 638143.643875348730944, 2493710.236157471314073 ], [ 638143.312442207476124, 2493710.337060775607824 ], [ 638143.002076443633996, 2493710.453979093115777 ], [ 638142.71576704911422, 2493710.585786437615752 ], [ 638142.45627133990638, 2493710.731213431805372 ], [ 638142.226088401512243, 2493710.888859534170479 ], [ 638142.027435021591373, 2493711.057206526398659 ], [ 638141.862224340788089, 2493711.234633135143667 ], [ 638141.732047428027727, 2493711.41943064564839 ], [ 638141.638157958397642, 2493711.60981935588643 ], [ 638141.581460138782859, 2493711.803965719416738 ], [ 638141.5625, 2493712.0 ], [ 638141.581460138782859, 2493712.196034280583262 ], [ 638141.638157958397642, 2493712.39018064411357 ], [ 638141.732047428027727, 2493712.58056935435161 ], [ 638141.862224340788089, 2493712.765366864856333 ], [ 638142.027435021591373, 2493712.942793473601341 ], [ 638142.226088401512243, 2493713.111140465829521 ], [ 638142.45627133990638, 2493713.268786568194628 ], [ 638142.71576704911422, 2493713.414213562384248 ], [ 638143.002076443633996, 2493713.546020906884223 ], [ 638143.312442207476124, 2493713.662939224392176 ], [ 638143.643875348730944, 2493713.763842528685927 ], [ 638143.993183985119686, 2493713.84775906521827 ], [ 638144.357004083343782, 2493713.9138806713745 ], [ 638144.731831857119687, 2493713.961570560932159 ], [ 638145.114057509927079, 2493713.990369453560561 ], [ 638145.5, 2493714.0 ], [ 638145.885942490072921, 2493713.990369453560561 ], [ 638146.268168142880313, 2493713.961570560932159 ], [ 638146.642995916656218, 2493713.9138806713745 ], [ 638147.006816014880314, 2493713.84775906521827 ], [ 638147.356124651269056, 2493713.763842528685927 ], [ 638147.687557792523876, 2493713.662939224392176 ], [ 638147.997923556366004, 2493713.546020906884223 ], [ 638148.28423295088578, 2493713.414213562384248 ], [ 638148.54372866009362, 2493713.268786568194628 ], [ 638148.773911598487757, 2493713.111140465829521 ], [ 638148.972564978408627, 2493712.942793473601341 ], [ 638149.137775659211911, 2493712.765366864856333 ], [ 638149.267952571972273, 2493712.58056935435161 ], [ 638149.361842041602358, 2493712.39018064411357 ], [ 638149.418539861217141, 2493712.196034280583262 ], [ 638149.4375, 2493712.0 ] ] ] } },
{ "type": "Feature", "properties": { "xmin": 711.44928, "ymin": 969.74194, "xmax": 720.0, "ymax": 998.10425, "score": 0.31493863, "label": "Tree", "tile_idx": 9, "geo_xmin": 638090.5, "geo_ymin": 2493634.5, "geo_xmax": 638092.81, "geo_ymax": 2493642.2, "center_x": 638091.62, "center_y": 2493638.5, "width_m": 2.3125, "height_m": 7.75, "crown_diameter_m": 4.2334237, "lon": 88.342919869051329, "lat": 22.543781693308464, "crown_area_raw_m2": 14.075808, "crown_area_calibrated_m2": 16.89097, "agb_tree_kg": 23.12694926228599 }, "geometry": { "type": "Polygon", "coordinates": [ [ [ 638092.78125, 2493638.5 ], [ 638092.775682340259664, 2493638.120183581020683 ], [ 638092.759032980422489, 2493637.744025002233684 ], [ 638092.731462263152935, 2493637.375146875623614 ], [ 638092.693235709448345, 2493637.017101699486375 ], [ 638092.644721461925656, 2493636.673337644897401 ], [ 638092.58638673927635, 2493636.347165347076952 ], [ 638092.518793336697854, 2493636.041726023890078 ], [ 638092.442592215724289, 2493635.759961222764105 ], [ 638092.358517234795727, 2493635.504584493115544 ], [ 638092.267378081916831, 2493635.278055252507329 ], [ 638092.170052476925775, 2493635.082555100787431 ], [ 638092.067477718694136, 2493634.919966811314225 ], [ 638091.960641658050008, 2493634.791856199037284 ], [ 638091.85057318478357, 2493634.699457038659602 ], [ 638091.738332318491302, 2493634.643659184221178 ], [ 638091.625, 2493634.625 ], [ 638091.511667681508698, 2493634.643659184221178 ], [ 638091.39942681521643, 2493634.699457038659602 ], [ 638091.289358341949992, 2493634.791856199037284 ], [ 638091.182522281305864, 2493634.919966811314225 ], [ 638091.079947523074225, 2493635.082555100787431 ], [ 638090.982621918083169, 2493635.278055252507329 ], [ 638090.891482765204273, 2493635.504584493115544 ], [ 638090.807407784275711, 2493635.759961222764105 ], [ 638090.731206663302146, 2493636.041726023890078 ], [ 638090.66361326072365, 2493636.347165347076952 ], [ 638090.605278538074344, 2493636.673337644897401 ], [ 638090.556764290551655, 2493637.017101699486375 ], [ 638090.518537736847065, 2493637.375146875623614 ], [ 638090.490967019577511, 2493637.744025002233684 ], [ 638090.474317659740336, 2493638.120183581020683 ], [ 638090.46875, 2493638.5 ], [ 638090.474317659740336, 2493638.879816418979317 ], [ 638090.490967019577511, 2493639.255974997766316 ], [ 638090.518537736847065, 2493639.624853124376386 ], [ 638090.556764290551655, 2493639.982898300513625 ], [ 638090.605278538074344, 2493640.326662355102599 ], [ 638090.66361326072365, 2493640.652834652923048 ], [ 638090.731206663302146, 2493640.958273976109922 ], [ 638090.807407784275711, 2493641.240038777235895 ], [ 638090.891482765204273, 2493641.495415506884456 ], [ 638090.982621918083169, 2493641.721944747492671 ], [ 638091.079947523074225, 2493641.917444899212569 ], [ 638091.182522281305864, 2493642.080033188685775 ], [ 638091.289358341949992, 2493642.208143800962716 ], [ 638091.39942681521643, 2493642.300542961340398 ], [ 638091.511667681508698, 2493642.356340815778822 ], [ 638091.625, 2493642.375 ], [ 638091.738332318491302, 2493642.356340815778822 ], [ 638091.85057318478357, 2493642.300542961340398 ], [ 638091.960641658050008, 2493642.208143800962716 ], [ 638092.067477718694136, 2493642.080033188685775 ], [ 638092.170052476925775, 2493641.917444899212569 ], [ 638092.267378081916831, 2493641.721944747492671 ], [ 638092.358517234795727, 2493641.495415506884456 ], [ 638092.442592215724289, 2493641.240038777235895 ], [ 638092.518793336697854, 2493640.958273976109922 ], [ 638092.58638673927635, 2493640.652834652923048 ], [ 638092.644721461925656, 2493640.326662355102599 ], [ 638092.693235709448345, 2493639.982898300513625 ], [ 638092.731462263152935, 2493639.624853124376386 ], [ 638092.759032980422489, 2493639.255974997766316 ], [ 638092.775682340259664, 2493638.879816418979317 ], [ 638092.78125, 2493638.5 ] ] ] } },
{ "type": "Feature", "properties": { "xmin": 138.07283, "ymin": 893.53217, "xmax": 165.81114, "ymax": 920.66418, "score": 0.31204343, "label": "Tree", "tile_idx": 12, "geo_xmin": 637935.69, "geo_ymin": 2493655.5, "geo_xmax": 637943.19, "geo_ymax": 2493662.8, "center_x": 637939.44, "center_y": 2493659.0, "width_m": 7.5, "height_m": 7.25, "crown_diameter_m": 7.3739405, "lon": 88.341441970067933, "lat": 22.543979185121664, "crown_area_raw_m2": 42.706024, "crown_area_calibrated_m2": 51.247231, "agb_tree_kg": 87.801374250120148 }, "geometry": { "type": "Polygon", "coordinates": [ [ [ 637943.1875, 2493659.0 ], [ 637943.169442725018598, 2493658.644687866326421 ], [ 637943.115444801514968, 2493658.292797582689673 ], [ 637943.026026258943602, 2493657.947718044742942 ], [ 637942.90204824693501, 2493657.612772557884455 ], [ 637942.744704741286114, 2493657.291186829097569 ], [ 637942.555511046084575, 2493656.986057905480266 ], [ 637942.33628920011688, 2493656.700324344914407 ], [ 637942.089150429470465, 2493656.436737918294966 ], [ 637941.816474815597758, 2493656.197837106417865 ], [ 637941.520888373837806, 2493655.985922655556351 ], [ 637941.20523776311893, 2493655.803035416640341 ], [ 637940.872562871314585, 2493655.650936694815755 ], [ 637940.526067539700307, 2493655.531091283075511 ], [ 637940.169088707538322, 2493655.444653358310461 ], [ 637939.805064276210032, 2493655.392455365974456 ], [ 637939.4375, 2493655.375 ], [ 637939.069935723789968, 2493655.392455365974456 ], [ 637938.705911292461678, 2493655.444653358310461 ], [ 637938.348932460299693, 2493655.531091283075511 ], [ 637938.002437128685415, 2493655.650936694815755 ], [ 637937.66976223688107, 2493655.803035416640341 ], [ 637937.354111626162194, 2493655.985922655556351 ], [ 637937.058525184402242, 2493656.197837106417865 ], [ 637936.785849570529535, 2493656.436737918294966 ], [ 637936.53871079988312, 2493656.700324344914407 ], [ 637936.319488953915425, 2493656.986057905480266 ], [ 637936.130295258713886, 2493657.291186829097569 ], [ 637935.97295175306499, 2493657.612772557884455 ], [ 637935.848973741056398, 2493657.947718044742942 ], [ 637935.759555198485032, 2493658.292797582689673 ], [ 637935.705557274981402, 2493658.644687866326421 ], [ 637935.6875, 2493659.0 ], [ 637935.705557274981402, 2493659.355312133673579 ], [ 637935.759555198485032, 2493659.707202417310327 ], [ 637935.848973741056398, 2493660.052281955257058 ], [ 637935.97295175306499, 2493660.387227442115545 ], [ 637936.130295258713886, 2493660.708813170902431 ], [ 637936.319488953915425, 2493661.013942094519734 ], [ 637936.53871079988312, 2493661.299675655085593 ], [ 637936.785849570529535, 2493661.563262081705034 ], [ 637937.058525184402242, 2493661.802162893582135 ], [ 637937.354111626162194, 2493662.014077344443649 ], [ 637937.66976223688107, 2493662.196964583359659 ], [ 637938.002437128685415, 2493662.349063305184245 ], [ 637938.348932460299693, 2493662.468908716924489 ], [ 637938.705911292461678, 2493662.555346641689539 ], [ 637939.069935723789968, 2493662.607544634025544 ], [ 637939.4375, 2493662.625 ], [ 637939.805064276210032, 2493662.607544634025544 ], [ 637940.169088707538322, 2493662.555346641689539 ], [ 637940.526067539700307, 2493662.468908716924489 ], [ 637940.872562871314585, 2493662.349063305184245 ], [ 637941.20523776311893, 2493662.196964583359659 ], [ 637941.520888373837806, 2493662.014077344443649 ], [ 637941.816474815597758, 2493661.802162893582135 ], [ 637942.089150429470465, 2493661.563262081705034 ], [ 637942.33628920011688, 2493661.299675655085593 ], [ 637942.555511046084575, 2493661.013942094519734 ], [ 637942.744704741286114, 2493660.708813170902431 ], [ 637942.90204824693501, 2493660.387227442115545 ], [ 637943.026026258943602, 2493660.052281955257058 ], [ 637943.115444801514968, 2493659.707202417310327 ], [ 637943.169442725018598, 2493659.355312133673579 ], [ 637943.1875, 2493659.0 ] ] ] } },
{ "type": "Feature", "properties": { "xmin": 14.321657, "ymin": 1002.7552, "xmax": 32.911758, "ymax": 1022.0536, "score": 0.31107876, "label": "Tree", "tile_idx": 12, "geo_xmin": 637902.31, "geo_ymin": 2493628.0, "geo_xmax": 637907.31, "geo_ymax": 2493633.2, "center_x": 637904.81, "center_y": 2493630.5, "width_m": 5.0, "height_m": 5.25, "crown_diameter_m": 5.1234756, "lon": 88.341102830442978, "lat": 22.54372459520394, "crown_area_raw_m2": 20.616703, "crown_area_calibrated_m2": 24.740046, "agb_tree_kg": 36.588522485870328 }, "geometry": { "type": "Polygon", "coordinates": [ [ [ 637907.3125, 2493630.5 ], [ 637907.300461816717871, 2493630.242705006618053 ], [ 637907.264463201048784, 2493629.987887904513627 ], [ 637907.20485083933454, 2493629.738002722151577 ], [ 637907.122198831290007, 2493629.49545599007979 ], [ 637907.017303160857409, 2493629.26258356589824 ], [ 637906.89117403072305, 2493629.041628138162196 ], [ 637906.745026133372448, 2493628.83471762901172 ], [ 637906.58026695298031, 2493628.64384469948709 ], [ 637906.3984832103597, 2493628.470847560092807 ], [ 637906.201425582519732, 2493628.317392267752439 ], [ 637905.990991842118092, 2493628.184956680983305 ], [ 637905.769208580954, 2493628.074816226959229 ], [ 637905.538211693172343, 2493627.988031618762761 ], [ 637905.300225805025548, 2493627.925438638776541 ], [ 637905.057542850845493, 2493627.887640092521906 ], [ 637904.8125, 2493627.875 ], [ 637904.567457149154507, 2493627.887640092521906 ], [ 637904.324774194974452, 2493627.925438638776541 ], [ 637904.086788306827657, 2493627.988031618762761 ], [ 637903.855791419046, 2493628.074816226959229 ], [ 637903.634008157881908, 2493628.184956680983305 ], [ 637903.423574417480268, 2493628.317392267752439 ], [ 637903.2265167896403, 2493628.470847560092807 ], [ 637903.04473304701969, 2493628.64384469948709 ], [ 637902.879973866627552, 2493628.83471762901172 ], [ 637902.73382596927695, 2493629.041628138162196 ], [ 637902.607696839142591, 2493629.26258356589824 ], [ 637902.502801168709993, 2493629.49545599007979 ], [ 637902.42014916066546, 2493629.738002722151577 ], [ 637902.360536798951216, 2493629.987887904513627 ], [ 637902.324538183282129, 2493630.242705006618053 ], [ 637902.3125, 2493630.5 ], [ 637902.324538183282129, 2493630.757294993381947 ], [ 637902.360536798951216, 2493631.012112095486373 ], [ 637902.42014916066546, 2493631.261997277848423 ], [ 637902.502801168709993, 2493631.50454400992021 ], [ 637902.607696839142591, 2493631.73741643410176 ], [ 637902.73382596927695, 2493631.958371861837804 ], [ 637902.879973866627552, 2493632.16528237098828 ], [ 637903.04473304701969, 2493632.35615530051291 ], [ 637903.2265167896403, 2493632.529152439907193 ], [ 637903.423574417480268, 2493632.682607732247561 ], [ 637903.634008157881908, 2493632.815043319016695 ], [ 637903.855791419046, 2493632.925183773040771 ], [ 637904.086788306827657, 2493633.011968381237239 ], [ 637904.324774194974452, 2493633.074561361223459 ], [ 637904.567457149154507, 2493633.112359907478094 ], [ 637904.8125, 2493633.125 ], [ 637905.057542850845493, 2493633.112359907478094 ], [ 637905.300225805025548, 2493633.074561361223459 ], [ 637905.538211693172343, 2493633.011968381237239 ], [ 637905.769208580954, 2493632.925183773040771 ], [ 637905.990991842118092, 2493632.815043319016695 ], [ 637906.201425582519732, 2493632.682607732247561 ], [ 637906.3984832103597, 2493632.529152439907193 ], [ 637906.58026695298031, 2493632.35615530051291 ], [ 637906.745026133372448, 2493632.16528237098828 ], [ 637906.89117403072305, 2493631.958371861837804 ], [ 637907.017303160857409, 2493631.73741643410176 ], [ 637907.122198831290007, 2493631.50454400992021 ], [ 637907.20485083933454, 2493631.261997277848423 ], [ 637907.264463201048784, 2493631.012112095486373 ], [ 637907.300461816717871, 2493630.757294993381947 ], [ 637907.3125, 2493630.5 ] ] ] } },
{ "type": "Feature", "properties": { "xmin": 899.94312, "ymin": 945.70483, "xmax": 941.90247, "ymax": 988.98907, "score": 0.30482012, "label": "Tree", "tile_idx": 14, "geo_xmin": 638141.44, "geo_ymin": 2493637.0, "geo_xmax": 638152.75, "geo_ymax": 2493648.8, "center_x": 638147.12, "center_y": 2493643.0, "width_m": 11.3125, "height_m": 11.75, "crown_diameter_m": 11.529175, "lon": 88.343459877513894, "lat": 22.543817828959391, "crown_area_raw_m2": 104.3966, "crown_area_calibrated_m2": 125.27592, "agb_tree_kg": 257.10726017397161 }, "geometry": { "type": "Polygon", "coordinates": [ [ [ 638152.78125, 2493643.0 ], [ 638152.754013610188849, 2493642.424149300437421 ], [ 638152.672566742287017, 2493641.853844358120114 ], [ 638152.53769377397839, 2493641.294577521272004 ], [ 638152.350693605723791, 2493640.751734834630042 ], [ 638152.113367151468992, 2493640.23054417129606 ], [ 638151.827999994624406, 2493639.73602488078177 ], [ 638151.49734037683811, 2493639.27293945569545 ], [ 638151.124572731088847, 2493638.845747660379857 ], [ 638150.713287013582885, 2493638.458563586696982 ], [ 638150.267444130498916, 2493638.115116027649492 ], [ 638149.791337792645209, 2493637.818712572101504 ], [ 638149.289553164271638, 2493637.572207746561617 ], [ 638148.766922705690376, 2493637.377975527662784 ], [ 638148.228479633922689, 2493637.237886477727443 ], [ 638147.679409450036474, 2493637.153289730660617 ], [ 638147.125, 2493637.125 ], [ 638146.570590549963526, 2493637.153289730660617 ], [ 638146.021520366077311, 2493637.237886477727443 ], [ 638145.483077294309624, 2493637.377975527662784 ], [ 638144.960446835728362, 2493637.572207746561617 ], [ 638144.458662207354791, 2493637.818712572101504 ], [ 638143.982555869501084, 2493638.115116027649492 ], [ 638143.536712986417115, 2493638.458563586696982 ], [ 638143.125427268911153, 2493638.845747660379857 ], [ 638142.75265962316189, 2493639.27293945569545 ], [ 638142.422000005375594, 2493639.73602488078177 ], [ 638142.136632848531008, 2493640.23054417129606 ], [ 638141.899306394276209, 2493640.751734834630042 ], [ 638141.71230622602161, 2493641.294577521272004 ], [ 638141.577433257712983, 2493641.853844358120114 ], [ 638141.495986389811151, 2493642.424149300437421 ], [ 638141.46875, 2493643.0 ], [ 638141.495986389811151, 2493643.575850699562579 ], [ 638141.577433257712983, 2493644.146155641879886 ], [ 638141.71230622602161, 2493644.705422478727996 ], [ 638141.899306394276209, 2493645.248265165369958 ], [ 638142.136632848531008, 2493645.76945582870394 ], [ 638142.422000005375594, 2493646.26397511921823 ], [ 638142.75265962316189, 2493646.72706054430455 ], [ 638143.125427268911153, 2493647.154252339620143 ], [ 638143.536712986417115, 2493647.541436413303018 ], [ 638143.982555869501084, 2493647.884883972350508 ], [ 638144.458662207354791, 2493648.181287427898496 ], [ 638144.960446835728362, 2493648.427792253438383 ], [ 638145.483077294309624, 2493648.622024472337216 ], [ 638146.021520366077311, 2493648.762113522272557 ], [ 638146.570590549963526, 2493648.846710269339383 ], [ 638147.125, 2493648.875 ], [ 638147.679409450036474, 2493648.846710269339383 ], [ 638148.228479633922689, 2493648.762113522272557 ], [ 638148.766922705690376, 2493648.622024472337216 ], [ 638149.289553164271638, 2493648.427792253438383 ], [ 638149.791337792645209, 2493648.181287427898496 ], [ 638150.267444130498916, 2493647.884883972350508 ], [ 638150.713287013582885, 2493647.541436413303018 ], [ 638151.124572731088847, 2493647.154252339620143 ], [ 638151.49734037683811, 2493646.72706054430455 ], [ 638151.827999994624406, 2493646.26397511921823 ], [ 638152.113367151468992, 2493645.76945582870394 ], [ 638152.350693605723791, 2493645.248265165369958 ], [ 638152.53769377397839, 2493644.705422478727996 ], [ 638152.672566742287017, 2493644.146155641879886 ], [ 638152.754013610188849, 2493643.575850699562579 ], [ 638152.78125, 2493643.0 ] ] ] } },
{ "type": "Feature", "properties": { "xmin": 1008.9341, "ymin": 710.47583, "xmax": 1031.7582, "ymax": 719.75708, "score": 0.30006912, "label": "Tree", "tile_idx": 7, "geo_xmin": 638170.88, "geo_ymin": 2493709.8, "geo_xmax": 638177.0, "geo_ymax": 2493712.2, "center_x": 638173.94, "center_y": 2493711.0, "width_m": 6.125, "height_m": 2.5, "crown_diameter_m": 3.9131191, "lon": 88.343726515824613, "lat": 22.544429791161487, "crown_area_raw_m2": 12.02641, "crown_area_calibrated_m2": 14.431693, "agb_tree_kg": 19.141539125195195 }, "geometry": { "type": "Polygon", "coordinates": [ [ [ 638177.0, 2493711.0 ], [ 638176.985253225429915, 2493710.87747857440263 ], [ 638176.941154921194538, 2493710.756137097254395 ], [ 638176.868129778187722, 2493710.637144153472036 ], [ 638176.766881068353541, 2493710.521645709406585 ], [ 638176.638383872108534, 2493710.410754078999162 ], [ 638176.483875687699765, 2493710.305537208914757 ], [ 638176.304844513419084, 2493710.207008394878358 ], [ 638176.103014517342672, 2493710.116116523742676 ], [ 638175.880329432780854, 2493710.033736933488399 ], [ 638175.638933838577941, 2493709.96066298475489 ], [ 638175.381152506568469, 2493709.897598419338465 ], [ 638175.109468011651188, 2493709.845150584354997 ], [ 638174.826496824040078, 2493709.803824580274522 ], [ 638174.534964111167938, 2493709.7740183994174 ], [ 638174.237677492201328, 2493709.756019091699272 ], [ 638173.9375, 2493709.75 ], [ 638173.637322507798672, 2493709.756019091699272 ], [ 638173.340035888832062, 2493709.7740183994174 ], [ 638173.048503175959922, 2493709.803824580274522 ], [ 638172.765531988348812, 2493709.845150584354997 ], [ 638172.493847493431531, 2493709.897598419338465 ], [ 638172.236066161422059, 2493709.96066298475489 ], [ 638171.994670567219146, 2493710.033736933488399 ], [ 638171.771985482657328, 2493710.116116523742676 ], [ 638171.570155486580916, 2493710.207008394878358 ], [ 638171.391124312300235, 2493710.305537208914757 ], [ 638171.236616127891466, 2493710.410754078999162 ], [ 638171.108118931646459, 2493710.521645709406585 ], [ 638171.006870221812278, 2493710.637144153472036 ], [ 638170.933845078805462, 2493710.756137097254395 ], [ 638170.889746774570085, 2493710.87747857440263 ], [ 638170.875, 2493711.0 ], [ 638170.889746774570085, 2493711.12252142559737 ], [ 638170.933845078805462, 2493711.243862902745605 ], [ 638171.006870221812278, 2493711.362855846527964 ], [ 638171.108118931646459, 2493711.478354290593415 ], [ 638171.236616127891466, 2493711.589245921000838 ], [ 638171.391124312300235, 2493711.694462791085243 ], [ 638171.570155486580916, 2493711.792991605121642 ], [ 638171.771985482657328, 2493711.883883476257324 ], [ 638171.994670567219146, 2493711.966263066511601 ], [ 638172.236066161422059, 2493712.03933701524511 ], [ 638172.493847493431531, 2493712.102401580661535 ], [ 638172.765531988348812, 2493712.154849415645003 ], [ 638173.048503175959922, 2493712.196175419725478 ], [ 638173.340035888832062, 2493712.2259816005826 ], [ 638173.637322507798672, 2493712.243980908300728 ], [ 638173.9375, 2493712.25 ], [ 638174.237677492201328, 2493712.243980908300728 ], [ 638174.534964111167938, 2493712.2259816005826 ], [ 638174.826496824040078, 2493712.196175419725478 ], [ 638175.109468011651188, 2493712.154849415645003 ], [ 638175.381152506568469, 2493712.102401580661535 ], [ 638175.638933838577941, 2493712.03933701524511 ], [ 638175.880329432780854, 2493711.966263066511601 ], [ 638176.103014517342672, 2493711.883883476257324 ], [ 638176.304844513419084, 2493711.792991605121642 ], [ 638176.483875687699765, 2493711.694462791085243 ], [ 638176.638383872108534, 2493711.589245921000838 ], [ 638176.766881068353541, 2493711.478354290593415 ], [ 638176.868129778187722, 2493711.362855846527964 ], [ 638176.941154921194538, 2493711.243862902745605 ], [ 638176.985253225429915, 2493711.12252142559737 ], [ 638177.0, 2493711.0 ] ] ] } },
{ "type": "Feature", "properties": { "xmin": 1014.184, "ymin": 812.01953, "xmax": 1051.8591, "ymax": 853.99182, "score": 0.29848462, "label": "Tree", "tile_idx": 15, "geo_xmin": 638172.25, "geo_ymin": 2493673.5, "geo_xmax": 638182.44, "geo_ymax": 2493684.8, "center_x": 638177.38, "center_y": 2493679.0, "width_m": 10.1875, "height_m": 11.25, "crown_diameter_m": 10.705577, "lon": 88.343757139927206, "lat": 22.544140505038001, "crown_area_raw_m2": 90.013992, "crown_area_calibrated_m2": 108.01679, "agb_tree_kg": 215.14637396128848 }, "geometry": { "type": "Polygon", "coordinates": [ [ [ 638182.46875, 2493679.0 ], [ 638182.444222201476805, 2493678.448653585743159 ], [ 638182.370875022024848, 2493677.902616938576102 ], [ 638182.249414835125208, 2493677.367148690391332 ], [ 638182.081011368776672, 2493676.847405693028122 ], [ 638181.867286440217867, 2493676.348393355496228 ], [ 638181.610298337647691, 2493675.874917439185083 ], [ 638181.312521996791475, 2493675.431537776719779 ], [ 638180.976825166726485, 2493675.022524355910718 ], [ 638180.606440791161731, 2493674.651816199999303 ], [ 638180.204935874440707, 2493674.322983430698514 ], [ 638179.776177128194831, 2493674.039192887954414 ], [ 638179.32429373357445, 2493673.803177629597485 ], [ 638178.853637574822642, 2493673.617210611701012 ], [ 638178.368741327780299, 2493673.483082797843963 ], [ 638177.874274808564223, 2493673.402085912413895 ], [ 638177.375, 2493673.375 ], [ 638176.875725191435777, 2493673.402085912413895 ], [ 638176.381258672219701, 2493673.483082797843963 ], [ 638175.896362425177358, 2493673.617210611701012 ], [ 638175.42570626642555, 2493673.803177629597485 ], [ 638174.973822871805169, 2493674.039192887954414 ], [ 638174.545064125559293, 2493674.322983430698514 ], [ 638174.143559208838269, 2493674.651816199999303 ], [ 638173.773174833273515, 2493675.022524355910718 ], [ 638173.437478003208525, 2493675.431537776719779 ], [ 638173.139701662352309, 2493675.874917439185083 ], [ 638172.882713559782133, 2493676.348393355496228 ], [ 638172.668988631223328, 2493676.847405693028122 ], [ 638172.500585164874792, 2493677.367148690391332 ], [ 638172.379124977975152, 2493677.902616938576102 ], [ 638172.305777798523195, 2493678.448653585743159 ], [ 638172.28125, 2493679.0 ], [ 638172.305777798523195, 2493679.551346414256841 ], [ 638172.379124977975152, 2493680.097383061423898 ], [ 638172.500585164874792, 2493680.632851309608668 ], [ 638172.668988631223328, 2493681.152594306971878 ], [ 638172.882713559782133, 2493681.651606644503772 ], [ 638173.139701662352309, 2493682.125082560814917 ], [ 638173.437478003208525, 2493682.568462223280221 ], [ 638173.773174833273515, 2493682.977475644089282 ], [ 638174.143559208838269, 2493683.348183800000697 ], [ 638174.545064125559293, 2493683.677016569301486 ], [ 638174.973822871805169, 2493683.960807112045586 ], [ 638175.42570626642555, 2493684.196822370402515 ], [ 638175.896362425177358, 2493684.382789388298988 ], [ 638176.381258672219701, 2493684.516917202156037 ], [ 638176.875725191435777, 2493684.597914087586105 ], [ 638177.375, 2493684.625 ], [ 638177.874274808564223, 2493684.597914087586105 ], [ 638178.368741327780299, 2493684.516917202156037 ], [ 638178.853637574822642, 2493684.382789388298988 ], [ 638179.32429373357445, 2493684.196822370402515 ], [ 638179.776177128194831, 2493683.960807112045586 ], [ 638180.204935874440707, 2493683.677016569301486 ], [ 638180.606440791161731, 2493683.348183800000697 ], [ 638180.976825166726485, 2493682.977475644089282 ], [ 638181.312521996791475, 2493682.568462223280221 ], [ 638181.610298337647691, 2493682.125082560814917 ], [ 638181.867286440217867, 2493681.651606644503772 ], [ 638182.081011368776672, 2493681.152594306971878 ], [ 638182.249414835125208, 2493680.632851309608668 ], [ 638182.370875022024848, 2493680.097383061423898 ], [ 638182.444222201476805, 2493679.551346414256841 ], [ 638182.46875, 2493679.0 ] ] ] } },
{ "type": "Feature", "properties": { "xmin": 36.717155, "ymin": 799.2406, "xmax": 60.491699, "ymax": 822.98755, "score": 0.29776025, "label": "Tree", "tile_idx": 12, "geo_xmin": 637908.38, "geo_ymin": 2493681.8, "geo_xmax": 637914.75, "geo_ymax": 2493688.2, "center_x": 637911.56, "center_y": 2493685.0, "width_m": 6.375, "height_m": 6.5, "crown_diameter_m": 6.4371967, "lon": 88.34117321568354, "lat": 22.544216263468062, "crown_area_raw_m2": 32.544937, "crown_area_calibrated_m2": 39.053925, "agb_tree_kg": 63.33714368630617 }, "geometry": { "type": "Polygon", "coordinates": [ [ [ 637914.75, 2493685.0 ], [ 637914.734651316306554, 2493684.681444293819368 ], [ 637914.688753081252798, 2493684.365956453606486 ], [ 637914.612747320090421, 2493684.056574799120426 ], [ 637914.507366009871475, 2493683.756278845015913 ], [ 637914.373624030151404, 2493683.46796060539782 ], [ 637914.212809389224276, 2493683.194396742619574 ], [ 637914.026470820070244, 2493682.93822182668373 ], [ 637913.816402864991687, 2493682.701902961358428 ], [ 637913.584628593293019, 2493682.487716026604176 ], [ 637913.333380117779598, 2493682.297723759897053 ], [ 637913.065077098668553, 2493682.133755890652537 ], [ 637912.782303440617397, 2493681.997391519136727 ], [ 637912.487782408716157, 2493681.889943908900023 ], [ 637912.184350401395932, 2493681.812447838485241 ], [ 637911.874929634854198, 2493681.765649638138711 ], [ 637911.5625, 2493681.75 ], [ 637911.250070365145802, 2493681.765649638138711 ], [ 637910.940649598604068, 2493681.812447838485241 ], [ 637910.637217591283843, 2493681.889943908900023 ], [ 637910.342696559382603, 2493681.997391519136727 ], [ 637910.059922901331447, 2493682.133755890652537 ], [ 637909.791619882220402, 2493682.297723759897053 ], [ 637909.540371406706981, 2493682.487716026604176 ], [ 637909.308597135008313, 2493682.701902961358428 ], [ 637909.098529179929756, 2493682.93822182668373 ], [ 637908.912190610775724, 2493683.194396742619574 ], [ 637908.751375969848596, 2493683.46796060539782 ], [ 637908.617633990128525, 2493683.756278845015913 ], [ 637908.512252679909579, 2493684.056574799120426 ], [ 637908.436246918747202, 2493684.365956453606486 ], [ 637908.390348683693446, 2493684.681444293819368 ], [ 637908.375, 2493685.0 ], [ 637908.390348683693446, 2493685.318555706180632 ], [ 637908.436246918747202, 2493685.634043546393514 ], [ 637908.512252679909579, 2493685.943425200879574 ], [ 637908.617633990128525, 2493686.243721154984087 ], [ 637908.751375969848596, 2493686.53203939460218 ], [ 637908.912190610775724, 2493686.805603257380426 ], [ 637909.098529179929756, 2493687.06177817331627 ], [ 637909.308597135008313, 2493687.298097038641572 ], [ 637909.540371406706981, 2493687.512283973395824 ], [ 637909.791619882220402, 2493687.702276240102947 ], [ 637910.059922901331447, 2493687.866244109347463 ], [ 637910.342696559382603, 2493688.002608480863273 ], [ 637910.637217591283843, 2493688.110056091099977 ], [ 637910.940649598604068, 2493688.187552161514759 ], [ 637911.250070365145802, 2493688.234350361861289 ], [ 637911.5625, 2493688.25 ], [ 637911.874929634854198, 2493688.234350361861289 ], [ 637912.184350401395932, 2493688.187552161514759 ], [ 637912.487782408716157, 2493688.110056091099977 ], [ 637912.782303440617397, 2493688.002608480863273 ], [ 637913.065077098668553, 2493687.866244109347463 ], [ 637913.333380117779598, 2493687.702276240102947 ], [ 637913.584628593293019, 2493687.512283973395824 ], [ 637913.816402864991687, 2493687.298097038641572 ], [ 637914.026470820070244, 2493687.06177817331627 ], [ 637914.212809389224276, 2493686.805603257380426 ], [ 637914.373624030151404, 2493686.53203939460218 ], [ 637914.507366009871475, 2493686.243721154984087 ], [ 637914.612747320090421, 2493685.943425200879574 ], [ 637914.688753081252798, 2493685.634043546393514 ], [ 637914.734651316306554, 2493685.318555706180632 ], [ 637914.75, 2493685.0 ] ] ] } },
{ "type": "Feature", "properties": { "xmin": 183.24069, "ymin": 903.78259, "xmax": 203.83942, "ymax": 925.14661, "score": 0.28914866, "label": "Tree", "tile_idx": 12, "geo_xmin": 637947.94, "geo_ymin": 2493654.2, "geo_xmax": 637953.5, "geo_ymax": 2493660.0, "center_x": 637950.75, "center_y": 2493657.0, "width_m": 5.5625, "height_m": 5.75, "crown_diameter_m": 5.6554732, "lon": 88.341551784815408, "lat": 22.543960204878548, "crown_area_raw_m2": 25.12047, "crown_area_calibrated_m2": 30.144566, "agb_tree_kg": 46.396665433917157 }, "geometry": { "type": "Polygon", "coordinates": [ [ [ 637953.53125, 2493657.0 ], [ 637953.517857521073893, 2493656.718200721777976 ], [ 637953.477809061063454, 2493656.439115324057639 ], [ 637953.411490308702923, 2493656.165431553032249 ], [ 637953.319539949763566, 2493655.899785132147372 ], [ 637953.202843516482972, 2493655.644734381698072 ], [ 637953.062524859211408, 2493655.402735580224544 ], [ 637952.899935323395766, 2493655.176119307987392 ], [ 637952.716640735161491, 2493654.967068003956228 ], [ 637952.514406321570277, 2493654.777594946790487 ], [ 637952.295179710607044, 2493654.609524864703417 ], [ 637952.06107217434328, 2493654.464476365130395 ], [ 637951.814338296302594, 2493654.34384634392336 ], [ 637951.55735425860621, 2493654.248796534724534 ], [ 637951.292594958096743, 2493654.180242318660021 ], [ 637951.022610171581618, 2493654.138843910768628 ], [ 637950.75, 2493654.125 ], [ 637950.477389828418382, 2493654.138843910768628 ], [ 637950.207405041903257, 2493654.180242318660021 ], [ 637949.94264574139379, 2493654.248796534724534 ], [ 637949.685661703697406, 2493654.34384634392336 ], [ 637949.43892782565672, 2493654.464476365130395 ], [ 637949.204820289392956, 2493654.609524864703417 ], [ 637948.985593678429723, 2493654.777594946790487 ], [ 637948.783359264838509, 2493654.967068003956228 ], [ 637948.600064676604234, 2493655.176119307987392 ], [ 637948.437475140788592, 2493655.402735580224544 ], [ 637948.297156483517028, 2493655.644734381698072 ], [ 637948.180460050236434, 2493655.899785132147372 ], [ 637948.088509691297077, 2493656.165431553032249 ], [ 637948.022190938936546, 2493656.439115324057639 ], [ 637947.982142478926107, 2493656.718200721777976 ], [ 637947.96875, 2493657.0 ], [ 637947.982142478926107, 2493657.281799278222024 ], [ 637948.022190938936546, 2493657.560884675942361 ], [ 637948.088509691297077, 2493657.834568446967751 ], [ 637948.180460050236434, 2493658.100214867852628 ], [ 637948.297156483517028, 2493658.355265618301928 ], [ 637948.437475140788592, 2493658.597264419775456 ], [ 637948.600064676604234, 2493658.823880692012608 ], [ 637948.783359264838509, 2493659.032931996043772 ], [ 637948.985593678429723, 2493659.222405053209513 ], [ 637949.204820289392956, 2493659.390475135296583 ], [ 637949.43892782565672, 2493659.535523634869605 ], [ 637949.685661703697406, 2493659.65615365607664 ], [ 637949.94264574139379, 2493659.751203465275466 ], [ 637950.207405041903257, 2493659.819757681339979 ], [ 637950.477389828418382, 2493659.861156089231372 ], [ 637950.75, 2493659.875 ], [ 637951.022610171581618, 2493659.861156089231372 ], [ 637951.292594958096743, 2493659.819757681339979 ], [ 637951.55735425860621, 2493659.751203465275466 ], [ 637951.814338296302594, 2493659.65615365607664 ], [ 637952.06107217434328, 2493659.535523634869605 ], [ 637952.295179710607044, 2493659.390475135296583 ], [ 637952.514406321570277, 2493659.222405053209513 ], [ 637952.716640735161491, 2493659.032931996043772 ], [ 637952.899935323395766, 2493658.823880692012608 ], [ 637953.062524859211408, 2493658.597264419775456 ], [ 637953.202843516482972, 2493658.355265618301928 ], [ 637953.319539949763566, 2493658.100214867852628 ], [ 637953.411490308702923, 2493657.834568446967751 ], [ 637953.477809061063454, 2493657.560884675942361 ], [ 637953.517857521073893, 2493657.281799278222024 ], [ 637953.53125, 2493657.0 ] ] ] } },
{ "type": "Feature", "properties": { "xmin": 969.30835, "ymin": 860.78223, "xmax": 991.51416, "ymax": 883.1601, "score": 0.28546169, "label": "Tree", "tile_idx": 11, "geo_xmin": 638160.12, "geo_ymin": 2493665.5, "geo_xmax": 638166.12, "geo_ymax": 2493671.5, "center_x": 638163.12, "center_y": 2493668.5, "width_m": 6.0, "height_m": 6.0, "crown_diameter_m": 6.0, "lon": 88.343617671740788, "lat": 22.544046832016726, "crown_area_raw_m2": 28.274334, "crown_area_calibrated_m2": 33.929203, "agb_tree_kg": 53.484386170412392 }, "geometry": { "type": "Polygon", "coordinates": [ [ [ 638166.125, 2493668.5 ], [ 638166.110554179991595, 2493668.205948579125106 ], [ 638166.067355841165408, 2493667.914729034062475 ], [ 638165.995821007178165, 2493667.629145968239754 ], [ 638165.896638597478159, 2493667.351949702948332 ], [ 638165.770763793028891, 2493667.085809789597988 ], [ 638165.619408836937509, 2493666.833289301022887 ], [ 638165.444031360093504, 2493666.596820147708058 ], [ 638165.246320343576372, 2493666.378679656423628 ], [ 638165.028179852524772, 2493666.180968639906496 ], [ 638164.791710699093528, 2493666.005591162946075 ], [ 638164.539190210518427, 2493665.854236206971109 ], [ 638164.273050297051668, 2493665.728361402638257 ], [ 638163.995854031760246, 2493665.62917899293825 ], [ 638163.71027096605394, 2493665.557644158601761 ], [ 638163.419051420991309, 2493665.514445819891989 ], [ 638163.125, 2493665.5 ], [ 638162.830948579008691, 2493665.514445819891989 ], [ 638162.53972903394606, 2493665.557644158601761 ], [ 638162.254145968239754, 2493665.62917899293825 ], [ 638161.976949702948332, 2493665.728361402638257 ], [ 638161.710809789481573, 2493665.854236206971109 ], [ 638161.458289300906472, 2493666.005591162946075 ], [ 638161.221820147475228, 2493666.180968639906496 ], [ 638161.003679656423628, 2493666.378679656423628 ], [ 638160.805968639906496, 2493666.596820147708058 ], [ 638160.630591163062491, 2493666.833289301022887 ], [ 638160.479236206971109, 2493667.085809789597988 ], [ 638160.353361402521841, 2493667.351949702948332 ], [ 638160.254178992821835, 2493667.629145968239754 ], [ 638160.182644158834592, 2493667.914729034062475 ], [ 638160.139445820008405, 2493668.205948579125106 ], [ 638160.125, 2493668.5 ], [ 638160.139445820008405, 2493668.794051420874894 ], [ 638160.182644158834592, 2493669.085270965937525 ], [ 638160.254178992821835, 2493669.370854031760246 ], [ 638160.353361402521841, 2493669.648050297051668 ], [ 638160.479236206971109, 2493669.914190210402012 ], [ 638160.630591163062491, 2493670.166710698977113 ], [ 638160.805968639906496, 2493670.403179852291942 ], [ 638161.003679656423628, 2493670.621320343576372 ], [ 638161.221820147475228, 2493670.819031360093504 ], [ 638161.458289300906472, 2493670.994408837053925 ], [ 638161.710809789481573, 2493671.145763793028891 ], [ 638161.976949702948332, 2493671.271638597361743 ], [ 638162.254145968239754, 2493671.37082100706175 ], [ 638162.53972903394606, 2493671.442355841398239 ], [ 638162.830948579008691, 2493671.485554180108011 ], [ 638163.125, 2493671.5 ], [ 638163.419051420991309, 2493671.485554180108011 ], [ 638163.71027096605394, 2493671.442355841398239 ], [ 638163.995854031760246, 2493671.37082100706175 ], [ 638164.273050297051668, 2493671.271638597361743 ], [ 638164.539190210518427, 2493671.145763793028891 ], [ 638164.791710699093528, 2493670.994408837053925 ], [ 638165.028179852524772, 2493670.819031360093504 ], [ 638165.246320343576372, 2493670.621320343576372 ], [ 638165.444031360093504, 2493670.403179852291942 ], [ 638165.619408836937509, 2493670.166710698977113 ], [ 638165.770763793028891, 2493669.914190210402012 ], [ 638165.896638597478159, 2493669.648050297051668 ], [ 638165.995821007178165, 2493669.370854031760246 ], [ 638166.067355841165408, 2493669.085270965937525 ], [ 638166.110554179991595, 2493668.794051420874894 ], [ 638166.125, 2493668.5 ] ] ] } }
]
}
