{
"type": "FeatureCollection",
"name": "kolkata_central_park_crowns",
"crs": { "type": "name", "properties": { "name": "urn:ogc:def:crs:EPSG::32645" } },
"features": [
{ "type": "Feature", "properties": { "xmin": 49.122917, "ymin": 299.50616, "xmax": 80.641853, "ymax": 328.95508, "score": 0.66395319, "label": "Tree", "tile_idx": 0, "geo_xmin": 645636.12, "geo_ymin": 2498450.2, "geo_xmax": 645644.62, "geo_ymax": 2498458.2, "center_x": 645640.38, "center_y": 2498454.2, "width_m": 8.5, "height_m": 8.0, "crown_diameter_m": 8.2462111, "lon": 88.416757880054547, "lat": 22.586644047111104, "crown_area_raw_m2": 53.407078, "crown_area_calibrated_m2": 64.088493, "agb_tree_kg": 114.875416175184 }, "geometry": { "type": "Polygon", "coordinates": [ [ [ 645644.625, 2498454.25 ], [ 645644.604535088408738, 2498453.857931438833475 ], [ 645644.543337441748008, 2498453.469638711772859 ], [ 645644.441996426903643, 2498453.088861290831119 ], [ 645644.301488013123162, 2498452.719266270752996 ], [ 645644.123165373457596, 2498452.364413052797318 ], [ 645643.908745852299035, 2498452.027719067875296 ], [ 645643.660294426837936, 2498451.712426863145083 ], [ 645643.380203820066527, 2498451.421572875231504 ], [ 645643.071171457646415, 2498451.157958186697215 ], [ 645642.736173490295187, 2498450.924121550749987 ], [ 645642.378436131519265, 2498450.722314942628145 ], [ 645642.001404587528668, 2498450.554481870029122 ], [ 645641.608709878288209, 2498450.422238657251 ], [ 645641.204133868566714, 2498450.326858878601342 ], [ 645640.791572846355848, 2498450.269261093344539 ], [ 645640.375, 2498450.25 ], [ 645639.958427153644152, 2498450.269261093344539 ], [ 645639.545866131433286, 2498450.326858878601342 ], [ 645639.141290121711791, 2498450.422238657251 ], [ 645638.748595412471332, 2498450.554481870029122 ], [ 645638.371563868480735, 2498450.722314942628145 ], [ 645638.013826509704813, 2498450.924121550749987 ], [ 645637.678828542353585, 2498451.157958186697215 ], [ 645637.369796179933473, 2498451.421572875231504 ], [ 645637.089705573162064, 2498451.712426863145083 ], [ 645636.841254147700965, 2498452.027719067875296 ], [ 645636.626834626542404, 2498452.364413052797318 ], [ 645636.448511986876838, 2498452.719266270752996 ], [ 645636.308003573096357, 2498453.088861290831119 ], [ 645636.206662558251992, 2498453.469638711772859 ], [ 645636.145464911591262, 2498453.857931438833475 ], [ 645636.125, 2498454.25 ], [ 645636.145464911591262, 2498454.642068561166525 ], [ 645636.206662558251992, 2498455.030361288227141 ], [ 645636.308003573096357, 2498455.411138709168881 ], [ 645636.448511986876838, 2498455.780733729247004 ], [ 645636.626834626542404, 2498456.135586947202682 ], [ 645636.841254147700965, 2498456.472280932124704 ], [ 645637.089705573162064, 2498456.787573136854917 ], [ 645637.369796179933473, 2498457.078427124768496 ], [ 645637.678828542353585, 2498457.342041813302785 ], [ 645638.013826509704813, 2498457.575878449250013 ], [ 645638.371563868480735, 2498457.777685057371855 ], [ 645638.748595412471332, 2498457.945518129970878 ], [ 645639.141290121711791, 2498458.077761342749 ], [ 645639.545866131433286, 2498458.173141121398658 ], [ 645639.958427153644152, 2498458.230738906655461 ], [ 645640.375, 2498458.25 ], [ 645640.791572846355848, 2498458.230738906655461 ], [ 645641.204133868566714, 2498458.173141121398658 ], [ 645641.608709878288209, 2498458.077761342749 ], [ 645642.001404587528668, 2498457.945518129970878 ], [ 645642.378436131519265, 2498457.777685057371855 ], [ 645642.736173490295187, 2498457.575878449250013 ], [ 645643.071171457646415, 2498457.342041813302785 ], [ 645643.380203820066527, 2498457.078427124768496 ], [ 645643.660294426837936, 2498456.787573136854917 ], [ 645643.908745852299035, 2498456.472280932124704 ], [ 645644.123165373457596, 2498456.135586947202682 ], [ 645644.301488013123162, 2498455.780733729247004 ], [ 645644.441996426903643, 2498455.411138709168881 ], [ 645644.543337441748008, 2498455.030361288227141 ], [ 645644.604535088408738, 2498454.642068561166525 ], [ 645644.625, 2498454.25 ] ] ] } },
{ "type": "Feature", "properties": { "xmin": 794.58832, "ymin": 110.28788, "xmax": 816.49152, "ymax": 129.54918, "score": 0.60539222, "label": "Tree", "tile_idx": 3, "geo_xmin": 645837.44, "geo_ymin": 2498504.0, "geo_xmax": 645843.31, "geo_ymax": 2498509.2, "center_x": 645840.38, "center_y": 2498506.5, "width_m": 5.875, "height_m": 5.25, "crown_diameter_m": 5.5537148, "lon": 88.418707812380887, "lat": 22.587098754366188, "crown_area_raw_m2": 24.224627, "crown_area_calibrated_m2": 29.069553, "agb_tree_kg": 44.415066022337861 }, "geometry": { "type": "Polygon", "coordinates": [ [ [ 645843.3125, 2498506.5 ], [ 645843.298355134553276, 2498506.242705006618053 ], [ 645843.256056761136279, 2498505.987887904513627 ], [ 645843.186012236168608, 2498505.738002722151577 ], [ 645843.088896126719192, 2498505.49545599007979 ], [ 645842.965643714065664, 2498505.26258356589824 ], [ 645842.817441986175254, 2498505.041628138162196 ], [ 645842.645718206767924, 2498504.83471762901172 ], [ 645842.452126169693656, 2498504.64384469948709 ], [ 645842.23853027226869, 2498504.470847560092807 ], [ 645842.0069875594927, 2498504.317392267752439 ], [ 645841.759727914468385, 2498504.184956680983305 ], [ 645841.499132582568564, 2498504.074816226959229 ], [ 645841.227711239480413, 2498503.988031618762761 ], [ 645840.948077820939943, 2498503.925438638776541 ], [ 645840.662925349664874, 2498503.887640092521906 ], [ 645840.375, 2498503.875 ], [ 645840.087074650335126, 2498503.887640092521906 ], [ 645839.801922179060057, 2498503.925438638776541 ], [ 645839.522288760519587, 2498503.988031618762761 ], [ 645839.250867417431436, 2498504.074816226959229 ], [ 645838.990272085531615, 2498504.184956680983305 ], [ 645838.7430124405073, 2498504.317392267752439 ], [ 645838.51146972773131, 2498504.470847560092807 ], [ 645838.297873830306344, 2498504.64384469948709 ], [ 645838.104281793232076, 2498504.83471762901172 ], [ 645837.932558013824746, 2498505.041628138162196 ], [ 645837.784356285934336, 2498505.26258356589824 ], [ 645837.661103873280808, 2498505.49545599007979 ], [ 645837.563987763831392, 2498505.738002722151577 ], [ 645837.493943238863721, 2498505.987887904513627 ], [ 645837.451644865446724, 2498506.242705006618053 ], [ 645837.4375, 2498506.5 ], [ 645837.451644865446724, 2498506.757294993381947 ], [ 645837.493943238863721, 2498507.012112095486373 ], [ 645837.563987763831392, 2498507.261997277848423 ], [ 645837.661103873280808, 2498507.50454400992021 ], [ 645837.784356285934336, 2498507.73741643410176 ], [ 645837.932558013824746, 2498507.958371861837804 ], [ 645838.104281793232076, 2498508.16528237098828 ], [ 645838.297873830306344, 2498508.35615530051291 ], [ 645838.51146972773131, 2498508.529152439907193 ], [ 645838.7430124405073, 2498508.682607732247561 ], [ 645838.990272085531615, 2498508.815043319016695 ], [ 645839.250867417431436, 2498508.925183773040771 ], [ 645839.522288760519587, 2498509.011968381237239 ], [ 645839.801922179060057, 2498509.074561361223459 ], [ 645840.087074650335126, 2498509.112359907478094 ], [ 645840.375, 2498509.125 ], [ 645840.662925349664874, 2498509.112359907478094 ], [ 645840.948077820939943, 2498509.074561361223459 ], [ 645841.227711239480413, 2498509.011968381237239 ], [ 645841.499132582568564, 2498508.925183773040771 ], [ 645841.759727914468385, 2498508.815043319016695 ], [ 645842.0069875594927, 2498508.682607732247561 ], [ 645842.23853027226869, 2498508.529152439907193 ], [ 645842.452126169693656, 2498508.35615530051291 ], [ 645842.645718206767924, 2498508.16528237098828 ], [ 645842.817441986175254, 2498507.958371861837804 ], [ 645842.965643714065664, 2498507.73741643410176 ], [ 645843.088896126719192, 2498507.50454400992021 ], [ 645843.186012236168608, 2498507.261997277848423 ], [ 645843.256056761136279, 2498507.012112095486373 ], [ 645843.298355134553276, 2498506.757294993381947 ], [ 645843.3125, 2498506.5 ] ] ] } },
{ "type": "Feature", "properties": { "xmin": 129.05209, "ymin": 489.32516, "xmax": 148.4707, "ymax": 509.63974, "score": 0.60260332, "label": "Tree", "tile_idx": 4, "geo_xmin": 645657.75, "geo_ymin": 2498401.5, "geo_xmax": 645662.94, "geo_ymax": 2498407.0, "center_x": 645660.38, "center_y": 2498404.2, "width_m": 5.1875, "height_m": 5.5, "crown_diameter_m": 5.341465, "lon": 88.416947770225363, "lat": 22.58619077425729, "crown_area_raw_m2": 22.408392, "crown_area_calibrated_m2": 26.890072, "agb_tree_kg": 40.443336754586021 }, "geometry": { "type": "Polygon", "coordinates": [ [ [ 645662.96875, 2498404.25 ], [ 645662.956260384758934, 2498403.980452863965183 ], [ 645662.918911821092479, 2498403.713501614518464 ], [ 645662.857063995790668, 2498403.451717137359083 ], [ 645662.771312537486665, 2498403.19762056088075 ], [ 645662.662483279360458, 2498402.953658973798156 ], [ 645662.531624306924641, 2498402.7221818594262 ], [ 645662.379995863419026, 2498402.505418468732387 ], [ 645662.209058213746175, 2498402.30545635195449 ], [ 645662.020457580802031, 2498402.124221253208816 ], [ 645661.816010291920975, 2498401.963458565995097 ], [ 645661.597685286193155, 2498401.824716522824019 ], [ 645661.367585152736865, 2498401.709331285674125 ], [ 645661.127925881650299, 2498401.618414076510817 ], [ 645660.881015522754751, 2498401.552840478718281 ], [ 645660.62923195771873, 2498401.513242001645267 ], [ 645660.375, 2498401.5 ], [ 645660.12076804228127, 2498401.513242001645267 ], [ 645659.868984477245249, 2498401.552840478718281 ], [ 645659.622074118349701, 2498401.618414076510817 ], [ 645659.382414847263135, 2498401.709331285674125 ], [ 645659.152314713806845, 2498401.824716522824019 ], [ 645658.933989708079025, 2498401.963458565995097 ], [ 645658.729542419197969, 2498402.124221253208816 ], [ 645658.540941786253825, 2498402.30545635195449 ], [ 645658.370004136580974, 2498402.505418468732387 ], [ 645658.218375693075359, 2498402.7221818594262 ], [ 645658.087516720639542, 2498402.953658973798156 ], [ 645657.978687462513335, 2498403.19762056088075 ], [ 645657.892936004209332, 2498403.451717137359083 ], [ 645657.831088178907521, 2498403.713501614518464 ], [ 645657.793739615241066, 2498403.980452863965183 ], [ 645657.78125, 2498404.25 ], [ 645657.793739615241066, 2498404.519547136034817 ], [ 645657.831088178907521, 2498404.786498385481536 ], [ 645657.892936004209332, 2498405.048282862640917 ], [ 645657.978687462513335, 2498405.30237943911925 ], [ 645658.087516720639542, 2498405.546341026201844 ], [ 645658.218375693075359, 2498405.7778181405738 ], [ 645658.370004136580974, 2498405.994581531267613 ], [ 645658.540941786253825, 2498406.19454364804551 ], [ 645658.729542419197969, 2498406.375778746791184 ], [ 645658.933989708079025, 2498406.536541434004903 ], [ 645659.152314713806845, 2498406.675283477175981 ], [ 645659.382414847263135, 2498406.790668714325875 ], [ 645659.622074118349701, 2498406.881585923489183 ], [ 645659.868984477245249, 2498406.947159521281719 ], [ 645660.12076804228127, 2498406.986757998354733 ], [ 645660.375, 2498407.0 ], [ 645660.62923195771873, 2498406.986757998354733 ], [ 645660.881015522754751, 2498406.947159521281719 ], [ 645661.127925881650299, 2498406.881585923489183 ], [ 645661.367585152736865, 2498406.790668714325875 ], [ 645661.597685286193155, 2498406.675283477175981 ], [ 645661.816010291920975, 2498406.536541434004903 ], [ 645662.020457580802031, 2498406.375778746791184 ], [ 645662.209058213746175, 2498406.19454364804551 ], [ 645662.379995863419026, 2498405.994581531267613 ], [ 645662.531624306924641, 2498405.7778181405738 ], [ 645662.662483279360458, 2498405.546341026201844 ], [ 645662.771312537486665, 2498405.30237943911925 ], [ 645662.857063995790668, 2498405.048282862640917 ], [ 645662.918911821092479, 2498404.786498385481536 ], [ 645662.956260384758934, 2498404.519547136034817 ], [ 645662.96875, 2498404.25 ] ] ] } },
{ "type": "Feature", "properties": { "xmin": 109.85564, "ymin": 585.25287, "xmax": 135.62587, "ymax": 610.8974, "score": 0.60230982, "label": "Tree", "tile_idx": 4, "geo_xmin": 645652.56, "geo_ymin": 2498374.0, "geo_xmax": 645659.5, "geo_ymax": 2498381.0, "center_x": 645656.0, "center_y": 2498377.5, "width_m": 6.9375, "height_m": 7.0, "crown_diameter_m": 6.9686799, "lon": 88.416902749860142, "lat": 22.585949566621906, "crown_area_raw_m2": 38.1409, "crown_area_calibrated_m2": 45.769081, "agb_tree_kg": 76.645251083584512 }, "geometry": { "type": "Polygon", "coordinates": [ [ [ 645659.46875, 2498377.5 ], [ 645659.452047020662576, 2498377.156940008979291 ], [ 645659.402098941383883, 2498376.817183873150498 ], [ 645659.319386789575219, 2498376.484003629535437 ], [ 645659.204707128345035, 2498376.160607986617833 ], [ 645659.059164385660551, 2498375.850111421197653 ], [ 645658.884160217712633, 2498375.555504184216261 ], [ 645658.681380010093562, 2498375.279623505659401 ], [ 645658.452776647289284, 2498375.025126265827566 ], [ 645658.200551704387181, 2498374.794463413301855 ], [ 645657.927134245750494, 2498374.589856356848031 ], [ 645657.635157430893742, 2498374.413275574799627 ], [ 645657.327433155965991, 2498374.266421636100858 ], [ 645657.00692497426644, 2498374.150708824861795 ], [ 645656.676719554467127, 2498374.067251518368721 ], [ 645656.339996955473907, 2498374.016853456851095 ], [ 645656.0, 2498374.0 ], [ 645655.660003044526093, 2498374.016853456851095 ], [ 645655.323280445532873, 2498374.067251518368721 ], [ 645654.99307502573356, 2498374.150708824861795 ], [ 645654.672566844034009, 2498374.266421636100858 ], [ 645654.364842569106258, 2498374.413275574799627 ], [ 645654.072865754249506, 2498374.589856356848031 ], [ 645653.799448295612819, 2498374.794463413301855 ], [ 645653.547223352710716, 2498375.025126265827566 ], [ 645653.318619989906438, 2498375.279623505659401 ], [ 645653.115839782287367, 2498375.555504184216261 ], [ 645652.940835614339449, 2498375.850111421197653 ], [ 645652.795292871654965, 2498376.160607986617833 ], [ 645652.680613210424781, 2498376.484003629535437 ], [ 645652.597901058616117, 2498376.817183873150498 ], [ 645652.547952979337424, 2498377.156940008979291 ], [ 645652.53125, 2498377.5 ], [ 645652.547952979337424, 2498377.843059991020709 ], [ 645652.597901058616117, 2498378.182816126849502 ], [ 645652.680613210424781, 2498378.515996370464563 ], [ 645652.795292871654965, 2498378.839392013382167 ], [ 645652.940835614339449, 2498379.149888578802347 ], [ 645653.115839782287367, 2498379.444495815783739 ], [ 645653.318619989906438, 2498379.720376494340599 ], [ 645653.547223352710716, 2498379.974873734172434 ], [ 645653.799448295612819, 2498380.205536586698145 ], [ 645654.072865754249506, 2498380.410143643151969 ], [ 645654.364842569106258, 2498380.586724425200373 ], [ 645654.672566844034009, 2498380.733578363899142 ], [ 645654.99307502573356, 2498380.849291175138205 ], [ 645655.323280445532873, 2498380.932748481631279 ], [ 645655.660003044526093, 2498380.983146543148905 ], [ 645656.0, 2498381.0 ], [ 645656.339996955473907, 2498380.983146543148905 ], [ 645656.676719554467127, 2498380.932748481631279 ], [ 645657.00692497426644, 2498380.849291175138205 ], [ 645657.327433155965991, 2498380.733578363899142 ], [ 645657.635157430893742, 2498380.586724425200373 ], [ 645657.927134245750494, 2498380.410143643151969 ], [ 645658.200551704387181, 2498380.205536586698145 ], [ 645658.452776647289284, 2498379.974873734172434 ], [ 645658.681380010093562, 2498379.720376494340599 ], [ 645658.884160217712633, 2498379.444495815783739 ], [ 645659.059164385660551, 2498379.149888578802347 ], [ 645659.204707128345035, 2498378.839392013382167 ], [ 645659.319386789575219, 2498378.515996370464563 ], [ 645659.402098941383883, 2498378.182816126849502 ], [ 645659.452047020662576, 2498377.843059991020709 ], [ 645659.46875, 2498377.5 ] ] ] } },
{ "type": "Feature", "properties": { "xmin": 607.28137, "ymin": 695.95691, "xmax": 635.12146, "ymax": 722.60034, "score": 0.58627766, "label": "Tree", "tile_idx": 9, "geo_xmin": 645786.81, "geo_ymin": 2498344.0, "geo_xmax": 645794.38, "geo_ymax": 2498351.0, "center_x": 645790.62, "center_y": 2498347.5, "width_m": 7.5625, "height_m": 7.0, "crown_diameter_m": 7.275816, "lon": 88.418209263657616, "lat": 22.585667077160078, "crown_area_raw_m2": 41.577015, "crown_area_calibrated_m2": 49.892422, "agb_tree_kg": 85.018811521857913 }, "geometry": { "type": "Polygon", "coordinates": [ [ [ 645794.40625, 2498347.5 ], [ 645794.388042247737758, 2498347.156940008979291 ], [ 645794.333594341529533, 2498346.817183873150498 ], [ 645794.243430644506589, 2498346.484003629535437 ], [ 645794.118419482256286, 2498346.160607986617833 ], [ 645793.959764780825935, 2498345.850111421197653 ], [ 645793.768994471523911, 2498345.555504184216261 ], [ 645793.547945776721463, 2498345.279623505659401 ], [ 645793.298747516353615, 2498345.025126265827566 ], [ 645793.023799605784006, 2498344.794463413301855 ], [ 645792.72574994363822, 2498344.589856356848031 ], [ 645792.407468911143951, 2498344.413275574799627 ], [ 645792.072021728614345, 2498344.266421636100858 ], [ 645791.722638935898431, 2498344.150708824861795 ], [ 645791.362685280153528, 2498344.067251518368721 ], [ 645790.99562731187325, 2498344.016853456851095 ], [ 645790.625, 2498344.0 ], [ 645790.25437268812675, 2498344.016853456851095 ], [ 645789.887314719846472, 2498344.067251518368721 ], [ 645789.527361064101569, 2498344.150708824861795 ], [ 645789.177978271385655, 2498344.266421636100858 ], [ 645788.842531088856049, 2498344.413275574799627 ], [ 645788.52425005636178, 2498344.589856356848031 ], [ 645788.226200394215994, 2498344.794463413301855 ], [ 645787.951252483646385, 2498345.025126265827566 ], [ 645787.702054223278537, 2498345.279623505659401 ], [ 645787.481005528476089, 2498345.555504184216261 ], [ 645787.290235219174065, 2498345.850111421197653 ], [ 645787.131580517743714, 2498346.160607986617833 ], [ 645787.006569355493411, 2498346.484003629535437 ], [ 645786.916405658470467, 2498346.817183873150498 ], [ 645786.861957752262242, 2498347.156940008979291 ], [ 645786.84375, 2498347.5 ], [ 645786.861957752262242, 2498347.843059991020709 ], [ 645786.916405658470467, 2498348.182816126849502 ], [ 645787.006569355493411, 2498348.515996370464563 ], [ 645787.131580517743714, 2498348.839392013382167 ], [ 645787.290235219174065, 2498349.149888578802347 ], [ 645787.481005528476089, 2498349.444495815783739 ], [ 645787.702054223278537, 2498349.720376494340599 ], [ 645787.951252483646385, 2498349.974873734172434 ], [ 645788.226200394215994, 2498350.205536586698145 ], [ 645788.52425005636178, 2498350.410143643151969 ], [ 645788.842531088856049, 2498350.586724425200373 ], [ 645789.177978271385655, 2498350.733578363899142 ], [ 645789.527361064101569, 2498350.849291175138205 ], [ 645789.887314719846472, 2498350.932748481631279 ], [ 645790.25437268812675, 2498350.983146543148905 ], [ 645790.625, 2498351.0 ], [ 645790.99562731187325, 2498350.983146543148905 ], [ 645791.362685280153528, 2498350.932748481631279 ], [ 645791.722638935898431, 2498350.849291175138205 ], [ 645792.072021728614345, 2498350.733578363899142 ], [ 645792.407468911143951, 2498350.586724425200373 ], [ 645792.72574994363822, 2498350.410143643151969 ], [ 645793.023799605784006, 2498350.205536586698145 ], [ 645793.298747516353615, 2498349.974873734172434 ], [ 645793.547945776721463, 2498349.720376494340599 ], [ 645793.768994471523911, 2498349.444495815783739 ], [ 645793.959764780825935, 2498349.149888578802347 ], [ 645794.118419482256286, 2498348.839392013382167 ], [ 645794.243430644506589, 2498348.515996370464563 ], [ 645794.333594341529533, 2498348.182816126849502 ], [ 645794.388042247737758, 2498347.843059991020709 ], [ 645794.40625, 2498347.5 ] ] ] } },
{ "type": "Feature", "properties": { "xmin": 643.71881, "ymin": 702.66687, "xmax": 671.79376, "ymax": 731.61096, "score": 0.58435202, "label": "Tree", "tile_idx": 10, "geo_xmin": 645796.69, "geo_ymin": 2498341.5, "geo_xmax": 645804.25, "geo_ymax": 2498349.2, "center_x": 645800.5, "center_y": 2498345.5, "width_m": 7.5625, "height_m": 7.75, "crown_diameter_m": 7.6556759, "lon": 88.418305117245694, "lat": 22.585648166870509, "crown_area_raw_m2": 46.031696, "crown_area_calibrated_m2": 55.238037, "agb_tree_kg": 96.08328376556824 }, "geometry": { "type": "Polygon", "coordinates": [ [ [ 645804.28125, 2498345.5 ], [ 645804.263042247737758, 2498345.120183581020683 ], [ 645804.208594341529533, 2498344.744025002233684 ], [ 645804.118430644506589, 2498344.375146875623614 ], [ 645803.993419482256286, 2498344.017101699486375 ], [ 645803.834764780825935, 2498343.673337644897401 ], [ 645803.643994471523911, 2498343.347165347076952 ], [ 645803.422945776721463, 2498343.041726023890078 ], [ 645803.173747516353615, 2498342.759961222764105 ], [ 645802.898799605784006, 2498342.504584493115544 ], [ 645802.60074994363822, 2498342.278055252507329 ], [ 645802.282468911143951, 2498342.082555100787431 ], [ 645801.947021728614345, 2498341.919966811314225 ], [ 645801.597638935898431, 2498341.791856199037284 ], [ 645801.237685280153528, 2498341.699457038659602 ], [ 645800.87062731187325, 2498341.643659184221178 ], [ 645800.5, 2498341.625 ], [ 645800.12937268812675, 2498341.643659184221178 ], [ 645799.762314719846472, 2498341.699457038659602 ], [ 645799.402361064101569, 2498341.791856199037284 ], [ 645799.052978271385655, 2498341.919966811314225 ], [ 645798.717531088856049, 2498342.082555100787431 ], [ 645798.39925005636178, 2498342.278055252507329 ], [ 645798.101200394215994, 2498342.504584493115544 ], [ 645797.826252483646385, 2498342.759961222764105 ], [ 645797.577054223278537, 2498343.041726023890078 ], [ 645797.356005528476089, 2498343.347165347076952 ], [ 645797.165235219174065, 2498343.673337644897401 ], [ 645797.006580517743714, 2498344.017101699486375 ], [ 645796.881569355493411, 2498344.375146875623614 ], [ 645796.791405658470467, 2498344.744025002233684 ], [ 645796.736957752262242, 2498345.120183581020683 ], [ 645796.71875, 2498345.5 ], [ 645796.736957752262242, 2498345.879816418979317 ], [ 645796.791405658470467, 2498346.255974997766316 ], [ 645796.881569355493411, 2498346.624853124376386 ], [ 645797.006580517743714, 2498346.982898300513625 ], [ 645797.165235219174065, 2498347.326662355102599 ], [ 645797.356005528476089, 2498347.652834652923048 ], [ 645797.577054223278537, 2498347.958273976109922 ], [ 645797.826252483646385, 2498348.240038777235895 ], [ 645798.101200394215994, 2498348.495415506884456 ], [ 645798.39925005636178, 2498348.721944747492671 ], [ 645798.717531088856049, 2498348.917444899212569 ], [ 645799.052978271385655, 2498349.080033188685775 ], [ 645799.402361064101569, 2498349.208143800962716 ], [ 645799.762314719846472, 2498349.300542961340398 ], [ 645800.12937268812675, 2498349.356340815778822 ], [ 645800.5, 2498349.375 ], [ 645800.87062731187325, 2498349.356340815778822 ], [ 645801.237685280153528, 2498349.300542961340398 ], [ 645801.597638935898431, 2498349.208143800962716 ], [ 645801.947021728614345, 2498349.080033188685775 ], [ 645802.282468911143951, 2498348.917444899212569 ], [ 645802.60074994363822, 2498348.721944747492671 ], [ 645802.898799605784006, 2498348.495415506884456 ], [ 645803.173747516353615, 2498348.240038777235895 ], [ 645803.422945776721463, 2498347.958273976109922 ], [ 645803.643994471523911, 2498347.652834652923048 ], [ 645803.834764780825935, 2498347.326662355102599 ], [ 645803.993419482256286, 2498346.982898300513625 ], [ 645804.118430644506589, 2498346.624853124376386 ], [ 645804.208594341529533, 2498346.255974997766316 ], [ 645804.263042247737758, 2498345.879816418979317 ], [ 645804.28125, 2498345.5 ] ] ] } },
{ "type": "Feature", "properties": { "xmin": 195.71735, "ymin": 160.10312, "xmax": 213.84439, "ymax": 178.27844, "score": 0.55235177, "label": "Tree", "tile_idx": 0, "geo_xmin": 645675.69, "geo_ymin": 2498490.8, "geo_xmax": 645680.62, "geo_ymax": 2498495.8, "center_x": 645678.12, "center_y": 2498493.2, "width_m": 4.9375, "height_m": 5.0, "crown_diameter_m": 4.9686518, "lon": 88.417128621497952, "lat": 22.586993022584448, "crown_area_raw_m2": 19.389517, "crown_area_calibrated_m2": 23.267422, "agb_tree_kg": 33.986693013935643 }, "geometry": { "type": "Polygon", "coordinates": [ [ [ 645680.59375, 2498493.25 ], [ 645680.581862293998711, 2498493.004957149270922 ], [ 645680.546313661034219, 2498492.762274194974452 ], [ 645680.487446453887969, 2498492.524288306944072 ], [ 645680.405827595852315, 2498492.29329141927883 ], [ 645680.302243121317588, 2498492.071508157998323 ], [ 645680.17769060540013, 2498491.861074417363852 ], [ 645680.033369556767866, 2498491.664016789756715 ], [ 645679.87066986609716, 2498491.48223304701969 ], [ 645679.691158420289867, 2498491.317473866511136 ], [ 645679.496564012719318, 2498491.171325969044119 ], [ 645679.288760694093071, 2498491.045196839142591 ], [ 645679.06974972365424, 2498490.940301168709993 ], [ 645678.841640296974219, 2498490.857649160549045 ], [ 645678.606629232526757, 2498490.798036798834801 ], [ 645678.366979815182276, 2498490.762038183398545 ], [ 645678.125, 2498490.75 ], [ 645677.883020184817724, 2498490.762038183398545 ], [ 645677.643370767473243, 2498490.798036798834801 ], [ 645677.408359703025781, 2498490.857649160549045 ], [ 645677.18025027634576, 2498490.940301168709993 ], [ 645676.961239305906929, 2498491.045196839142591 ], [ 645676.753435987280682, 2498491.171325969044119 ], [ 645676.558841579710133, 2498491.317473866511136 ], [ 645676.37933013390284, 2498491.48223304701969 ], [ 645676.216630443232134, 2498491.664016789756715 ], [ 645676.07230939459987, 2498491.861074417363852 ], [ 645675.947756878682412, 2498492.071508157998323 ], [ 645675.844172404147685, 2498492.29329141927883 ], [ 645675.762553546112031, 2498492.524288306944072 ], [ 645675.703686338965781, 2498492.762274194974452 ], [ 645675.668137706001289, 2498493.004957149270922 ], [ 645675.65625, 2498493.25 ], [ 645675.668137706001289, 2498493.495042850729078 ], [ 645675.703686338965781, 2498493.737725805025548 ], [ 645675.762553546112031, 2498493.975711693055928 ], [ 645675.844172404147685, 2498494.20670858072117 ], [ 645675.947756878682412, 2498494.428491842001677 ], [ 645676.07230939459987, 2498494.638925582636148 ], [ 645676.216630443232134, 2498494.835983210243285 ], [ 645676.37933013390284, 2498495.01776695298031 ], [ 645676.558841579710133, 2498495.182526133488864 ], [ 645676.753435987280682, 2498495.328674030955881 ], [ 645676.961239305906929, 2498495.454803160857409 ], [ 645677.18025027634576, 2498495.559698831290007 ], [ 645677.408359703025781, 2498495.642350839450955 ], [ 645677.643370767473243, 2498495.701963201165199 ], [ 645677.883020184817724, 2498495.737961816601455 ], [ 645678.125, 2498495.75 ], [ 645678.366979815182276, 2498495.737961816601455 ], [ 645678.606629232526757, 2498495.701963201165199 ], [ 645678.841640296974219, 2498495.642350839450955 ], [ 645679.06974972365424, 2498495.559698831290007 ], [ 645679.288760694093071, 2498495.454803160857409 ], [ 645679.496564012719318, 2498495.328674030955881 ], [ 645679.691158420289867, 2498495.182526133488864 ], [ 645679.87066986609716, 2498495.01776695298031 ], [ 645680.033369556767866, 2498494.835983210243285 ], [ 645680.17769060540013, 2498494.638925582636148 ], [ 645680.302243121317588, 2498494.428491842001677 ], [ 645680.405827595852315, 2498494.20670858072117 ], [ 645680.487446453887969, 2498493.975711693055928 ], [ 645680.546313661034219, 2498493.737725805025548 ], [ 645680.581862293998711, 2498493.495042850729078 ], [ 645680.59375, 2498493.25 ] ] ] } },
{ "type": "Feature", "properties": { "xmin": 804.27838, "ymin": 397.06732, "xmax": 823.41992, "ymax": 417.81976, "score": 0.54770255, "label": "Tree", "tile_idx": 7, "geo_xmin": 645840.0, "geo_ymin": 2498426.2, "geo_xmax": 645845.19, "geo_ymax": 2498431.8, "center_x": 645842.62, "center_y": 2498429.0, "width_m": 5.1875, "height_m": 5.5, "crown_diameter_m": 5.341465, "lon": 88.418722525066755, "lat": 22.586398648331819, "crown_area_raw_m2": 22.408392, "crown_area_calibrated_m2": 26.890072, "agb_tree_kg": 40.443336754586021 }, "geometry": { "type": "Polygon", "coordinates": [ [ [ 645845.21875, 2498429.0 ], [ 645845.206260384758934, 2498428.730452863965183 ], [ 645845.168911821092479, 2498428.463501614518464 ], [ 645845.107063995790668, 2498428.201717137359083 ], [ 645845.021312537486665, 2498427.94762056088075 ], [ 645844.912483279360458, 2498427.703658973798156 ], [ 645844.781624306924641, 2498427.4721818594262 ], [ 645844.629995863419026, 2498427.255418468732387 ], [ 645844.459058213746175, 2498427.05545635195449 ], [ 645844.270457580802031, 2498426.874221253208816 ], [ 645844.066010291920975, 2498426.713458565995097 ], [ 645843.847685286193155, 2498426.574716522824019 ], [ 645843.617585152736865, 2498426.459331285674125 ], [ 645843.377925881650299, 2498426.368414076510817 ], [ 645843.131015522754751, 2498426.302840478718281 ], [ 645842.87923195771873, 2498426.263242001645267 ], [ 645842.625, 2498426.25 ], [ 645842.37076804228127, 2498426.263242001645267 ], [ 645842.118984477245249, 2498426.302840478718281 ], [ 645841.872074118349701, 2498426.368414076510817 ], [ 645841.632414847263135, 2498426.459331285674125 ], [ 645841.402314713806845, 2498426.574716522824019 ], [ 645841.183989708079025, 2498426.713458565995097 ], [ 645840.979542419197969, 2498426.874221253208816 ], [ 645840.790941786253825, 2498427.05545635195449 ], [ 645840.620004136580974, 2498427.255418468732387 ], [ 645840.468375693075359, 2498427.4721818594262 ], [ 645840.337516720639542, 2498427.703658973798156 ], [ 645840.228687462513335, 2498427.94762056088075 ], [ 645840.142936004209332, 2498428.201717137359083 ], [ 645840.081088178907521, 2498428.463501614518464 ], [ 645840.043739615241066, 2498428.730452863965183 ], [ 645840.03125, 2498429.0 ], [ 645840.043739615241066, 2498429.269547136034817 ], [ 645840.081088178907521, 2498429.536498385481536 ], [ 645840.142936004209332, 2498429.798282862640917 ], [ 645840.228687462513335, 2498430.05237943911925 ], [ 645840.337516720639542, 2498430.296341026201844 ], [ 645840.468375693075359, 2498430.5278181405738 ], [ 645840.620004136580974, 2498430.744581531267613 ], [ 645840.790941786253825, 2498430.94454364804551 ], [ 645840.979542419197969, 2498431.125778746791184 ], [ 645841.183989708079025, 2498431.286541434004903 ], [ 645841.402314713806845, 2498431.425283477175981 ], [ 645841.632414847263135, 2498431.540668714325875 ], [ 645841.872074118349701, 2498431.631585923489183 ], [ 645842.118984477245249, 2498431.697159521281719 ], [ 645842.37076804228127, 2498431.736757998354733 ], [ 645842.625, 2498431.75 ], [ 645842.87923195771873, 2498431.736757998354733 ], [ 645843.131015522754751, 2498431.697159521281719 ], [ 645843.377925881650299, 2498431.631585923489183 ], [ 645843.617585152736865, 2498431.540668714325875 ], [ 645843.847685286193155, 2498431.425283477175981 ], [ 645844.066010291920975, 2498431.286541434004903 ], [ 645844.270457580802031, 2498431.125778746791184 ], [ 645844.459058213746175, 2498430.94454364804551 ], [ 645844.629995863419026, 2498430.744581531267613 ], [ 645844.781624306924641, 2498430.5278181405738 ], [ 645844.912483279360458, 2498430.296341026201844 ], [ 645845.021312537486665, 2498430.05237943911925 ], [ 645845.107063995790668, 2498429.798282862640917 ], [ 645845.168911821092479, 2498429.536498385481536 ], [ 645845.206260384758934, 2498429.269547136034817 ], [ 645845.21875, 2498429.0 ] ] ] } },
{ "type": "Feature", "properties": { "xmin": 101.19099, "ymin": 1002.2437, "xmax": 132.48659, "ymax": 1028.3759, "score": 0.54173172, "label": "Tree", "tile_idx": 8, "geo_xmin": 645650.19, "geo_ymin": 2498261.2, "geo_xmax": 645658.62, "geo_ymax": 2498268.5, "center_x": 645654.38, "center_y": 2498265.0, "width_m": 8.4375, "height_m": 7.25, "crown_diameter_m": 7.8212452, "lon": 88.416876552519454, "lat": 22.584933702693526, "crown_area_raw_m2": 48.044281, "crown_area_calibrated_m2": 57.653141, "agb_tree_kg": 101.15484202107478 }, "geometry": { "type": "Polygon", "coordinates": [ [ [ 645658.59375, 2498265.0 ], [ 645658.573435565689579, 2498264.644687866326421 ], [ 645658.512687901733443, 2498264.292797582689673 ], [ 645658.412092041340657, 2498263.947718044742942 ], [ 645658.272616777801886, 2498263.612772557884455 ], [ 645658.095605333917774, 2498263.291186829097569 ], [ 645657.882762426859699, 2498262.986057905480266 ], [ 645657.636137850116938, 2498262.700324344914407 ], [ 645657.358106733183376, 2498262.436737918294966 ], [ 645657.051346667576581, 2498262.197837106417865 ], [ 645656.718811920494772, 2498261.985922655556351 ], [ 645656.363704983494245, 2498261.803035416640341 ], [ 645655.989445730345324, 2498261.650936694815755 ], [ 645655.599638482206501, 2498261.531091283075511 ], [ 645655.198037295951508, 2498261.444653358310461 ], [ 645654.788509810809046, 2498261.392455365974456 ], [ 645654.375, 2498261.375 ], [ 645653.961490189190954, 2498261.392455365974456 ], [ 645653.551962704048492, 2498261.444653358310461 ], [ 645653.150361517793499, 2498261.531091283075511 ], [ 645652.760554269654676, 2498261.650936694815755 ], [ 645652.386295016505755, 2498261.803035416640341 ], [ 645652.031188079505228, 2498261.985922655556351 ], [ 645651.698653332423419, 2498262.197837106417865 ], [ 645651.391893266816624, 2498262.436737918294966 ], [ 645651.113862149883062, 2498262.700324344914407 ], [ 645650.867237573140301, 2498262.986057905480266 ], [ 645650.654394666082226, 2498263.291186829097569 ], [ 645650.477383222198114, 2498263.612772557884455 ], [ 645650.337907958659343, 2498263.947718044742942 ], [ 645650.237312098266557, 2498264.292797582689673 ], [ 645650.176564434310421, 2498264.644687866326421 ], [ 645650.15625, 2498265.0 ], [ 645650.176564434310421, 2498265.355312133673579 ], [ 645650.237312098266557, 2498265.707202417310327 ], [ 645650.337907958659343, 2498266.052281955257058 ], [ 645650.477383222198114, 2498266.387227442115545 ], [ 645650.654394666082226, 2498266.708813170902431 ], [ 645650.867237573140301, 2498267.013942094519734 ], [ 645651.113862149883062, 2498267.299675655085593 ], [ 645651.391893266816624, 2498267.563262081705034 ], [ 645651.698653332423419, 2498267.802162893582135 ], [ 645652.031188079505228, 2498268.014077344443649 ], [ 645652.386295016505755, 2498268.196964583359659 ], [ 645652.760554269654676, 2498268.349063305184245 ], [ 645653.150361517793499, 2498268.468908716924489 ], [ 645653.551962704048492, 2498268.555346641689539 ], [ 645653.961490189190954, 2498268.607544634025544 ], [ 645654.375, 2498268.625 ], [ 645654.788509810809046, 2498268.607544634025544 ], [ 645655.198037295951508, 2498268.555346641689539 ], [ 645655.599638482206501, 2498268.468908716924489 ], [ 645655.989445730345324, 2498268.349063305184245 ], [ 645656.363704983494245, 2498268.196964583359659 ], [ 645656.718811920494772, 2498268.014077344443649 ], [ 645657.051346667576581, 2498267.802162893582135 ], [ 645657.358106733183376, 2498267.563262081705034 ], [ 645657.636137850116938, 2498267.299675655085593 ], [ 645657.882762426859699, 2498267.013942094519734 ], [ 645658.095605333917774, 2498266.708813170902431 ], [ 645658.272616777801886, 2498266.387227442115545 ], [ 645658.412092041340657, 2498266.052281955257058 ], [ 645658.512687901733443, 2498265.707202417310327 ], [ 645658.573435565689579, 2498265.355312133673579 ], [ 645658.59375, 2498265.0 ] ] ] } },
{ "type": "Feature", "properties": { "xmin": 954.74109, "ymin": 435.25665, "xmax": 975.96924, "ymax": 456.03265, "score": 0.53366399, "label": "Tree", "tile_idx": 7, "geo_xmin": 645880.62, "geo_ymin": 2498415.8, "geo_xmax": 645886.38, "geo_ymax": 2498421.5, "center_x": 645883.5, "center_y": 2498418.5, "width_m": 5.75, "height_m": 5.75, "crown_diameter_m": 5.75, "lon": 88.419119082064839, "lat": 22.58630030954869, "crown_area_raw_m2": 25.967226, "crown_area_calibrated_m2": 31.160673, "agb_tree_kg": 48.282851246656108 }, "geometry": { "type": "Polygon", "coordinates": [ [ [ 645886.375, 2498418.5 ], [ 645886.361156089231372, 2498418.218200721777976 ], [ 645886.319757681107149, 2498417.939115324057639 ], [ 645886.251203465275466, 2498417.665431553032249 ], [ 645886.156153655960225, 2498417.399785132147372 ], [ 645886.035523634986021, 2498417.144734381698072 ], [ 645885.890475135412998, 2498416.902735580224544 ], [ 645885.722405053442344, 2498416.676119307987392 ], [ 645885.532931995927356, 2498416.467068003956228 ], [ 645885.323880692012608, 2498416.277594946790487 ], [ 645885.097264419891872, 2498416.109524864703417 ], [ 645884.855265618418343, 2498415.964476365130395 ], [ 645884.600214868085459, 2498415.84384634392336 ], [ 645884.334568447084166, 2498415.748796534724534 ], [ 645884.060884675825946, 2498415.680242318660021 ], [ 645883.781799278454855, 2498415.638843910768628 ], [ 645883.5, 2498415.625 ], [ 645883.218200721545145, 2498415.638843910768628 ], [ 645882.939115324174054, 2498415.680242318660021 ], [ 645882.665431552915834, 2498415.748796534724534 ], [ 645882.399785131914541, 2498415.84384634392336 ], [ 645882.144734381581657, 2498415.964476365130395 ], [ 645881.902735580108128, 2498416.109524864703417 ], [ 645881.676119307987392, 2498416.277594946790487 ], [ 645881.467068004072644, 2498416.467068003956228 ], [ 645881.277594946557656, 2498416.676119307987392 ], [ 645881.109524864587002, 2498416.902735580224544 ], [ 645880.964476365013979, 2498417.144734381698072 ], [ 645880.843846344039775, 2498417.399785132147372 ], [ 645880.748796534724534, 2498417.665431553032249 ], [ 645880.680242318892851, 2498417.939115324057639 ], [ 645880.638843910768628, 2498418.218200721777976 ], [ 645880.625, 2498418.5 ], [ 645880.638843910768628, 2498418.781799278222024 ], [ 645880.680242318892851, 2498419.060884675942361 ], [ 645880.748796534724534, 2498419.334568446967751 ], [ 645880.843846344039775, 2498419.600214867852628 ], [ 645880.964476365013979, 2498419.855265618301928 ], [ 645881.109524864587002, 2498420.097264419775456 ], [ 645881.277594946557656, 2498420.323880692012608 ], [ 645881.467068004072644, 2498420.532931996043772 ], [ 645881.676119307987392, 2498420.722405053209513 ], [ 645881.902735580108128, 2498420.890475135296583 ], [ 645882.144734381581657, 2498421.035523634869605 ], [ 645882.399785131914541, 2498421.15615365607664 ], [ 645882.665431552915834, 2498421.251203465275466 ], [ 645882.939115324174054, 2498421.319757681339979 ], [ 645883.218200721545145, 2498421.361156089231372 ], [ 645883.5, 2498421.375 ], [ 645883.781799278454855, 2498421.361156089231372 ], [ 645884.060884675825946, 2498421.319757681339979 ], [ 645884.334568447084166, 2498421.251203465275466 ], [ 645884.600214868085459, 2498421.15615365607664 ], [ 645884.855265618418343, 2498421.035523634869605 ], [ 645885.097264419891872, 2498420.890475135296583 ], [ 645885.323880692012608, 2498420.722405053209513 ], [ 645885.532931995927356, 2498420.532931996043772 ], [ 645885.722405053442344, 2498420.323880692012608 ], [ 645885.890475135412998, 2498420.097264419775456 ], [ 645886.035523634986021, 2498419.855265618301928 ], [ 645886.156153655960225, 2498419.600214867852628 ], [ 645886.251203465275466, 2498419.334568446967751 ], [ 645886.319757681107149, 2498419.060884675942361 ], [ 645886.361156089231372, 2498418.781799278222024 ], [ 645886.375, 2498418.5 ] ] ] } },
{ "type": "Feature", "properties": { "xmin": 971.19171, "ymin": 468.89136, "xmax": 1006.0168, "ymax": 505.0697, "score": 0.51545483, "label": "Tree", "tile_idx": 6, "geo_xmin": 645885.12, "geo_ymin": 2498402.8, "geo_xmax": 645894.5, "geo_ymax": 2498412.5, "center_x": 645889.81, "center_y": 2498407.5, "width_m": 9.375, "height_m": 9.75, "crown_diameter_m": 9.5606613, "lon": 88.41917945611165, "lat": 22.586200424664778, "crown_area_raw_m2": 71.790306, "crown_area_calibrated_m2": 86.148369, "agb_tree_kg": 163.92470188507053 }, "geometry": { "type": "Polygon", "coordinates": [ [ [ 645894.5, 2498407.5 ], [ 645894.477428406244144, 2498407.022166440729052 ], [ 645894.409931001835503, 2498406.548934679944068 ], [ 645894.298157823737711, 2498406.084862198214978 ], [ 645894.143185308668762, 2498405.634418267291039 ], [ 645893.94650592666585, 2498405.201940908096731 ], [ 645893.710013807634823, 2498404.791595113929361 ], [ 645893.435986500116996, 2498404.407332739792764 ], [ 645893.127063036779873, 2498404.052854441571981 ], [ 645892.786218519555405, 2498403.731574039906263 ], [ 645892.416735467268154, 2498403.44658563984558 ], [ 645892.022172203869559, 2498403.200633836444467 ], [ 645891.606328589259647, 2498402.996087279170752 ], [ 645891.17320942459628, 2498402.834915863350034 ], [ 645890.72698588448111, 2498402.718671758193523 ], [ 645890.271955345291644, 2498402.648474457673728 ], [ 645889.8125, 2498402.625 ], [ 645889.353044654708356, 2498402.648474457673728 ], [ 645888.89801411551889, 2498402.718671758193523 ], [ 645888.45179057540372, 2498402.834915863350034 ], [ 645888.018671410740353, 2498402.996087279170752 ], [ 645887.602827796130441, 2498403.200633836444467 ], [ 645887.208264532731846, 2498403.44658563984558 ], [ 645886.838781480444595, 2498403.731574039906263 ], [ 645886.497936963220127, 2498404.052854441571981 ], [ 645886.189013499883004, 2498404.407332739792764 ], [ 645885.914986192365177, 2498404.791595113929361 ], [ 645885.67849407333415, 2498405.201940908096731 ], [ 645885.481814691331238, 2498405.634418267291039 ], [ 645885.326842176262289, 2498406.084862198214978 ], [ 645885.215068998164497, 2498406.548934679944068 ], [ 645885.147571593755856, 2498407.022166440729052 ], [ 645885.125, 2498407.5 ], [ 645885.147571593755856, 2498407.977833559270948 ], [ 645885.215068998164497, 2498408.451065320055932 ], [ 645885.326842176262289, 2498408.915137801785022 ], [ 645885.481814691331238, 2498409.365581732708961 ], [ 645885.67849407333415, 2498409.798059091903269 ], [ 645885.914986192365177, 2498410.208404886070639 ], [ 645886.189013499883004, 2498410.592667260207236 ], [ 645886.497936963220127, 2498410.947145558428019 ], [ 645886.838781480444595, 2498411.268425960093737 ], [ 645887.208264532731846, 2498411.55341436015442 ], [ 645887.602827796130441, 2498411.799366163555533 ], [ 645888.018671410740353, 2498412.003912720829248 ], [ 645888.45179057540372, 2498412.165084136649966 ], [ 645888.89801411551889, 2498412.281328241806477 ], [ 645889.353044654708356, 2498412.351525542326272 ], [ 645889.8125, 2498412.375 ], [ 645890.271955345291644, 2498412.351525542326272 ], [ 645890.72698588448111, 2498412.281328241806477 ], [ 645891.17320942459628, 2498412.165084136649966 ], [ 645891.606328589259647, 2498412.003912720829248 ], [ 645892.022172203869559, 2498411.799366163555533 ], [ 645892.416735467268154, 2498411.55341436015442 ], [ 645892.786218519555405, 2498411.268425960093737 ], [ 645893.127063036779873, 2498410.947145558428019 ], [ 645893.435986500116996, 2498410.592667260207236 ], [ 645893.710013807634823, 2498410.208404886070639 ], [ 645893.94650592666585, 2498409.798059091903269 ], [ 645894.143185308668762, 2498409.365581732708961 ], [ 645894.298157823737711, 2498408.915137801785022 ], [ 645894.409931001835503, 2498408.451065320055932 ], [ 645894.477428406244144, 2498407.977833559270948 ], [ 645894.5, 2498407.5 ] ] ] } },
{ "type": "Feature", "properties": { "xmin": 747.6684, "ymin": 517.36597, "xmax": 770.03717, "ymax": 541.35571, "score": 0.5003767, "label": "Tree", "tile_idx": 6, "geo_xmin": 645824.75, "geo_ymin": 2498392.8, "geo_xmax": 645830.81, "geo_ymax": 2498399.2, "center_x": 645827.75, "center_y": 2498396.0, "width_m": 6.0625, "height_m": 6.5, "crown_diameter_m": 6.2774396, "lon": 88.418574806141038, "lat": 22.586101898723111, "crown_area_raw_m2": 30.949596, "crown_area_calibrated_m2": 37.139519, "agb_tree_kg": 59.623935951926526 }, "geometry": { "type": "Polygon", "coordinates": [ [ [ 645830.78125, 2498396.0 ], [ 645830.766653702710755, 2498395.681444293819368 ], [ 645830.723005381179973, 2498395.365956453606486 ], [ 645830.650725392741151, 2498395.056574799120426 ], [ 645830.55050983291585, 2498394.756278845015913 ], [ 645830.423323832568713, 2498394.46796060539782 ], [ 645830.27039226226043, 2498394.194396742619574 ], [ 645830.093187936698087, 2498393.93822182668373 ], [ 645829.893417430459522, 2498393.701902961358428 ], [ 645829.673004642594606, 2498393.487716026604176 ], [ 645829.434072268893942, 2498393.297723759897053 ], [ 645829.178921358543448, 2498393.133755890652537 ], [ 645828.910009154351428, 2498392.997391519136727 ], [ 645828.629925427958369, 2498392.889943908900023 ], [ 645828.341367538669147, 2498392.812447838485241 ], [ 645828.047114456654526, 2498392.765649638138711 ], [ 645827.75, 2498392.75 ], [ 645827.452885543345474, 2498392.765649638138711 ], [ 645827.158632461330853, 2498392.812447838485241 ], [ 645826.870074572041631, 2498392.889943908900023 ], [ 645826.589990845648572, 2498392.997391519136727 ], [ 645826.321078641456552, 2498393.133755890652537 ], [ 645826.065927731106058, 2498393.297723759897053 ], [ 645825.826995357405394, 2498393.487716026604176 ], [ 645825.606582569540478, 2498393.701902961358428 ], [ 645825.406812063301913, 2498393.93822182668373 ], [ 645825.22960773773957, 2498394.194396742619574 ], [ 645825.076676167431287, 2498394.46796060539782 ], [ 645824.94949016708415, 2498394.756278845015913 ], [ 645824.849274607258849, 2498395.056574799120426 ], [ 645824.776994618820027, 2498395.365956453606486 ], [ 645824.733346297289245, 2498395.681444293819368 ], [ 645824.71875, 2498396.0 ], [ 645824.733346297289245, 2498396.318555706180632 ], [ 645824.776994618820027, 2498396.634043546393514 ], [ 645824.849274607258849, 2498396.943425200879574 ], [ 645824.94949016708415, 2498397.243721154984087 ], [ 645825.076676167431287, 2498397.53203939460218 ], [ 645825.22960773773957, 2498397.805603257380426 ], [ 645825.406812063301913, 2498398.06177817331627 ], [ 645825.606582569540478, 2498398.298097038641572 ], [ 645825.826995357405394, 2498398.512283973395824 ], [ 645826.065927731106058, 2498398.702276240102947 ], [ 645826.321078641456552, 2498398.866244109347463 ], [ 645826.589990845648572, 2498399.002608480863273 ], [ 645826.870074572041631, 2498399.110056091099977 ], [ 645827.158632461330853, 2498399.187552161514759 ], [ 645827.452885543345474, 2498399.234350361861289 ], [ 645827.75, 2498399.25 ], [ 645828.047114456654526, 2498399.234350361861289 ], [ 645828.341367538669147, 2498399.187552161514759 ], [ 645828.629925427958369, 2498399.110056091099977 ], [ 645828.910009154351428, 2498399.002608480863273 ], [ 645829.178921358543448, 2498398.866244109347463 ], [ 645829.434072268893942, 2498398.702276240102947 ], [ 645829.673004642594606, 2498398.512283973395824 ], [ 645829.893417430459522, 2498398.298097038641572 ], [ 645830.093187936698087, 2498398.06177817331627 ], [ 645830.27039226226043, 2498397.805603257380426 ], [ 645830.423323832568713, 2498397.53203939460218 ], [ 645830.55050983291585, 2498397.243721154984087 ], [ 645830.650725392741151, 2498396.943425200879574 ], [ 645830.723005381179973, 2498396.634043546393514 ], [ 645830.766653702710755, 2498396.318555706180632 ], [ 645830.78125, 2498396.0 ] ] ] } },
{ "type": "Feature", "properties": { "xmin": 110.0798, "ymin": 969.59387, "xmax": 143.27058, "ymax": 1002.5383, "score": 0.49385354, "label": "Tree", "tile_idx": 12, "geo_xmin": 645652.62, "geo_ymin": 2498268.2, "geo_xmax": 645661.56, "geo_ymax": 2498277.2, "center_x": 645657.12, "center_y": 2498272.8, "width_m": 8.9375, "height_m": 9.0, "crown_diameter_m": 8.9686956, "lon": 88.416904013296303, "lat": 22.585003458115953, "crown_area_raw_m2": 63.175468, "crown_area_calibrated_m2": 75.810562, "agb_tree_kg": 140.57646360865124 }, "geometry": { "type": "Polygon", "coordinates": [ [ [ 645661.59375, 2498272.75 ], [ 645661.572231747326441, 2498272.30892286868766 ], [ 645661.507884221849963, 2498271.872093550860882 ], [ 645661.401327125262469, 2498271.443718952126801 ], [ 645661.25358666095417, 2498271.027924554422498 ], [ 645661.066085650003515, 2498270.628714684396982 ], [ 645660.840629830025136, 2498270.249933951534331 ], [ 645660.579390463419259, 2498269.895230221096426 ], [ 645660.284883428481407, 2498269.568019484635442 ], [ 645659.95994498860091, 2498269.271452960092574 ], [ 645659.60770447878167, 2498269.008386744651943 ], [ 645659.231554167694412, 2498268.781354310456663 ], [ 645658.835116588394158, 2498268.592542103491724 ], [ 645658.422209651442245, 2498268.443768489174545 ], [ 645657.996809876523912, 2498268.336466238368303 ], [ 645657.563014095881954, 2498268.271668729837984 ], [ 645657.125, 2498268.25 ], [ 645656.686985904118046, 2498268.271668729837984 ], [ 645656.253190123476088, 2498268.336466238368303 ], [ 645655.827790348557755, 2498268.443768489174545 ], [ 645655.414883411605842, 2498268.592542103491724 ], [ 645655.018445832305588, 2498268.781354310456663 ], [ 645654.64229552121833, 2498269.008386744651943 ], [ 645654.29005501139909, 2498269.271452960092574 ], [ 645653.965116571518593, 2498269.568019484635442 ], [ 645653.670609536580741, 2498269.895230221096426 ], [ 645653.409370169974864, 2498270.249933951534331 ], [ 645653.183914349996485, 2498270.628714684396982 ], [ 645652.99641333904583, 2498271.027924554422498 ], [ 645652.848672874737531, 2498271.443718952126801 ], [ 645652.742115778150037, 2498271.872093550860882 ], [ 645652.677768252673559, 2498272.30892286868766 ], [ 645652.65625, 2498272.75 ], [ 645652.677768252673559, 2498273.19107713131234 ], [ 645652.742115778150037, 2498273.627906449139118 ], [ 645652.848672874737531, 2498274.056281047873199 ], [ 645652.99641333904583, 2498274.472075445577502 ], [ 645653.183914349996485, 2498274.871285315603018 ], [ 645653.409370169974864, 2498275.250066048465669 ], [ 645653.670609536580741, 2498275.604769778903574 ], [ 645653.965116571518593, 2498275.931980515364558 ], [ 645654.29005501139909, 2498276.228547039907426 ], [ 645654.64229552121833, 2498276.491613255348057 ], [ 645655.018445832305588, 2498276.718645689543337 ], [ 645655.414883411605842, 2498276.907457896508276 ], [ 645655.827790348557755, 2498277.056231510825455 ], [ 645656.253190123476088, 2498277.163533761631697 ], [ 645656.686985904118046, 2498277.228331270162016 ], [ 645657.125, 2498277.25 ], [ 645657.563014095881954, 2498277.228331270162016 ], [ 645657.996809876523912, 2498277.163533761631697 ], [ 645658.422209651442245, 2498277.056231510825455 ], [ 645658.835116588394158, 2498276.907457896508276 ], [ 645659.231554167694412, 2498276.718645689543337 ], [ 645659.60770447878167, 2498276.491613255348057 ], [ 645659.95994498860091, 2498276.228547039907426 ], [ 645660.284883428481407, 2498275.931980515364558 ], [ 645660.579390463419259, 2498275.604769778903574 ], [ 645660.840629830025136, 2498275.250066048465669 ], [ 645661.066085650003515, 2498274.871285315603018 ], [ 645661.25358666095417, 2498274.472075445577502 ], [ 645661.401327125262469, 2498274.056281047873199 ], [ 645661.507884221849963, 2498273.627906449139118 ], [ 645661.572231747326441, 2498273.19107713131234 ], [ 645661.59375, 2498272.75 ] ] ] } },
{ "type": "Feature", "properties": { "xmin": 828.29034, "ymin": 423.00018, "xmax": 845.83069, "ymax": 440.4361, "score": 0.49043414, "label": "Tree", "tile_idx": 7, "geo_xmin": 645846.5, "geo_ymin": 2498420.0, "geo_xmax": 645851.25, "geo_ymax": 2498424.8, "center_x": 645848.88, "center_y": 2498422.5, "width_m": 4.75, "height_m": 4.75, "crown_diameter_m": 4.75, "lon": 88.418782707920698, "lat": 22.586339409046438, "crown_area_raw_m2": 17.720547, "crown_area_calibrated_m2": 21.264656, "agb_tree_kg": 30.501615877004191 }, "geometry": { "type": "Polygon", "coordinates": [ [ [ 645851.25, 2498422.5 ], [ 645851.238563725841232, 2498422.267209291923791 ], [ 645851.204365040990524, 2498422.036660485435277 ], [ 645851.147733297315426, 2498421.810573891736567 ], [ 645851.069213889772072, 2498421.591126848012209 ], [ 645850.969563002814539, 2498421.380432750098407 ], [ 645850.849740329198539, 2498421.180520696565509 ], [ 645850.710899826721288, 2498420.993315950036049 ], [ 645850.554378605331294, 2498420.82062139455229 ], [ 645850.381684049847536, 2498420.664100173395127 ], [ 645850.194479303434491, 2498420.525259670801461 ], [ 645849.994567250018008, 2498420.405436997301877 ], [ 645849.783873151871376, 2498420.305786110460758 ], [ 645849.564426108496264, 2498420.227266702800989 ], [ 645849.338339514797553, 2498420.170634958893061 ], [ 645849.107790708309039, 2498420.136436274275184 ], [ 645848.875, 2498420.125 ], [ 645848.642209291690961, 2498420.136436274275184 ], [ 645848.411660485202447, 2498420.170634958893061 ], [ 645848.185573891503736, 2498420.227266702800989 ], [ 645847.966126848128624, 2498420.305786110460758 ], [ 645847.755432749981992, 2498420.405436997301877 ], [ 645847.555520696565509, 2498420.525259670801461 ], [ 645847.368315950152464, 2498420.664100173395127 ], [ 645847.195621394668706, 2498420.82062139455229 ], [ 645847.039100173278712, 2498420.993315950036049 ], [ 645846.900259670801461, 2498421.180520696565509 ], [ 645846.780436997185461, 2498421.380432750098407 ], [ 645846.680786110227928, 2498421.591126848012209 ], [ 645846.602266702684574, 2498421.810573891736567 ], [ 645846.545634959009476, 2498422.036660485435277 ], [ 645846.511436274158768, 2498422.267209291923791 ], [ 645846.5, 2498422.5 ], [ 645846.511436274158768, 2498422.732790708076209 ], [ 645846.545634959009476, 2498422.963339514564723 ], [ 645846.602266702684574, 2498423.189426108263433 ], [ 645846.680786110227928, 2498423.408873151987791 ], [ 645846.780436997185461, 2498423.619567249901593 ], [ 645846.900259670801461, 2498423.819479303434491 ], [ 645847.039100173278712, 2498424.006684049963951 ], [ 645847.195621394668706, 2498424.17937860544771 ], [ 645847.368315950152464, 2498424.335899826604873 ], [ 645847.555520696565509, 2498424.474740329198539 ], [ 645847.755432749981992, 2498424.594563002698123 ], [ 645847.966126848128624, 2498424.694213889539242 ], [ 645848.185573891503736, 2498424.772733297199011 ], [ 645848.411660485202447, 2498424.829365041106939 ], [ 645848.642209291690961, 2498424.863563725724816 ], [ 645848.875, 2498424.875 ], [ 645849.107790708309039, 2498424.863563725724816 ], [ 645849.338339514797553, 2498424.829365041106939 ], [ 645849.564426108496264, 2498424.772733297199011 ], [ 645849.783873151871376, 2498424.694213889539242 ], [ 645849.994567250018008, 2498424.594563002698123 ], [ 645850.194479303434491, 2498424.474740329198539 ], [ 645850.381684049847536, 2498424.335899826604873 ], [ 645850.554378605331294, 2498424.17937860544771 ], [ 645850.710899826721288, 2498424.006684049963951 ], [ 645850.849740329198539, 2498423.819479303434491 ], [ 645850.969563002814539, 2498423.619567249901593 ], [ 645851.069213889772072, 2498423.408873151987791 ], [ 645851.147733297315426, 2498423.189426108263433 ], [ 645851.204365040990524, 2498422.963339514564723 ], [ 645851.238563725841232, 2498422.732790708076209 ], [ 645851.25, 2498422.5 ] ] ] } },
{ "type": "Feature", "properties": { "xmin": 757.66309, "ymin": 550.56799, "xmax": 781.92896, "ymax": 573.04504, "score": 0.48896483, "label": "Tree", "tile_idx": 7, "geo_xmin": 645827.44, "geo_ymin": 2498384.2, "geo_xmax": 645834.0, "geo_ymax": 2498390.2, "center_x": 645830.75, "center_y": 2498387.2, "width_m": 6.5625, "height_m": 6.0, "crown_diameter_m": 6.27495, "lon": 88.418603173107257, "lat": 22.586022618614798, "crown_area_raw_m2": 30.925055, "crown_area_calibrated_m2": 37.110065, "agb_tree_kg": 59.56710624367885 }, "geometry": { "type": "Polygon", "coordinates": [ [ [ 645834.03125, 2498387.25 ], [ 645834.015449884347618, 2498386.955948579125106 ], [ 645833.968201701296493, 2498386.664729034062475 ], [ 645833.889960476662964, 2498386.379145968239754 ], [ 645833.781479716068134, 2498386.101949702948332 ], [ 645833.643804148654453, 2498385.835809789597988 ], [ 645833.478259665425867, 2498385.583289301022887 ], [ 645833.286440550116822, 2498385.346820147708058 ], [ 645833.070194125757553, 2498385.128679656423628 ], [ 645832.831602963618934, 2498384.930968639906496 ], [ 645832.572964827064425, 2498384.755591162946075 ], [ 645832.296770542743616, 2498384.604236206971109 ], [ 645832.005680012400262, 2498384.478361402638257 ], [ 645831.702496597194113, 2498384.37917899293825 ], [ 645831.390140119125135, 2498384.307644158601761 ], [ 645831.071618741727434, 2498384.264445819891989 ], [ 645830.75, 2498384.25 ], [ 645830.428381258272566, 2498384.264445819891989 ], [ 645830.109859880874865, 2498384.307644158601761 ], [ 645829.797503402805887, 2498384.37917899293825 ], [ 645829.494319987599738, 2498384.478361402638257 ], [ 645829.203229457256384, 2498384.604236206971109 ], [ 645828.927035172935575, 2498384.755591162946075 ], [ 645828.668397036381066, 2498384.930968639906496 ], [ 645828.429805874242447, 2498385.128679656423628 ], [ 645828.213559449883178, 2498385.346820147708058 ], [ 645828.021740334574133, 2498385.583289301022887 ], [ 645827.856195851345547, 2498385.835809789597988 ], [ 645827.718520283931866, 2498386.101949702948332 ], [ 645827.610039523337036, 2498386.379145968239754 ], [ 645827.531798298703507, 2498386.664729034062475 ], [ 645827.484550115652382, 2498386.955948579125106 ], [ 645827.46875, 2498387.25 ], [ 645827.484550115652382, 2498387.544051420874894 ], [ 645827.531798298703507, 2498387.835270965937525 ], [ 645827.610039523337036, 2498388.120854031760246 ], [ 645827.718520283931866, 2498388.398050297051668 ], [ 645827.856195851345547, 2498388.664190210402012 ], [ 645828.021740334574133, 2498388.916710698977113 ], [ 645828.213559449883178, 2498389.153179852291942 ], [ 645828.429805874242447, 2498389.371320343576372 ], [ 645828.668397036381066, 2498389.569031360093504 ], [ 645828.927035172935575, 2498389.744408837053925 ], [ 645829.203229457256384, 2498389.895763793028891 ], [ 645829.494319987599738, 2498390.021638597361743 ], [ 645829.797503402805887, 2498390.12082100706175 ], [ 645830.109859880874865, 2498390.192355841398239 ], [ 645830.428381258272566, 2498390.235554180108011 ], [ 645830.75, 2498390.25 ], [ 645831.071618741727434, 2498390.235554180108011 ], [ 645831.390140119125135, 2498390.192355841398239 ], [ 645831.702496597194113, 2498390.12082100706175 ], [ 645832.005680012400262, 2498390.021638597361743 ], [ 645832.296770542743616, 2498389.895763793028891 ], [ 645832.572964827064425, 2498389.744408837053925 ], [ 645832.831602963618934, 2498389.569031360093504 ], [ 645833.070194125757553, 2498389.371320343576372 ], [ 645833.286440550116822, 2498389.153179852291942 ], [ 645833.478259665425867, 2498388.916710698977113 ], [ 645833.643804148654453, 2498388.664190210402012 ], [ 645833.781479716068134, 2498388.398050297051668 ], [ 645833.889960476662964, 2498388.120854031760246 ], [ 645833.968201701296493, 2498387.835270965937525 ], [ 645834.015449884347618, 2498387.544051420874894 ], [ 645834.03125, 2498387.25 ] ] ] } },
{ "type": "Feature", "properties": { "xmin": 86.984406, "ymin": 959.31458, "xmax": 104.35806, "ymax": 975.18628, "score": 0.48404068, "label": "Tree", "tile_idx": 12, "geo_xmin": 645646.38, "geo_ymin": 2498275.8, "geo_xmax": 645651.06, "geo_ymax": 2498280.0, "center_x": 645648.75, "center_y": 2498278.0, "width_m": 4.6875, "height_m": 4.25, "crown_diameter_m": 4.4633927, "lon": 88.416823048221332, "lat": 22.585051590088739, "crown_area_raw_m2": 15.646605, "crown_area_calibrated_m2": 18.775927, "agb_tree_kg": 26.263119847354101 }, "geometry": { "type": "Polygon", "coordinates": [ [ [ 645651.09375, 2498278.0 ], [ 645651.082464203122072, 2498277.791713576763868 ], [ 645651.048715500975959, 2498277.585433065891266 ], [ 645650.992828911868855, 2498277.383145060855895 ], [ 645650.915342654334381, 2498277.186797706410289 ], [ 645650.817002963274717, 2498276.998281934298575 ], [ 645650.698756903875619, 2498276.819413254968822 ], [ 645650.561743250116706, 2498276.651914271060377 ], [ 645650.407281518448144, 2498276.497398090083152 ], [ 645650.236859259777702, 2498276.357352786697447 ], [ 645650.052117733634077, 2498276.233127073850483 ], [ 645649.854836101992987, 2498276.125917313154787 ], [ 645649.646914294571616, 2498276.036755993496627 ], [ 645649.43035471229814, 2498275.966501786373556 ], [ 645649.207242942182347, 2498275.915831279009581 ], [ 645648.979727672645822, 2498275.885232456028461 ], [ 645648.75, 2498275.875 ], [ 645648.520272327354178, 2498275.885232456028461 ], [ 645648.292757057817653, 2498275.915831279009581 ], [ 645648.06964528770186, 2498275.966501786373556 ], [ 645647.853085705428384, 2498276.036755993496627 ], [ 645647.645163898007013, 2498276.125917313154787 ], [ 645647.447882266365923, 2498276.233127073850483 ], [ 645647.263140740222298, 2498276.357352786697447 ], [ 645647.092718481551856, 2498276.497398090083152 ], [ 645646.938256749883294, 2498276.651914271060377 ], [ 645646.801243096124381, 2498276.819413254968822 ], [ 645646.682997036725283, 2498276.998281934298575 ], [ 645646.584657345665619, 2498277.186797706410289 ], [ 645646.507171088131145, 2498277.383145060855895 ], [ 645646.451284499024041, 2498277.585433065891266 ], [ 645646.417535796877928, 2498277.791713576763868 ], [ 645646.40625, 2498278.0 ], [ 645646.417535796877928, 2498278.208286423236132 ], [ 645646.451284499024041, 2498278.414566934108734 ], [ 645646.507171088131145, 2498278.616854939144105 ], [ 645646.584657345665619, 2498278.813202293589711 ], [ 645646.682997036725283, 2498279.001718065701425 ], [ 645646.801243096124381, 2498279.180586745031178 ], [ 645646.938256749883294, 2498279.348085728939623 ], [ 645647.092718481551856, 2498279.502601909916848 ], [ 645647.263140740222298, 2498279.642647213302553 ], [ 645647.447882266365923, 2498279.766872926149517 ], [ 645647.645163898007013, 2498279.874082686845213 ], [ 645647.853085705428384, 2498279.963244006503373 ], [ 645648.06964528770186, 2498280.033498213626444 ], [ 645648.292757057817653, 2498280.084168720990419 ], [ 645648.520272327354178, 2498280.114767543971539 ], [ 645648.75, 2498280.125 ], [ 645648.979727672645822, 2498280.114767543971539 ], [ 645649.207242942182347, 2498280.084168720990419 ], [ 645649.43035471229814, 2498280.033498213626444 ], [ 645649.646914294571616, 2498279.963244006503373 ], [ 645649.854836101992987, 2498279.874082686845213 ], [ 645650.052117733634077, 2498279.766872926149517 ], [ 645650.236859259777702, 2498279.642647213302553 ], [ 645650.407281518448144, 2498279.502601909916848 ], [ 645650.561743250116706, 2498279.348085728939623 ], [ 645650.698756903875619, 2498279.180586745031178 ], [ 645650.817002963274717, 2498279.001718065701425 ], [ 645650.915342654334381, 2498278.813202293589711 ], [ 645650.992828911868855, 2498278.616854939144105 ], [ 645651.048715500975959, 2498278.414566934108734 ], [ 645651.082464203122072, 2498278.208286423236132 ], [ 645651.09375, 2498278.0 ] ] ] } },
{ "type": "Feature", "properties": { "xmin": 657.0, "ymin": 363.26791, "xmax": 666.09827, "ymax": 388.08813, "score": 0.47987261, "label": "Tree", "tile_idx": 7, "geo_xmin": 645800.25, "geo_ymin": 2498434.2, "geo_xmax": 645802.75, "geo_ymax": 2498441.0, "center_x": 645801.5, "center_y": 2498437.5, "width_m": 2.5, "height_m": 6.75, "crown_diameter_m": 4.1079192, "lon": 88.418323351110502, "lat": 22.586478945365872, "crown_area_raw_m2": 13.253594, "crown_area_calibrated_m2": 15.904314, "agb_tree_kg": 21.512874524072174 }, "geometry": { "type": "Polygon", "coordinates": [ [ [ 645802.75, 2498437.5 ], [ 645802.743980908300728, 2498437.169192151166499 ], [ 645802.725981600466184, 2498436.841570163145661 ], [ 645802.696175419609062, 2498436.520289214327931 ], [ 645802.654849415645003, 2498436.208443415816873 ], [ 645802.602401580428705, 2498435.909036013297737 ], [ 645802.539337015361525, 2498435.624950463417917 ], [ 645802.466263066744432, 2498435.358922665938735 ], [ 645802.383883476490155, 2498435.113514613360167 ], [ 645802.292991605238058, 2498434.891089719720185 ], [ 645802.194462791318074, 2498434.693790058605373 ], [ 645802.089245921000838, 2498434.523515732958913 ], [ 645801.978354290477, 2498434.381906577851623 ], [ 645801.862855846527964, 2498434.270326367113739 ], [ 645801.743862902512774, 2498434.189849678426981 ], [ 645801.622521425364539, 2498434.141251547262073 ], [ 645801.5, 2498434.125 ], [ 645801.377478574635461, 2498434.141251547262073 ], [ 645801.256137097487226, 2498434.189849678426981 ], [ 645801.137144153472036, 2498434.270326367113739 ], [ 645801.021645709523, 2498434.381906577851623 ], [ 645800.910754078999162, 2498434.523515732958913 ], [ 645800.805537208681926, 2498434.693790058605373 ], [ 645800.707008394761942, 2498434.891089719720185 ], [ 645800.616116523509845, 2498435.113514613360167 ], [ 645800.533736933255568, 2498435.358922665938735 ], [ 645800.460662984638475, 2498435.624950463417917 ], [ 645800.397598419571295, 2498435.909036013297737 ], [ 645800.345150584354997, 2498436.208443415816873 ], [ 645800.303824580390938, 2498436.520289214327931 ], [ 645800.274018399533816, 2498436.841570163145661 ], [ 645800.256019091699272, 2498437.169192151166499 ], [ 645800.25, 2498437.5 ], [ 645800.256019091699272, 2498437.830807848833501 ], [ 645800.274018399533816, 2498438.158429836854339 ], [ 645800.303824580390938, 2498438.479710785672069 ], [ 645800.345150584354997, 2498438.791556584183127 ], [ 645800.397598419571295, 2498439.090963986702263 ], [ 645800.460662984638475, 2498439.375049536582083 ], [ 645800.533736933255568, 2498439.641077334061265 ], [ 645800.616116523509845, 2498439.886485386639833 ], [ 645800.707008394761942, 2498440.108910280279815 ], [ 645800.805537208681926, 2498440.306209941394627 ], [ 645800.910754078999162, 2498440.476484267041087 ], [ 645801.021645709523, 2498440.618093422148377 ], [ 645801.137144153472036, 2498440.729673632886261 ], [ 645801.256137097487226, 2498440.810150321573019 ], [ 645801.377478574635461, 2498440.858748452737927 ], [ 645801.5, 2498440.875 ], [ 645801.622521425364539, 2498440.858748452737927 ], [ 645801.743862902512774, 2498440.810150321573019 ], [ 645801.862855846527964, 2498440.729673632886261 ], [ 645801.978354290477, 2498440.618093422148377 ], [ 645802.089245921000838, 2498440.476484267041087 ], [ 645802.194462791318074, 2498440.306209941394627 ], [ 645802.292991605238058, 2498440.108910280279815 ], [ 645802.383883476490155, 2498439.886485386639833 ], [ 645802.466263066744432, 2498439.641077334061265 ], [ 645802.539337015361525, 2498439.375049536582083 ], [ 645802.602401580428705, 2498439.090963986702263 ], [ 645802.654849415645003, 2498438.791556584183127 ], [ 645802.696175419609062, 2498438.479710785672069 ], [ 645802.725981600466184, 2498438.158429836854339 ], [ 645802.743980908300728, 2498437.830807848833501 ], [ 645802.75, 2498437.5 ] ] ] } },
{ "type": "Feature", "properties": { "xmin": 668.10864, "ymin": 765.72693, "xmax": 696.64862, "ymax": 793.88379, "score": 0.47298667, "label": "Tree", "tile_idx": 14, "geo_xmin": 645803.25, "geo_ymin": 2498324.8, "geo_xmax": 645811.0, "geo_ymax": 2498332.2, "center_x": 645807.12, "center_y": 2498328.5, "width_m": 7.75, "height_m": 7.5, "crown_diameter_m": 7.6239753, "lon": 88.418367975930465, "lat": 22.58549406862177, "crown_area_raw_m2": 45.651268, "crown_area_calibrated_m2": 54.781525, "agb_tree_kg": 95.129603404319127 }, "geometry": { "type": "Polygon", "coordinates": [ [ [ 645811.0, 2498328.5 ], [ 645810.981340815895237, 2498328.132435723673552 ], [ 645810.925542961573228, 2498327.768411292228848 ], [ 645810.833143800962716, 2498327.411432460416108 ], [ 645810.705033188452944, 2498327.064937128685415 ], [ 645810.542444899328984, 2498326.732262236997485 ], [ 645810.346944747725502, 2498326.416611626278609 ], [ 645810.12041550676804, 2498326.121025184169412 ], [ 645809.86503877711948, 2498325.848349570762366 ], [ 645809.583273976109922, 2498325.601210799999535 ], [ 645809.277834652923048, 2498325.381988953799009 ], [ 645808.951662355219014, 2498325.192795258481055 ], [ 645808.60789830039721, 2498325.03545175306499 ], [ 645808.249853124376386, 2498324.911473740823567 ], [ 645807.880974997766316, 2498324.822055198717862 ], [ 645807.504816418746486, 2498324.768057275097817 ], [ 645807.125, 2498324.75 ], [ 645806.745183581253514, 2498324.768057275097817 ], [ 645806.369025002233684, 2498324.822055198717862 ], [ 645806.000146875623614, 2498324.911473740823567 ], [ 645805.64210169960279, 2498325.03545175306499 ], [ 645805.298337644780986, 2498325.192795258481055 ], [ 645804.972165347076952, 2498325.381988953799009 ], [ 645804.666726023890078, 2498325.601210799999535 ], [ 645804.38496122288052, 2498325.848349570762366 ], [ 645804.12958449323196, 2498326.121025184169412 ], [ 645803.903055252274498, 2498326.416611626278609 ], [ 645803.707555100671016, 2498326.732262236997485 ], [ 645803.544966811547056, 2498327.064937128685415 ], [ 645803.416856199037284, 2498327.411432460416108 ], [ 645803.324457038426772, 2498327.768411292228848 ], [ 645803.268659184104763, 2498328.132435723673552 ], [ 645803.25, 2498328.5 ], [ 645803.268659184104763, 2498328.867564276326448 ], [ 645803.324457038426772, 2498329.231588707771152 ], [ 645803.416856199037284, 2498329.588567539583892 ], [ 645803.544966811547056, 2498329.935062871314585 ], [ 645803.707555100671016, 2498330.267737763002515 ], [ 645803.903055252274498, 2498330.583388373721391 ], [ 645804.12958449323196, 2498330.878974815830588 ], [ 645804.38496122288052, 2498331.151650429237634 ], [ 645804.666726023890078, 2498331.398789200000465 ], [ 645804.972165347076952, 2498331.618011046200991 ], [ 645805.298337644780986, 2498331.807204741518945 ], [ 645805.64210169960279, 2498331.96454824693501 ], [ 645806.000146875623614, 2498332.088526259176433 ], [ 645806.369025002233684, 2498332.177944801282138 ], [ 645806.745183581253514, 2498332.231942724902183 ], [ 645807.125, 2498332.25 ], [ 645807.504816418746486, 2498332.231942724902183 ], [ 645807.880974997766316, 2498332.177944801282138 ], [ 645808.249853124376386, 2498332.088526259176433 ], [ 645808.60789830039721, 2498331.96454824693501 ], [ 645808.951662355219014, 2498331.807204741518945 ], [ 645809.277834652923048, 2498331.618011046200991 ], [ 645809.583273976109922, 2498331.398789200000465 ], [ 645809.86503877711948, 2498331.151650429237634 ], [ 645810.12041550676804, 2498330.878974815830588 ], [ 645810.346944747725502, 2498330.583388373721391 ], [ 645810.542444899328984, 2498330.267737763002515 ], [ 645810.705033188452944, 2498329.935062871314585 ], [ 645810.833143800962716, 2498329.588567539583892 ], [ 645810.925542961573228, 2498329.231588707771152 ], [ 645810.981340815895237, 2498328.867564276326448 ], [ 645811.0, 2498328.5 ] ] ] } },
{ "type": "Feature", "properties": { "xmin": 97.657349, "ymin": 122.00621, "xmax": 117.92572, "ymax": 142.59123, "score": 0.46432167, "label": "Tree", "tile_idx": 0, "geo_xmin": 645649.25, "geo_ymin": 2498500.5, "geo_xmax": 645654.69, "geo_ymax": 2498506.0, "center_x": 645652.0, "center_y": 2498503.2, "width_m": 5.4375, "height_m": 5.5, "crown_diameter_m": 5.4686608, "lon": 88.416875466191527, "lat": 22.587085575608349, "crown_area_raw_m2": 23.488316, "crown_area_calibrated_m2": 28.18598, "agb_tree_kg": 42.797392301097155 }, "geometry": { "type": "Polygon", "coordinates": [ [ [ 645654.71875, 2498503.25 ], [ 645654.705658475635573, 2498502.980452863965183 ], [ 645654.666509981150739, 2498502.713501614518464 ], [ 645654.601681537809782, 2498502.451717137359083 ], [ 645654.511797479004599, 2498502.19762056088075 ], [ 645654.397723437403329, 2498501.953658973798156 ], [ 645654.260558008449152, 2498501.7221818594262 ], [ 645654.101622170070186, 2498501.505418468732387 ], [ 645653.922446561395191, 2498501.30545635195449 ], [ 645653.724756741314195, 2498501.124221253208816 ], [ 645653.510456571006216, 2498500.963458565995097 ], [ 645653.281609878293239, 2498500.824716522824019 ], [ 645653.040420581703074, 2498500.709331285674125 ], [ 645652.789211466326378, 2498500.618414076510817 ], [ 645652.530401812982745, 2498500.552840478718281 ], [ 645652.266484100255184, 2498500.513242001645267 ], [ 645652.0, 2498500.5 ], [ 645651.733515899744816, 2498500.513242001645267 ], [ 645651.469598187017255, 2498500.552840478718281 ], [ 645651.210788533673622, 2498500.618414076510817 ], [ 645650.959579418296926, 2498500.709331285674125 ], [ 645650.718390121706761, 2498500.824716522824019 ], [ 645650.489543428993784, 2498500.963458565995097 ], [ 645650.275243258685805, 2498501.124221253208816 ], [ 645650.077553438604809, 2498501.30545635195449 ], [ 645649.898377829929814, 2498501.505418468732387 ], [ 645649.739441991550848, 2498501.7221818594262 ], [ 645649.602276562596671, 2498501.953658973798156 ], [ 645649.488202520995401, 2498502.19762056088075 ], [ 645649.398318462190218, 2498502.451717137359083 ], [ 645649.333490018849261, 2498502.713501614518464 ], [ 645649.294341524364427, 2498502.980452863965183 ], [ 645649.28125, 2498503.25 ], [ 645649.294341524364427, 2498503.519547136034817 ], [ 645649.333490018849261, 2498503.786498385481536 ], [ 645649.398318462190218, 2498504.048282862640917 ], [ 645649.488202520995401, 2498504.30237943911925 ], [ 645649.602276562596671, 2498504.546341026201844 ], [ 645649.739441991550848, 2498504.7778181405738 ], [ 645649.898377829929814, 2498504.994581531267613 ], [ 645650.077553438604809, 2498505.19454364804551 ], [ 645650.275243258685805, 2498505.375778746791184 ], [ 645650.489543428993784, 2498505.536541434004903 ], [ 645650.718390121706761, 2498505.675283477175981 ], [ 645650.959579418296926, 2498505.790668714325875 ], [ 645651.210788533673622, 2498505.881585923489183 ], [ 645651.469598187017255, 2498505.947159521281719 ], [ 645651.733515899744816, 2498505.986757998354733 ], [ 645652.0, 2498506.0 ], [ 645652.266484100255184, 2498505.986757998354733 ], [ 645652.530401812982745, 2498505.947159521281719 ], [ 645652.789211466326378, 2498505.881585923489183 ], [ 645653.040420581703074, 2498505.790668714325875 ], [ 645653.281609878293239, 2498505.675283477175981 ], [ 645653.510456571006216, 2498505.536541434004903 ], [ 645653.724756741314195, 2498505.375778746791184 ], [ 645653.922446561395191, 2498505.19454364804551 ], [ 645654.101622170070186, 2498504.994581531267613 ], [ 645654.260558008449152, 2498504.7778181405738 ], [ 645654.397723437403329, 2498504.546341026201844 ], [ 645654.511797479004599, 2498504.30237943911925 ], [ 645654.601681537809782, 2498504.048282862640917 ], [ 645654.666509981150739, 2498503.786498385481536 ], [ 645654.705658475635573, 2498503.519547136034817 ], [ 645654.71875, 2498503.25 ] ] ] } },
{ "type": "Feature", "properties": { "xmin": 802.93164, "ymin": 505.67563, "xmax": 828.48132, "ymax": 532.70569, "score": 0.4611896, "label": "Tree", "tile_idx": 7, "geo_xmin": 645839.69, "geo_ymin": 2498395.2, "geo_xmax": 645846.56, "geo_ymax": 2498402.5, "center_x": 645843.12, "center_y": 2498399.0, "width_m": 6.875, "height_m": 7.25, "crown_diameter_m": 7.0600104, "lon": 88.418724612487239, "lat": 22.586127671398291, "crown_area_raw_m2": 39.14719, "crown_area_calibrated_m2": 46.976631, "agb_tree_kg": 79.082329582471374 }, "geometry": { "type": "Polygon", "coordinates": [ [ [ 645846.5625, 2498399.0 ], [ 645846.545947497943416, 2498398.644687866326421 ], [ 645846.496449401369318, 2498398.292797582689673 ], [ 645846.414482404128648, 2498397.947718044742942 ], [ 645846.300835893023759, 2498397.612772557884455 ], [ 645846.156604346237145, 2498397.291186829097569 ], [ 645845.983176792273298, 2498396.986057905480266 ], [ 645845.78222343348898, 2498396.700324344914407 ], [ 645845.555679560289718, 2498396.436737918294966 ], [ 645845.305726914317347, 2498396.197837106417865 ], [ 645845.03477267595008, 2498395.985922655556351 ], [ 645844.745426282868721, 2498395.803035416640341 ], [ 645844.440474298782647, 2498395.650936694815755 ], [ 645844.122853578068316, 2498395.531091283075511 ], [ 645843.795622981968336, 2498395.444653358310461 ], [ 645843.461933919927105, 2498395.392455365974456 ], [ 645843.125, 2498395.375 ], [ 645842.788066080072895, 2498395.392455365974456 ], [ 645842.454377018031664, 2498395.444653358310461 ], [ 645842.127146421931684, 2498395.531091283075511 ], [ 645841.809525701217353, 2498395.650936694815755 ], [ 645841.504573717131279, 2498395.803035416640341 ], [ 645841.21522732404992, 2498395.985922655556351 ], [ 645840.944273085682653, 2498396.197837106417865 ], [ 645840.694320439710282, 2498396.436737918294966 ], [ 645840.46777656651102, 2498396.700324344914407 ], [ 645840.266823207726702, 2498396.986057905480266 ], [ 645840.093395653762855, 2498397.291186829097569 ], [ 645839.949164106976241, 2498397.612772557884455 ], [ 645839.835517595871352, 2498397.947718044742942 ], [ 645839.753550598630682, 2498398.292797582689673 ], [ 645839.704052502056584, 2498398.644687866326421 ], [ 645839.6875, 2498399.0 ], [ 645839.704052502056584, 2498399.355312133673579 ], [ 645839.753550598630682, 2498399.707202417310327 ], [ 645839.835517595871352, 2498400.052281955257058 ], [ 645839.949164106976241, 2498400.387227442115545 ], [ 645840.093395653762855, 2498400.708813170902431 ], [ 645840.266823207726702, 2498401.013942094519734 ], [ 645840.46777656651102, 2498401.299675655085593 ], [ 645840.694320439710282, 2498401.563262081705034 ], [ 645840.944273085682653, 2498401.802162893582135 ], [ 645841.21522732404992, 2498402.014077344443649 ], [ 645841.504573717131279, 2498402.196964583359659 ], [ 645841.809525701217353, 2498402.349063305184245 ], [ 645842.127146421931684, 2498402.468908716924489 ], [ 645842.454377018031664, 2498402.555346641689539 ], [ 645842.788066080072895, 2498402.607544634025544 ], [ 645843.125, 2498402.625 ], [ 645843.461933919927105, 2498402.607544634025544 ], [ 645843.795622981968336, 2498402.555346641689539 ], [ 645844.122853578068316, 2498402.468908716924489 ], [ 645844.440474298782647, 2498402.349063305184245 ], [ 645844.745426282868721, 2498402.196964583359659 ], [ 645845.03477267595008, 2498402.014077344443649 ], [ 645845.305726914317347, 2498401.802162893582135 ], [ 645845.555679560289718, 2498401.563262081705034 ], [ 645845.78222343348898, 2498401.299675655085593 ], [ 645845.983176792273298, 2498401.013942094519734 ], [ 645846.156604346237145, 2498400.708813170902431 ], [ 645846.300835893023759, 2498400.387227442115545 ], [ 645846.414482404128648, 2498400.052281955257058 ], [ 645846.496449401369318, 2498399.707202417310327 ], [ 645846.545947497943416, 2498399.355312133673579 ], [ 645846.5625, 2498399.0 ] ] ] } },
{ "type": "Feature", "properties": { "xmin": 56.716503, "ymin": 636.42548, "xmax": 72.786629, "ymax": 653.71057, "score": 0.43332618, "label": "Tree", "tile_idx": 4, "geo_xmin": 645638.19, "geo_ymin": 2498362.5, "geo_xmax": 645642.5, "geo_ymax": 2498367.2, "center_x": 645640.38, "center_y": 2498365.0, "width_m": 4.3125, "height_m": 4.75, "crown_diameter_m": 4.5259666, "lon": 88.416749634975261, "lat": 22.585838017827282, "crown_area_raw_m2": 16.08839, "crown_area_calibrated_m2": 19.306068, "agb_tree_kg": 27.156981272447961 }, "geometry": { "type": "Polygon", "coordinates": [ [ [ 645642.53125, 2498365.0 ], [ 645642.520867066923529, 2498364.767209291923791 ], [ 645642.489818260888569, 2498364.536660485435277 ], [ 645642.4384025989566, 2498364.310573891736567 ], [ 645642.367115241941065, 2498364.091126848012209 ], [ 645642.276642726268619, 2498363.880432750098407 ], [ 645642.167856351472437, 2498363.680520696565509 ], [ 645642.04180379002355, 2498363.493315950036049 ], [ 645641.899698996916413, 2498363.32062139455229 ], [ 645641.742910519009456, 2498363.164100173395127 ], [ 645641.572948314948007, 2498363.025259670801461 ], [ 645641.391449213726446, 2498362.905436997301877 ], [ 645641.200161151005886, 2498362.805786110460758 ], [ 645641.000926335342228, 2498362.727266702800989 ], [ 645640.795663506840356, 2498362.670634958893061 ], [ 645640.586349458782934, 2498362.636436274275184 ], [ 645640.375, 2498362.625 ], [ 645640.163650541217066, 2498362.636436274275184 ], [ 645639.954336493159644, 2498362.670634958893061 ], [ 645639.749073664657772, 2498362.727266702800989 ], [ 645639.549838848994114, 2498362.805786110460758 ], [ 645639.358550786273554, 2498362.905436997301877 ], [ 645639.177051685051993, 2498363.025259670801461 ], [ 645639.007089480990544, 2498363.164100173395127 ], [ 645638.850301003083587, 2498363.32062139455229 ], [ 645638.70819620997645, 2498363.493315950036049 ], [ 645638.582143648527563, 2498363.680520696565509 ], [ 645638.473357273731381, 2498363.880432750098407 ], [ 645638.382884758058935, 2498364.091126848012209 ], [ 645638.3115974010434, 2498364.310573891736567 ], [ 645638.260181739111431, 2498364.536660485435277 ], [ 645638.229132933076471, 2498364.767209291923791 ], [ 645638.21875, 2498365.0 ], [ 645638.229132933076471, 2498365.232790708076209 ], [ 645638.260181739111431, 2498365.463339514564723 ], [ 645638.3115974010434, 2498365.689426108263433 ], [ 645638.382884758058935, 2498365.908873151987791 ], [ 645638.473357273731381, 2498366.119567249901593 ], [ 645638.582143648527563, 2498366.319479303434491 ], [ 645638.70819620997645, 2498366.506684049963951 ], [ 645638.850301003083587, 2498366.67937860544771 ], [ 645639.007089480990544, 2498366.835899826604873 ], [ 645639.177051685051993, 2498366.974740329198539 ], [ 645639.358550786273554, 2498367.094563002698123 ], [ 645639.549838848994114, 2498367.194213889539242 ], [ 645639.749073664657772, 2498367.272733297199011 ], [ 645639.954336493159644, 2498367.329365041106939 ], [ 645640.163650541217066, 2498367.363563725724816 ], [ 645640.375, 2498367.375 ], [ 645640.586349458782934, 2498367.363563725724816 ], [ 645640.795663506840356, 2498367.329365041106939 ], [ 645641.000926335342228, 2498367.272733297199011 ], [ 645641.200161151005886, 2498367.194213889539242 ], [ 645641.391449213726446, 2498367.094563002698123 ], [ 645641.572948314948007, 2498366.974740329198539 ], [ 645641.742910519009456, 2498366.835899826604873 ], [ 645641.899698996916413, 2498366.67937860544771 ], [ 645642.04180379002355, 2498366.506684049963951 ], [ 645642.167856351472437, 2498366.319479303434491 ], [ 645642.276642726268619, 2498366.119567249901593 ], [ 645642.367115241941065, 2498365.908873151987791 ], [ 645642.4384025989566, 2498365.689426108263433 ], [ 645642.489818260888569, 2498365.463339514564723 ], [ 645642.520867066923529, 2498365.232790708076209 ], [ 645642.53125, 2498365.0 ] ] ] } },
{ "type": "Feature", "properties": { "xmin": 682.19647, "ymin": 731.83948, "xmax": 711.15143, "ymax": 760.99493, "score": 0.4315061, "label": "Tree", "tile_idx": 15, "geo_xmin": 645807.06, "geo_ymin": 2498333.5, "geo_xmax": 645814.88, "geo_ymax": 2498341.5, "center_x": 645811.0, "center_y": 2498337.5, "width_m": 7.8125, "height_m": 8.0, "crown_diameter_m": 7.905694, "lon": 88.418406494271267, "lat": 22.585575016039389, "crown_area_raw_m2": 49.087387, "crown_area_calibrated_m2": 58.904865, "agb_tree_kg": 103.80043462459354 }, "geometry": { "type": "Polygon", "coordinates": [ [ [ 645814.90625, 2498337.5 ], [ 645814.887440338614397, 2498337.107931438833475 ], [ 645814.831192501587793, 2498336.719638711772859 ], [ 645814.738048186409287, 2498336.338861290831119 ], [ 645814.608904423890635, 2498335.969266270752996 ], [ 645814.445004938868806, 2498335.614413052797318 ], [ 645814.247928173048422, 2498335.277719067875296 ], [ 645814.019572083489038, 2498334.962426863145083 ], [ 645813.76213586400263, 2498334.671572875231504 ], [ 645813.478098766296171, 2498334.407958186697215 ], [ 645813.170196222723462, 2498334.174121550749987 ], [ 645812.841393503244035, 2498333.972314942628145 ], [ 645812.49485715769697, 2498333.804481870029122 ], [ 645812.13392452057451, 2498333.672238657251 ], [ 645811.762071570381522, 2498333.576858878601342 ], [ 645811.382879454409704, 2498333.519261093344539 ], [ 645811.0, 2498333.5 ], [ 645810.617120545590296, 2498333.519261093344539 ], [ 645810.237928429618478, 2498333.576858878601342 ], [ 645809.86607547942549, 2498333.672238657251 ], [ 645809.50514284230303, 2498333.804481870029122 ], [ 645809.158606496755965, 2498333.972314942628145 ], [ 645808.829803777276538, 2498334.174121550749987 ], [ 645808.521901233703829, 2498334.407958186697215 ], [ 645808.23786413599737, 2498334.671572875231504 ], [ 645807.980427916510962, 2498334.962426863145083 ], [ 645807.752071826951578, 2498335.277719067875296 ], [ 645807.554995061131194, 2498335.614413052797318 ], [ 645807.391095576109365, 2498335.969266270752996 ], [ 645807.261951813590713, 2498336.338861290831119 ], [ 645807.168807498412207, 2498336.719638711772859 ], [ 645807.112559661385603, 2498337.107931438833475 ], [ 645807.09375, 2498337.5 ], [ 645807.112559661385603, 2498337.892068561166525 ], [ 645807.168807498412207, 2498338.280361288227141 ], [ 645807.261951813590713, 2498338.661138709168881 ], [ 645807.391095576109365, 2498339.030733729247004 ], [ 645807.554995061131194, 2498339.385586947202682 ], [ 645807.752071826951578, 2498339.722280932124704 ], [ 645807.980427916510962, 2498340.037573136854917 ], [ 645808.23786413599737, 2498340.328427124768496 ], [ 645808.521901233703829, 2498340.592041813302785 ], [ 645808.829803777276538, 2498340.825878449250013 ], [ 645809.158606496755965, 2498341.027685057371855 ], [ 645809.50514284230303, 2498341.195518129970878 ], [ 645809.86607547942549, 2498341.327761342749 ], [ 645810.237928429618478, 2498341.423141121398658 ], [ 645810.617120545590296, 2498341.480738906655461 ], [ 645811.0, 2498341.5 ], [ 645811.382879454409704, 2498341.480738906655461 ], [ 645811.762071570381522, 2498341.423141121398658 ], [ 645812.13392452057451, 2498341.327761342749 ], [ 645812.49485715769697, 2498341.195518129970878 ], [ 645812.841393503244035, 2498341.027685057371855 ], [ 645813.170196222723462, 2498340.825878449250013 ], [ 645813.478098766296171, 2498340.592041813302785 ], [ 645813.76213586400263, 2498340.328427124768496 ], [ 645814.019572083489038, 2498340.037573136854917 ], [ 645814.247928173048422, 2498339.722280932124704 ], [ 645814.445004938868806, 2498339.385586947202682 ], [ 645814.608904423890635, 2498339.030733729247004 ], [ 645814.738048186409287, 2498338.661138709168881 ], [ 645814.831192501587793, 2498338.280361288227141 ], [ 645814.887440338614397, 2498337.892068561166525 ], [ 645814.90625, 2498337.5 ] ] ] } },
{ "type": "Feature", "properties": { "xmin": 37.802872, "ymin": 957.50977, "xmax": 61.615143, "ymax": 980.65601, "score": 0.42489228, "label": "Tree", "tile_idx": 12, "geo_xmin": 645633.06, "geo_ymin": 2498274.2, "geo_xmax": 645639.5, "geo_ymax": 2498280.5, "center_x": 645636.25, "center_y": 2498277.5, "width_m": 6.4375, "height_m": 6.25, "crown_diameter_m": 6.3430572, "lon": 88.416701434711996, "lat": 22.585048146801338, "crown_area_raw_m2": 31.600004, "crown_area_calibrated_m2": 37.920006, "agb_tree_kg": 61.133224545799891 }, "geometry": { "type": "Polygon", "coordinates": [ [ [ 645639.46875, 2498277.5 ], [ 645639.453250839025714, 2498277.193696436472237 ], [ 645639.406902621267363, 2498276.89034274360165 ], [ 645639.330151705653407, 2498276.59286038344726 ], [ 645639.223737245309167, 2498276.304114273749292 ], [ 645639.088684069574811, 2498276.026885197497904 ], [ 645638.926292814547196, 2498275.763843021821231 ], [ 645638.738127396791242, 2498275.517520986963063 ], [ 645638.525999951991253, 2498275.290291308891028 ], [ 645638.291953383362852, 2498275.084342333022505 ], [ 645638.038241687580012, 2498274.901657461654395 ], [ 645637.767308246693574, 2498274.743996048811823 ], [ 645637.481762297917157, 2498274.612876460887492 ], [ 645637.184353804914281, 2498274.509561450686306 ], [ 645636.877946974011138, 2498274.435045998543501 ], [ 645636.565492670400999, 2498274.39004772901535 ], [ 645636.25, 2498274.375 ], [ 645635.934507329599001, 2498274.39004772901535 ], [ 645635.622053025988862, 2498274.435045998543501 ], [ 645635.315646195085719, 2498274.509561450686306 ], [ 645635.018237702082843, 2498274.612876460887492 ], [ 645634.732691753306426, 2498274.743996048811823 ], [ 645634.461758312419988, 2498274.901657461654395 ], [ 645634.208046616637148, 2498275.084342333022505 ], [ 645633.974000048008747, 2498275.290291308891028 ], [ 645633.761872603208758, 2498275.517520986963063 ], [ 645633.573707185452804, 2498275.763843021821231 ], [ 645633.411315930425189, 2498276.026885197497904 ], [ 645633.276262754690833, 2498276.304114273749292 ], [ 645633.169848294346593, 2498276.59286038344726 ], [ 645633.093097378732637, 2498276.89034274360165 ], [ 645633.046749160974286, 2498277.193696436472237 ], [ 645633.03125, 2498277.5 ], [ 645633.046749160974286, 2498277.806303563527763 ], [ 645633.093097378732637, 2498278.10965725639835 ], [ 645633.169848294346593, 2498278.40713961655274 ], [ 645633.276262754690833, 2498278.695885726250708 ], [ 645633.411315930425189, 2498278.973114802502096 ], [ 645633.573707185452804, 2498279.236156978178769 ], [ 645633.761872603208758, 2498279.482479013036937 ], [ 645633.974000048008747, 2498279.709708691108972 ], [ 645634.208046616637148, 2498279.915657666977495 ], [ 645634.461758312419988, 2498280.098342538345605 ], [ 645634.732691753306426, 2498280.256003951188177 ], [ 645635.018237702082843, 2498280.387123539112508 ], [ 645635.315646195085719, 2498280.490438549313694 ], [ 645635.622053025988862, 2498280.564954001456499 ], [ 645635.934507329599001, 2498280.60995227098465 ], [ 645636.25, 2498280.625 ], [ 645636.565492670400999, 2498280.60995227098465 ], [ 645636.877946974011138, 2498280.564954001456499 ], [ 645637.184353804914281, 2498280.490438549313694 ], [ 645637.481762297917157, 2498280.387123539112508 ], [ 645637.767308246693574, 2498280.256003951188177 ], [ 645638.038241687580012, 2498280.098342538345605 ], [ 645638.291953383362852, 2498279.915657666977495 ], [ 645638.525999951991253, 2498279.709708691108972 ], [ 645638.738127396791242, 2498279.482479013036937 ], [ 645638.926292814547196, 2498279.236156978178769 ], [ 645639.088684069574811, 2498278.973114802502096 ], [ 645639.223737245309167, 2498278.695885726250708 ], [ 645639.330151705653407, 2498278.40713961655274 ], [ 645639.406902621267363, 2498278.10965725639835 ], [ 645639.453250839025714, 2498277.806303563527763 ], [ 645639.46875, 2498277.5 ] ] ] } },
{ "type": "Feature", "properties": { "xmin": 120.33891, "ymin": 452.02472, "xmax": 140.46596, "ymax": 473.38446, "score": 0.42375666, "label": "Tree", "tile_idx": 4, "geo_xmin": 645655.38, "geo_ymin": 2498411.2, "geo_xmax": 645660.81, "geo_ymax": 2498417.0, "center_x": 645658.12, "center_y": 2498414.0, "width_m": 5.4375, "height_m": 5.75, "crown_diameter_m": 5.5915675, "lon": 88.416926788761415, "lat": 22.58627902091402, "crown_area_raw_m2": 24.555965, "crown_area_calibrated_m2": 29.467159, "agb_tree_kg": 45.146295510192182 }, "geometry": { "type": "Polygon", "coordinates": [ [ [ 645660.84375, 2498414.0 ], [ 645660.830658475635573, 2498413.718200721777976 ], [ 645660.791509981150739, 2498413.439115324057639 ], [ 645660.726681537809782, 2498413.165431553032249 ], [ 645660.636797479004599, 2498412.899785132147372 ], [ 645660.522723437403329, 2498412.644734381698072 ], [ 645660.385558008449152, 2498412.402735580224544 ], [ 645660.226622170070186, 2498412.176119307987392 ], [ 645660.047446561395191, 2498411.967068003956228 ], [ 645659.849756741314195, 2498411.777594946790487 ], [ 645659.635456571006216, 2498411.609524864703417 ], [ 645659.406609878293239, 2498411.464476365130395 ], [ 645659.165420581703074, 2498411.34384634392336 ], [ 645658.914211466326378, 2498411.248796534724534 ], [ 645658.655401812982745, 2498411.180242318660021 ], [ 645658.391484100255184, 2498411.138843910768628 ], [ 645658.125, 2498411.125 ], [ 645657.858515899744816, 2498411.138843910768628 ], [ 645657.594598187017255, 2498411.180242318660021 ], [ 645657.335788533673622, 2498411.248796534724534 ], [ 645657.084579418296926, 2498411.34384634392336 ], [ 645656.843390121706761, 2498411.464476365130395 ], [ 645656.614543428993784, 2498411.609524864703417 ], [ 645656.400243258685805, 2498411.777594946790487 ], [ 645656.202553438604809, 2498411.967068003956228 ], [ 645656.023377829929814, 2498412.176119307987392 ], [ 645655.864441991550848, 2498412.402735580224544 ], [ 645655.727276562596671, 2498412.644734381698072 ], [ 645655.613202520995401, 2498412.899785132147372 ], [ 645655.523318462190218, 2498413.165431553032249 ], [ 645655.458490018849261, 2498413.439115324057639 ], [ 645655.419341524364427, 2498413.718200721777976 ], [ 645655.40625, 2498414.0 ], [ 645655.419341524364427, 2498414.281799278222024 ], [ 645655.458490018849261, 2498414.560884675942361 ], [ 645655.523318462190218, 2498414.834568446967751 ], [ 645655.613202520995401, 2498415.100214867852628 ], [ 645655.727276562596671, 2498415.355265618301928 ], [ 645655.864441991550848, 2498415.597264419775456 ], [ 645656.023377829929814, 2498415.823880692012608 ], [ 645656.202553438604809, 2498416.032931996043772 ], [ 645656.400243258685805, 2498416.222405053209513 ], [ 645656.614543428993784, 2498416.390475135296583 ], [ 645656.843390121706761, 2498416.535523634869605 ], [ 645657.084579418296926, 2498416.65615365607664 ], [ 645657.335788533673622, 2498416.751203465275466 ], [ 645657.594598187017255, 2498416.819757681339979 ], [ 645657.858515899744816, 2498416.861156089231372 ], [ 645658.125, 2498416.875 ], [ 645658.391484100255184, 2498416.861156089231372 ], [ 645658.655401812982745, 2498416.819757681339979 ], [ 645658.914211466326378, 2498416.751203465275466 ], [ 645659.165420581703074, 2498416.65615365607664 ], [ 645659.406609878293239, 2498416.535523634869605 ], [ 645659.635456571006216, 2498416.390475135296583 ], [ 645659.849756741314195, 2498416.222405053209513 ], [ 645660.047446561395191, 2498416.032931996043772 ], [ 645660.226622170070186, 2498415.823880692012608 ], [ 645660.385558008449152, 2498415.597264419775456 ], [ 645660.522723437403329, 2498415.355265618301928 ], [ 645660.636797479004599, 2498415.100214867852628 ], [ 645660.726681537809782, 2498414.834568446967751 ], [ 645660.791509981150739, 2498414.560884675942361 ], [ 645660.830658475635573, 2498414.281799278222024 ], [ 645660.84375, 2498414.0 ] ] ] } },
{ "type": "Feature", "properties": { "xmin": 51.219612, "ymin": 320.0, "xmax": 76.326508, "ymax": 327.98471, "score": 0.41918418, "label": "Tree", "tile_idx": 4, "geo_xmin": 645636.69, "geo_ymin": 2498450.5, "geo_xmax": 645643.5, "geo_ymax": 2498452.5, "center_x": 645640.12, "center_y": 2498451.5, "width_m": 6.8125, "height_m": 2.0, "crown_diameter_m": 3.6912057, "lon": 88.416755194624926, "lat": 22.586619232923141, "crown_area_raw_m2": 10.70105, "crown_area_calibrated_m2": 12.84126, "agb_tree_kg": 16.63504151325299 }, "geometry": { "type": "Polygon", "coordinates": [ [ [ 645643.53125, 2498451.5 ], [ 645643.514847975224257, 2498451.401982859708369 ], [ 645643.465799861354753, 2498451.304909678176045 ], [ 645643.384578018565662, 2498451.209715322591364 ], [ 645643.271964657586068, 2498451.117316567804664 ], [ 645643.129044306697324, 2498451.028603263199329 ], [ 645642.957193366950378, 2498450.944429766852409 ], [ 645642.758066856767982, 2498450.865606715902686 ], [ 645642.533582473406568, 2498450.792893218807876 ], [ 645642.285902124131098, 2498450.726989546790719 ], [ 645642.017411106266081, 2498450.668530387803912 ], [ 645641.7306951348437, 2498450.618078735657036 ], [ 645641.428515441482887, 2498450.576120467390865 ], [ 645641.113782181870192, 2498450.54305966431275 ], [ 645640.78952640935313, 2498450.51921471953392 ], [ 645640.458870884263888, 2498450.50481527345255 ], [ 645640.125, 2498450.5 ], [ 645639.791129115736112, 2498450.50481527345255 ], [ 645639.46047359064687, 2498450.51921471953392 ], [ 645639.136217818129808, 2498450.54305966431275 ], [ 645638.821484558517113, 2498450.576120467390865 ], [ 645638.5193048651563, 2498450.618078735657036 ], [ 645638.232588893733919, 2498450.668530387803912 ], [ 645637.964097875868902, 2498450.726989546790719 ], [ 645637.716417526593432, 2498450.792893218807876 ], [ 645637.491933143232018, 2498450.865606715902686 ], [ 645637.292806633049622, 2498450.944429766852409 ], [ 645637.120955693302676, 2498451.028603263199329 ], [ 645636.978035342413932, 2498451.117316567804664 ], [ 645636.865421981434338, 2498451.209715322591364 ], [ 645636.784200138645247, 2498451.304909678176045 ], [ 645636.735152024775743, 2498451.401982859708369 ], [ 645636.71875, 2498451.5 ], [ 645636.735152024775743, 2498451.598017140291631 ], [ 645636.784200138645247, 2498451.695090321823955 ], [ 645636.865421981434338, 2498451.790284677408636 ], [ 645636.978035342413932, 2498451.882683432195336 ], [ 645637.120955693302676, 2498451.971396736800671 ], [ 645637.292806633049622, 2498452.055570233147591 ], [ 645637.491933143232018, 2498452.134393284097314 ], [ 645637.716417526593432, 2498452.207106781192124 ], [ 645637.964097875868902, 2498452.273010453209281 ], [ 645638.232588893733919, 2498452.331469612196088 ], [ 645638.5193048651563, 2498452.381921264342964 ], [ 645638.821484558517113, 2498452.423879532609135 ], [ 645639.136217818129808, 2498452.45694033568725 ], [ 645639.46047359064687, 2498452.48078528046608 ], [ 645639.791129115736112, 2498452.49518472654745 ], [ 645640.125, 2498452.5 ], [ 645640.458870884263888, 2498452.49518472654745 ], [ 645640.78952640935313, 2498452.48078528046608 ], [ 645641.113782181870192, 2498452.45694033568725 ], [ 645641.428515441482887, 2498452.423879532609135 ], [ 645641.7306951348437, 2498452.381921264342964 ], [ 645642.017411106266081, 2498452.331469612196088 ], [ 645642.285902124131098, 2498452.273010453209281 ], [ 645642.533582473406568, 2498452.207106781192124 ], [ 645642.758066856767982, 2498452.134393284097314 ], [ 645642.957193366950378, 2498452.055570233147591 ], [ 645643.129044306697324, 2498451.971396736800671 ], [ 645643.271964657586068, 2498451.882683432195336 ], [ 645643.384578018565662, 2498451.790284677408636 ], [ 645643.465799861354753, 2498451.695090321823955 ], [ 645643.514847975224257, 2498451.598017140291631 ], [ 645643.53125, 2498451.5 ] ] ] } },
{ "type": "Feature", "properties": { "xmin": 29.541464, "ymin": 982.46899, "xmax": 70.561279, "ymax": 1018.6904, "score": 0.41796672, "label": "Tree", "tile_idx": 8, "geo_xmin": 645630.88, "geo_ymin": 2498264.0, "geo_xmax": 645641.94, "geo_ymax": 2498273.8, "center_x": 645636.38, "center_y": 2498269.0, "width_m": 11.0625, "height_m": 9.75, "crown_diameter_m": 10.385537, "lon": 88.416701865215657, "lat": 22.584971371371786, "crown_area_raw_m2": 84.712555, "crown_area_calibrated_m2": 101.65507, "agb_tree_kg": 200.00766428877913 }, "geometry": { "type": "Polygon", "coordinates": [ [ [ 645641.90625, 2498269.0 ], [ 645641.879615519428626, 2498268.522166440729052 ], [ 645641.799968582228757, 2498268.048934679944068 ], [ 645641.668076232075691, 2498267.584862198214978 ], [ 645641.485208664205857, 2498267.134418267291039 ], [ 645641.253126993426122, 2498266.701940908096731 ], [ 645640.974066293099895, 2498266.291595113929361 ], [ 645640.65071407018695, 2498265.907332739792764 ], [ 645640.286184383439831, 2498265.552854441571981 ], [ 645639.883987853070721, 2498265.231574039906263 ], [ 645639.447997851413675, 2498264.94658563984558 ], [ 645638.982413200545125, 2498264.700633836444467 ], [ 645638.491717735305429, 2498264.496087279170752 ], [ 645637.980637121014297, 2498264.334915863350034 ], [ 645637.454093343694694, 2498264.218671758193523 ], [ 645636.91715730750002, 2498264.148474457673728 ], [ 645636.375, 2498264.125 ], [ 645635.83284269249998, 2498264.148474457673728 ], [ 645635.295906656305306, 2498264.218671758193523 ], [ 645634.769362878985703, 2498264.334915863350034 ], [ 645634.258282264694571, 2498264.496087279170752 ], [ 645633.767586799454875, 2498264.700633836444467 ], [ 645633.302002148586325, 2498264.94658563984558 ], [ 645632.866012146929279, 2498265.231574039906263 ], [ 645632.463815616560169, 2498265.552854441571981 ], [ 645632.09928592981305, 2498265.907332739792764 ], [ 645631.775933706900105, 2498266.291595113929361 ], [ 645631.496873006573878, 2498266.701940908096731 ], [ 645631.264791335794143, 2498267.134418267291039 ], [ 645631.081923767924309, 2498267.584862198214978 ], [ 645630.950031417771243, 2498268.048934679944068 ], [ 645630.870384480571374, 2498268.522166440729052 ], [ 645630.84375, 2498269.0 ], [ 645630.870384480571374, 2498269.477833559270948 ], [ 645630.950031417771243, 2498269.951065320055932 ], [ 645631.081923767924309, 2498270.415137801785022 ], [ 645631.264791335794143, 2498270.865581732708961 ], [ 645631.496873006573878, 2498271.298059091903269 ], [ 645631.775933706900105, 2498271.708404886070639 ], [ 645632.09928592981305, 2498272.092667260207236 ], [ 645632.463815616560169, 2498272.447145558428019 ], [ 645632.866012146929279, 2498272.768425960093737 ], [ 645633.302002148586325, 2498273.05341436015442 ], [ 645633.767586799454875, 2498273.299366163555533 ], [ 645634.258282264694571, 2498273.503912720829248 ], [ 645634.769362878985703, 2498273.665084136649966 ], [ 645635.295906656305306, 2498273.781328241806477 ], [ 645635.83284269249998, 2498273.851525542326272 ], [ 645636.375, 2498273.875 ], [ 645636.91715730750002, 2498273.851525542326272 ], [ 645637.454093343694694, 2498273.781328241806477 ], [ 645637.980637121014297, 2498273.665084136649966 ], [ 645638.491717735305429, 2498273.503912720829248 ], [ 645638.982413200545125, 2498273.299366163555533 ], [ 645639.447997851413675, 2498273.05341436015442 ], [ 645639.883987853070721, 2498272.768425960093737 ], [ 645640.286184383439831, 2498272.447145558428019 ], [ 645640.65071407018695, 2498272.092667260207236 ], [ 645640.974066293099895, 2498271.708404886070639 ], [ 645641.253126993426122, 2498271.298059091903269 ], [ 645641.485208664205857, 2498270.865581732708961 ], [ 645641.668076232075691, 2498270.415137801785022 ], [ 645641.799968582228757, 2498269.951065320055932 ], [ 645641.879615519428626, 2498269.477833559270948 ], [ 645641.90625, 2498269.0 ] ] ] } },
{ "type": "Feature", "properties": { "xmin": 706.6554, "ymin": 333.39511, "xmax": 720.31519, "ymax": 347.49045, "score": 0.41113082, "label": "Tree", "tile_idx": 3, "geo_xmin": 645813.69, "geo_ymin": 2498445.2, "geo_xmax": 645817.38, "geo_ymax": 2498449.0, "center_x": 645815.5, "center_y": 2498447.0, "width_m": 3.6875, "height_m": 3.75, "crown_diameter_m": 3.7186186, "lon": 88.418460386513829, "lat": 22.586563538723404, "crown_area_raw_m2": 10.860584, "crown_area_calibrated_m2": 13.032701, "agb_tree_kg": 16.933583541115915 }, "geometry": { "type": "Polygon", "coordinates": [ [ [ 645817.34375, 2498447.0 ], [ 645817.334871839848347, 2498446.816217862069607 ], [ 645817.308322860742919, 2498446.634205646347255 ], [ 645817.26435874402523, 2498446.455716229975224 ], [ 645817.203402888029814, 2498446.282468564342707 ], [ 645817.126042331103235, 2498446.116131118498743 ], [ 645817.03302209766116, 2498445.958305812906474 ], [ 645816.92523802339565, 2498445.810512592084706 ], [ 645816.803728127852082, 2498445.674174785148352 ], [ 645816.669662617729045, 2498445.550605399999768 ], [ 645816.524332617176697, 2498445.440994476899505 ], [ 645816.369137733476236, 2498445.346397629473358 ], [ 645816.205572578473948, 2498445.267725876532495 ], [ 645816.035212373710237, 2498445.205736870411783 ], [ 645815.85969778127037, 2498445.161027599126101 ], [ 645815.680719102500007, 2498445.134028637316078 ], [ 645815.5, 2498445.125 ], [ 645815.319280897499993, 2498445.134028637316078 ], [ 645815.14030221872963, 2498445.161027599126101 ], [ 645814.964787626289763, 2498445.205736870411783 ], [ 645814.794427421526052, 2498445.267725876532495 ], [ 645814.630862266523764, 2498445.346397629473358 ], [ 645814.475667382823303, 2498445.440994476899505 ], [ 645814.330337382270955, 2498445.550605399999768 ], [ 645814.196271872147918, 2498445.674174785148352 ], [ 645814.07476197660435, 2498445.810512592084706 ], [ 645813.96697790233884, 2498445.958305812906474 ], [ 645813.873957668896765, 2498446.116131118498743 ], [ 645813.796597111970186, 2498446.282468564342707 ], [ 645813.73564125597477, 2498446.455716229975224 ], [ 645813.691677139257081, 2498446.634205646347255 ], [ 645813.665128160151653, 2498446.816217862069607 ], [ 645813.65625, 2498447.0 ], [ 645813.665128160151653, 2498447.183782137930393 ], [ 645813.691677139257081, 2498447.365794353652745 ], [ 645813.73564125597477, 2498447.544283770024776 ], [ 645813.796597111970186, 2498447.717531435657293 ], [ 645813.873957668896765, 2498447.883868881501257 ], [ 645813.96697790233884, 2498448.041694187093526 ], [ 645814.07476197660435, 2498448.189487407915294 ], [ 645814.196271872147918, 2498448.325825214851648 ], [ 645814.330337382270955, 2498448.449394600000232 ], [ 645814.475667382823303, 2498448.559005523100495 ], [ 645814.630862266523764, 2498448.653602370526642 ], [ 645814.794427421526052, 2498448.732274123467505 ], [ 645814.964787626289763, 2498448.794263129588217 ], [ 645815.14030221872963, 2498448.838972400873899 ], [ 645815.319280897499993, 2498448.865971362683922 ], [ 645815.5, 2498448.875 ], [ 645815.680719102500007, 2498448.865971362683922 ], [ 645815.85969778127037, 2498448.838972400873899 ], [ 645816.035212373710237, 2498448.794263129588217 ], [ 645816.205572578473948, 2498448.732274123467505 ], [ 645816.369137733476236, 2498448.653602370526642 ], [ 645816.524332617176697, 2498448.559005523100495 ], [ 645816.669662617729045, 2498448.449394600000232 ], [ 645816.803728127852082, 2498448.325825214851648 ], [ 645816.92523802339565, 2498448.189487407915294 ], [ 645817.03302209766116, 2498448.041694187093526 ], [ 645817.126042331103235, 2498447.883868881501257 ], [ 645817.203402888029814, 2498447.717531435657293 ], [ 645817.26435874402523, 2498447.544283770024776 ], [ 645817.308322860742919, 2498447.365794353652745 ], [ 645817.334871839848347, 2498447.183782137930393 ], [ 645817.34375, 2498447.0 ] ] ] } },
{ "type": "Feature", "properties": { "xmin": 855.39862, "ymin": 249.58965, "xmax": 872.23865, "ymax": 269.76218, "score": 0.40800977, "label": "Tree", "tile_idx": 3, "geo_xmin": 645853.81, "geo_ymin": 2498466.2, "geo_xmax": 645858.38, "geo_ymax": 2498471.5, "center_x": 645856.12, "center_y": 2498469.0, "width_m": 4.5625, "height_m": 5.25, "crown_diameter_m": 4.8941932, "lon": 88.418857519751782, "lat": 22.586758733817234, "crown_area_raw_m2": 18.81274, "crown_area_calibrated_m2": 22.575289, "agb_tree_kg": 32.775157757896729 }, "geometry": { "type": "Polygon", "coordinates": [ [ [ 645858.40625, 2498469.0 ], [ 645858.395265157683752, 2498468.742705006618053 ], [ 645858.362416420946829, 2498468.487887904513627 ], [ 645858.308020140859298, 2498468.238002722151577 ], [ 645858.232600183575414, 2498467.99545599007979 ], [ 645858.13688288431149, 2498467.76258356589824 ], [ 645858.021790053113364, 2498467.541628138162196 ], [ 645857.888430096791126, 2498467.33471762901172 ], [ 645857.738087344565429, 2498467.14384469948709 ], [ 645857.57220967952162, 2498466.970847560092807 ], [ 645857.392394594033249, 2498466.817392267752439 ], [ 645857.20037380582653, 2498466.684956680983305 ], [ 645856.997996580088511, 2498466.574816226959229 ], [ 645856.787211920018308, 2498466.488031618762761 ], [ 645856.57004979706835, 2498466.425438638776541 ], [ 645856.348601601319388, 2498466.387640092521906 ], [ 645856.125, 2498466.375 ], [ 645855.901398398680612, 2498466.387640092521906 ], [ 645855.67995020293165, 2498466.425438638776541 ], [ 645855.462788079981692, 2498466.488031618762761 ], [ 645855.252003419911489, 2498466.574816226959229 ], [ 645855.04962619417347, 2498466.684956680983305 ], [ 645854.857605405966751, 2498466.817392267752439 ], [ 645854.67779032047838, 2498466.970847560092807 ], [ 645854.511912655434571, 2498467.14384469948709 ], [ 645854.361569903208874, 2498467.33471762901172 ], [ 645854.228209946886636, 2498467.541628138162196 ], [ 645854.11311711568851, 2498467.76258356589824 ], [ 645854.017399816424586, 2498467.99545599007979 ], [ 645853.941979859140702, 2498468.238002722151577 ], [ 645853.887583579053171, 2498468.487887904513627 ], [ 645853.854734842316248, 2498468.742705006618053 ], [ 645853.84375, 2498469.0 ], [ 645853.854734842316248, 2498469.257294993381947 ], [ 645853.887583579053171, 2498469.512112095486373 ], [ 645853.941979859140702, 2498469.761997277848423 ], [ 645854.017399816424586, 2498470.00454400992021 ], [ 645854.11311711568851, 2498470.23741643410176 ], [ 645854.228209946886636, 2498470.458371861837804 ], [ 645854.361569903208874, 2498470.66528237098828 ], [ 645854.511912655434571, 2498470.85615530051291 ], [ 645854.67779032047838, 2498471.029152439907193 ], [ 645854.857605405966751, 2498471.182607732247561 ], [ 645855.04962619417347, 2498471.315043319016695 ], [ 645855.252003419911489, 2498471.425183773040771 ], [ 645855.462788079981692, 2498471.511968381237239 ], [ 645855.67995020293165, 2498471.574561361223459 ], [ 645855.901398398680612, 2498471.612359907478094 ], [ 645856.125, 2498471.625 ], [ 645856.348601601319388, 2498471.612359907478094 ], [ 645856.57004979706835, 2498471.574561361223459 ], [ 645856.787211920018308, 2498471.511968381237239 ], [ 645856.997996580088511, 2498471.425183773040771 ], [ 645857.20037380582653, 2498471.315043319016695 ], [ 645857.392394594033249, 2498471.182607732247561 ], [ 645857.57220967952162, 2498471.029152439907193 ], [ 645857.738087344565429, 2498470.85615530051291 ], [ 645857.888430096791126, 2498470.66528237098828 ], [ 645858.021790053113364, 2498470.458371861837804 ], [ 645858.13688288431149, 2498470.23741643410176 ], [ 645858.232600183575414, 2498470.00454400992021 ], [ 645858.308020140859298, 2498469.761997277848423 ], [ 645858.362416420946829, 2498469.512112095486373 ], [ 645858.395265157683752, 2498469.257294993381947 ], [ 645858.40625, 2498469.0 ] ] ] } },
{ "type": "Feature", "properties": { "xmin": 719.95361, "ymin": 799.73102, "xmax": 763.18103, "ymax": 842.53027, "score": 0.40332755, "label": "Tree", "tile_idx": 10, "geo_xmin": 645817.25, "geo_ymin": 2498311.5, "geo_xmax": 645828.94, "geo_ymax": 2498323.0, "center_x": 645823.12, "center_y": 2498317.2, "width_m": 11.6875, "height_m": 11.5, "crown_diameter_m": 11.593371, "lon": 88.418522541933129, "lat": 22.585391094180828, "crown_area_raw_m2": 105.56242, "crown_area_calibrated_m2": 126.67491, "agb_tree_kg": 260.56233990173519 }, "geometry": { "type": "Polygon", "coordinates": [ [ [ 645828.96875, 2498317.25 ], [ 645828.940610746503808, 2498316.68640144309029 ], [ 645828.856463982374407, 2498316.128230648580939 ], [ 645828.717120086890645, 2498315.580863105598837 ], [ 645828.523921018117107, 2498315.049570263829082 ], [ 645828.278727388591506, 2498314.539468763396144 ], [ 645827.983900546911173, 2498314.055471159983426 ], [ 645827.642279836814851, 2498313.602238615974784 ], [ 645827.257155252504162, 2498313.184136008378118 ], [ 645826.832235754351132, 2498312.805189893115312 ], [ 645826.371613549184985, 2498312.469049729406834 ], [ 645825.879724680795334, 2498312.178952729795128 ], [ 645825.361306307837367, 2498311.93769268784672 ], [ 645824.821351082762703, 2498311.747593069449067 ], [ 645824.26505906926468, 2498311.610484637785703 ], [ 645823.697787663782947, 2498311.527687821537256 ], [ 645823.125, 2498311.5 ], [ 645822.552212336217053, 2498311.527687821537256 ], [ 645821.98494093073532, 2498311.610484637785703 ], [ 645821.428648917237297, 2498311.747593069449067 ], [ 645820.888693692162633, 2498311.93769268784672 ], [ 645820.370275319204666, 2498312.178952729795128 ], [ 645819.878386450815015, 2498312.469049729406834 ], [ 645819.417764245648868, 2498312.805189893115312 ], [ 645818.992844747495838, 2498313.184136008378118 ], [ 645818.607720163185149, 2498313.602238615974784 ], [ 645818.266099453088827, 2498314.055471159983426 ], [ 645817.971272611408494, 2498314.539468763396144 ], [ 645817.726078981882893, 2498315.049570263829082 ], [ 645817.532879913109355, 2498315.580863105598837 ], [ 645817.393536017625593, 2498316.128230648580939 ], [ 645817.309389253496192, 2498316.68640144309029 ], [ 645817.28125, 2498317.25 ], [ 645817.309389253496192, 2498317.81359855690971 ], [ 645817.393536017625593, 2498318.371769351419061 ], [ 645817.532879913109355, 2498318.919136894401163 ], [ 645817.726078981882893, 2498319.450429736170918 ], [ 645817.971272611408494, 2498319.960531236603856 ], [ 645818.266099453088827, 2498320.444528840016574 ], [ 645818.607720163185149, 2498320.897761384025216 ], [ 645818.992844747495838, 2498321.315863991621882 ], [ 645819.417764245648868, 2498321.694810106884688 ], [ 645819.878386450815015, 2498322.030950270593166 ], [ 645820.370275319204666, 2498322.321047270204872 ], [ 645820.888693692162633, 2498322.56230731215328 ], [ 645821.428648917237297, 2498322.752406930550933 ], [ 645821.98494093073532, 2498322.889515362214297 ], [ 645822.552212336217053, 2498322.972312178462744 ], [ 645823.125, 2498323.0 ], [ 645823.697787663782947, 2498322.972312178462744 ], [ 645824.26505906926468, 2498322.889515362214297 ], [ 645824.821351082762703, 2498322.752406930550933 ], [ 645825.361306307837367, 2498322.56230731215328 ], [ 645825.879724680795334, 2498322.321047270204872 ], [ 645826.371613549184985, 2498322.030950270593166 ], [ 645826.832235754351132, 2498321.694810106884688 ], [ 645827.257155252504162, 2498321.315863991621882 ], [ 645827.642279836814851, 2498320.897761384025216 ], [ 645827.983900546911173, 2498320.444528840016574 ], [ 645828.278727388591506, 2498319.960531236603856 ], [ 645828.523921018117107, 2498319.450429736170918 ], [ 645828.717120086890645, 2498318.919136894401163 ], [ 645828.856463982374407, 2498318.371769351419061 ], [ 645828.940610746503808, 2498317.81359855690971 ], [ 645828.96875, 2498317.25 ] ] ] } },
{ "type": "Feature", "properties": { "xmin": 333.34219, "ymin": 577.51343, "xmax": 352.17169, "ymax": 596.56384, "score": 0.39975512, "label": "Tree", "tile_idx": 5, "geo_xmin": 645712.88, "geo_ymin": 2498378.0, "geo_xmax": 645717.94, "geo_ymax": 2498383.0, "center_x": 645715.38, "center_y": 2498380.5, "width_m": 5.0625, "height_m": 5.0, "crown_diameter_m": 5.0311527, "lon": 88.417480475549993, "lat": 22.585971564955123, "crown_area_raw_m2": 19.880392, "crown_area_calibrated_m2": 23.856472, "agb_tree_kg": 35.023543382586411 }, "geometry": { "type": "Polygon", "coordinates": [ [ [ 645717.90625, 2498380.5 ], [ 645717.89406133943703, 2498380.254957149270922 ], [ 645717.857612741063349, 2498380.012274194974452 ], [ 645717.797255224781111, 2498379.774288306944072 ], [ 645717.713570066611283, 2498379.54329141927883 ], [ 645717.607363200397231, 2498379.321508157998323 ], [ 645717.479657456162386, 2498379.111074417363852 ], [ 645717.331682710093446, 2498378.914016789756715 ], [ 645717.16486403986346, 2498378.73223304701969 ], [ 645716.980808000545949, 2498378.567473866511136 ], [ 645716.781287152320147, 2498378.421325969044119 ], [ 645716.568222990143113, 2498378.295196839142591 ], [ 645716.343667438137345, 2498378.190301168709993 ], [ 645716.109783089254051, 2498378.107649160549045 ], [ 645715.868822377640754, 2498378.048036798834801 ], [ 645715.623105886508711, 2498378.012038183398545 ], [ 645715.375, 2498378.0 ], [ 645715.126894113491289, 2498378.012038183398545 ], [ 645714.881177622359246, 2498378.048036798834801 ], [ 645714.640216910745949, 2498378.107649160549045 ], [ 645714.406332561862655, 2498378.190301168709993 ], [ 645714.181777009856887, 2498378.295196839142591 ], [ 645713.968712847679853, 2498378.421325969044119 ], [ 645713.769191999454051, 2498378.567473866511136 ], [ 645713.58513596013654, 2498378.73223304701969 ], [ 645713.418317289906554, 2498378.914016789756715 ], [ 645713.270342543837614, 2498379.111074417363852 ], [ 645713.142636799602769, 2498379.321508157998323 ], [ 645713.036429933388717, 2498379.54329141927883 ], [ 645712.952744775218889, 2498379.774288306944072 ], [ 645712.892387258936651, 2498380.012274194974452 ], [ 645712.85593866056297, 2498380.254957149270922 ], [ 645712.84375, 2498380.5 ], [ 645712.85593866056297, 2498380.745042850729078 ], [ 645712.892387258936651, 2498380.987725805025548 ], [ 645712.952744775218889, 2498381.225711693055928 ], [ 645713.036429933388717, 2498381.45670858072117 ], [ 645713.142636799602769, 2498381.678491842001677 ], [ 645713.270342543837614, 2498381.888925582636148 ], [ 645713.418317289906554, 2498382.085983210243285 ], [ 645713.58513596013654, 2498382.26776695298031 ], [ 645713.769191999454051, 2498382.432526133488864 ], [ 645713.968712847679853, 2498382.578674030955881 ], [ 645714.181777009856887, 2498382.704803160857409 ], [ 645714.406332561862655, 2498382.809698831290007 ], [ 645714.640216910745949, 2498382.892350839450955 ], [ 645714.881177622359246, 2498382.951963201165199 ], [ 645715.126894113491289, 2498382.987961816601455 ], [ 645715.375, 2498383.0 ], [ 645715.623105886508711, 2498382.987961816601455 ], [ 645715.868822377640754, 2498382.951963201165199 ], [ 645716.109783089254051, 2498382.892350839450955 ], [ 645716.343667438137345, 2498382.809698831290007 ], [ 645716.568222990143113, 2498382.704803160857409 ], [ 645716.781287152320147, 2498382.578674030955881 ], [ 645716.980808000545949, 2498382.432526133488864 ], [ 645717.16486403986346, 2498382.26776695298031 ], [ 645717.331682710093446, 2498382.085983210243285 ], [ 645717.479657456162386, 2498381.888925582636148 ], [ 645717.607363200397231, 2498381.678491842001677 ], [ 645717.713570066611283, 2498381.45670858072117 ], [ 645717.797255224781111, 2498381.225711693055928 ], [ 645717.857612741063349, 2498380.987725805025548 ], [ 645717.89406133943703, 2498380.745042850729078 ], [ 645717.90625, 2498380.5 ] ] ] } },
{ "type": "Feature", "properties": { "xmin": 640.26599, "ymin": 366.67746, "xmax": 659.6488, "ymax": 386.59741, "score": 0.39951801, "label": "Tree", "tile_idx": 6, "geo_xmin": 645795.75, "geo_ymin": 2498434.5, "geo_xmax": 645801.0, "geo_ymax": 2498440.0, "center_x": 645798.38, "center_y": 2498437.2, "width_m": 5.25, "height_m": 5.5, "crown_diameter_m": 5.3735461, "lon": 88.418292935866305, "lat": 22.5864769559617, "crown_area_raw_m2": 22.678373, "crown_area_calibrated_m2": 27.214048, "agb_tree_kg": 41.029744088501019 }, "geometry": { "type": "Polygon", "coordinates": [ [ [ 645801.0, 2498437.25 ], [ 645800.987359907478094, 2498436.980452863965183 ], [ 645800.949561361107044, 2498436.713501614518464 ], [ 645800.886968381353654, 2498436.451717137359083 ], [ 645800.800183772807941, 2498436.19762056088075 ], [ 645800.69004331890028, 2498435.953658973798156 ], [ 645800.557607732247561, 2498435.7221818594262 ], [ 645800.404152440023609, 2498435.505418468732387 ], [ 645800.231155300629325, 2498435.30545635195449 ], [ 645800.040282370871864, 2498435.124221253208816 ], [ 645799.833371861721389, 2498434.963458565995097 ], [ 645799.612416434218176, 2498434.824716522824019 ], [ 645799.37954400992021, 2498434.709331285674125 ], [ 645799.136997277848423, 2498434.618414076510817 ], [ 645798.887112095253542, 2498434.552840478718281 ], [ 645798.632294993381947, 2498434.513242001645267 ], [ 645798.375, 2498434.5 ], [ 645798.117705006618053, 2498434.513242001645267 ], [ 645797.862887904746458, 2498434.552840478718281 ], [ 645797.613002722151577, 2498434.618414076510817 ], [ 645797.37045599007979, 2498434.709331285674125 ], [ 645797.137583565781824, 2498434.824716522824019 ], [ 645796.916628138278611, 2498434.963458565995097 ], [ 645796.709717629128136, 2498435.124221253208816 ], [ 645796.518844699370675, 2498435.30545635195449 ], [ 645796.345847559976391, 2498435.505418468732387 ], [ 645796.192392267752439, 2498435.7221818594262 ], [ 645796.05995668109972, 2498435.953658973798156 ], [ 645795.949816227192059, 2498436.19762056088075 ], [ 645795.863031618646346, 2498436.451717137359083 ], [ 645795.800438638892956, 2498436.713501614518464 ], [ 645795.762640092521906, 2498436.980452863965183 ], [ 645795.75, 2498437.25 ], [ 645795.762640092521906, 2498437.519547136034817 ], [ 645795.800438638892956, 2498437.786498385481536 ], [ 645795.863031618646346, 2498438.048282862640917 ], [ 645795.949816227192059, 2498438.30237943911925 ], [ 645796.05995668109972, 2498438.546341026201844 ], [ 645796.192392267752439, 2498438.7778181405738 ], [ 645796.345847559976391, 2498438.994581531267613 ], [ 645796.518844699370675, 2498439.19454364804551 ], [ 645796.709717629128136, 2498439.375778746791184 ], [ 645796.916628138278611, 2498439.536541434004903 ], [ 645797.137583565781824, 2498439.675283477175981 ], [ 645797.37045599007979, 2498439.790668714325875 ], [ 645797.613002722151577, 2498439.881585923489183 ], [ 645797.862887904746458, 2498439.947159521281719 ], [ 645798.117705006618053, 2498439.986757998354733 ], [ 645798.375, 2498440.0 ], [ 645798.632294993381947, 2498439.986757998354733 ], [ 645798.887112095253542, 2498439.947159521281719 ], [ 645799.136997277848423, 2498439.881585923489183 ], [ 645799.37954400992021, 2498439.790668714325875 ], [ 645799.612416434218176, 2498439.675283477175981 ], [ 645799.833371861721389, 2498439.536541434004903 ], [ 645800.040282370871864, 2498439.375778746791184 ], [ 645800.231155300629325, 2498439.19454364804551 ], [ 645800.404152440023609, 2498438.994581531267613 ], [ 645800.557607732247561, 2498438.7778181405738 ], [ 645800.69004331890028, 2498438.546341026201844 ], [ 645800.800183772807941, 2498438.30237943911925 ], [ 645800.886968381353654, 2498438.048282862640917 ], [ 645800.949561361107044, 2498437.786498385481536 ], [ 645800.987359907478094, 2498437.519547136034817 ], [ 645801.0, 2498437.25 ] ] ] } },
{ "type": "Feature", "properties": { "xmin": 274.01489, "ymin": 544.3551, "xmax": 305.13361, "ymax": 567.87976, "score": 0.39828876, "label": "Tree", "tile_idx": 4, "geo_xmin": 645696.88, "geo_ymin": 2498385.8, "geo_xmax": 645705.25, "geo_ymax": 2498392.0, "center_x": 645701.06, "center_y": 2498389.0, "width_m": 8.375, "height_m": 6.25, "crown_diameter_m": 7.2348981, "lon": 88.417342065642629, "lat": 22.586049558005396, "crown_area_raw_m2": 41.110687, "crown_area_calibrated_m2": 49.332829, "agb_tree_kg": 83.87392038649017 }, "geometry": { "type": "Polygon", "coordinates": [ [ [ 645705.25, 2498389.0 ], [ 645705.229836042970419, 2498388.693696436472237 ], [ 645705.169538361718878, 2498388.39034274360165 ], [ 645705.069687655894086, 2498388.09286038344726 ], [ 645704.931245542364195, 2498387.804114273749292 ], [ 645704.755545294494368, 2498387.526885197497904 ], [ 645704.544279001536779, 2498387.263843021821231 ], [ 645704.299481273512356, 2498387.017520986963063 ], [ 645704.023509646183811, 2498386.790291308891028 ], [ 645703.719021877390333, 2498386.584342333022505 ], [ 645703.388950350810774, 2498386.401657461654395 ], [ 645703.036473835469224, 2498386.243996048811823 ], [ 645702.664986873045564, 2498386.112876460887492 ], [ 645702.278067086008377, 2498386.009561450686306 ], [ 645701.879440723452717, 2498385.935045998543501 ], [ 645701.472946775145829, 2498385.89004772901535 ], [ 645701.0625, 2498385.875 ], [ 645700.652053224854171, 2498385.89004772901535 ], [ 645700.245559276547283, 2498385.935045998543501 ], [ 645699.846932913991623, 2498386.009561450686306 ], [ 645699.460013126954436, 2498386.112876460887492 ], [ 645699.088526164530776, 2498386.243996048811823 ], [ 645698.736049649189226, 2498386.401657461654395 ], [ 645698.405978122609667, 2498386.584342333022505 ], [ 645698.101490353816189, 2498386.790291308891028 ], [ 645697.825518726487644, 2498387.017520986963063 ], [ 645697.580720998463221, 2498387.263843021821231 ], [ 645697.369454705505632, 2498387.526885197497904 ], [ 645697.193754457635805, 2498387.804114273749292 ], [ 645697.055312344105914, 2498388.09286038344726 ], [ 645696.955461638281122, 2498388.39034274360165 ], [ 645696.895163957029581, 2498388.693696436472237 ], [ 645696.875, 2498389.0 ], [ 645696.895163957029581, 2498389.306303563527763 ], [ 645696.955461638281122, 2498389.60965725639835 ], [ 645697.055312344105914, 2498389.90713961655274 ], [ 645697.193754457635805, 2498390.195885726250708 ], [ 645697.369454705505632, 2498390.473114802502096 ], [ 645697.580720998463221, 2498390.736156978178769 ], [ 645697.825518726487644, 2498390.982479013036937 ], [ 645698.101490353816189, 2498391.209708691108972 ], [ 645698.405978122609667, 2498391.415657666977495 ], [ 645698.736049649189226, 2498391.598342538345605 ], [ 645699.088526164530776, 2498391.756003951188177 ], [ 645699.460013126954436, 2498391.887123539112508 ], [ 645699.846932913991623, 2498391.990438549313694 ], [ 645700.245559276547283, 2498392.064954001456499 ], [ 645700.652053224854171, 2498392.10995227098465 ], [ 645701.0625, 2498392.125 ], [ 645701.472946775145829, 2498392.10995227098465 ], [ 645701.879440723452717, 2498392.064954001456499 ], [ 645702.278067086008377, 2498391.990438549313694 ], [ 645702.664986873045564, 2498391.887123539112508 ], [ 645703.036473835469224, 2498391.756003951188177 ], [ 645703.388950350810774, 2498391.598342538345605 ], [ 645703.719021877390333, 2498391.415657666977495 ], [ 645704.023509646183811, 2498391.209708691108972 ], [ 645704.299481273512356, 2498390.982479013036937 ], [ 645704.544279001536779, 2498390.736156978178769 ], [ 645704.755545294494368, 2498390.473114802502096 ], [ 645704.931245542364195, 2498390.195885726250708 ], [ 645705.069687655894086, 2498389.90713961655274 ], [ 645705.169538361718878, 2498389.60965725639835 ], [ 645705.229836042970419, 2498389.306303563527763 ], [ 645705.25, 2498389.0 ] ] ] } },
{ "type": "Feature", "properties": { "xmin": 847.47461, "ymin": 640.0, "xmax": 871.58826, "ymax": 649.75751, "score": 0.3976638, "label": "Tree", "tile_idx": 10, "geo_xmin": 645851.69, "geo_ymin": 2498363.5, "geo_xmax": 645858.19, "geo_ymax": 2498366.2, "center_x": 645854.94, "center_y": 2498365.0, "width_m": 6.5, "height_m": 2.75, "crown_diameter_m": 4.2278838, "lon": 88.418836348837232, "lat": 22.585819598093135, "crown_area_raw_m2": 14.038993, "crown_area_calibrated_m2": 16.846792, "agb_tree_kg": 23.05426113805775 }, "geometry": { "type": "Polygon", "coordinates": [ [ [ 645858.1875, 2498365.0 ], [ 645858.171850361628458, 2498364.865226432215422 ], [ 645858.125052161281928, 2498364.731750807259232 ], [ 645858.047556091099977, 2498364.600858568679541 ], [ 645857.940108480630443, 2498364.473810280673206 ], [ 645857.803744109114632, 2498364.351829486899078 ], [ 645857.639776239986531, 2498364.2360909297131 ], [ 645857.449783973395824, 2498364.127709234133363 ], [ 645857.235597038874403, 2498364.027728175744414 ], [ 645856.999278173549101, 2498363.937110626604408 ], [ 645856.743103257264011, 2498363.856729282997549 ], [ 645856.469539394718595, 2498363.78735826164484 ], [ 645856.181221155216917, 2498363.729665642604232 ], [ 645855.880925201112404, 2498363.684207038488239 ], [ 645855.571543546509929, 2498363.65142023935914 ], [ 645855.256055706064217, 2498363.631621000822634 ], [ 645854.9375, 2498363.625 ], [ 645854.618944293935783, 2498363.631621000822634 ], [ 645854.303456453490071, 2498363.65142023935914 ], [ 645853.994074798887596, 2498363.684207038488239 ], [ 645853.693778844783083, 2498363.729665642604232 ], [ 645853.405460605281405, 2498363.78735826164484 ], [ 645853.131896742735989, 2498363.856729282997549 ], [ 645852.875721826450899, 2498363.937110626604408 ], [ 645852.639402961125597, 2498364.027728175744414 ], [ 645852.425216026604176, 2498364.127709234133363 ], [ 645852.235223760013469, 2498364.2360909297131 ], [ 645852.071255890885368, 2498364.351829486899078 ], [ 645851.934891519369557, 2498364.473810280673206 ], [ 645851.827443908900023, 2498364.600858568679541 ], [ 645851.749947838718072, 2498364.731750807259232 ], [ 645851.703149638371542, 2498364.865226432215422 ], [ 645851.6875, 2498365.0 ], [ 645851.703149638371542, 2498365.134773567784578 ], [ 645851.749947838718072, 2498365.268249192740768 ], [ 645851.827443908900023, 2498365.399141431320459 ], [ 645851.934891519369557, 2498365.526189719326794 ], [ 645852.071255890885368, 2498365.648170513100922 ], [ 645852.235223760013469, 2498365.7639090702869 ], [ 645852.425216026604176, 2498365.872290765866637 ], [ 645852.639402961125597, 2498365.972271824255586 ], [ 645852.875721826450899, 2498366.062889373395592 ], [ 645853.131896742735989, 2498366.143270717002451 ], [ 645853.405460605281405, 2498366.21264173835516 ], [ 645853.693778844783083, 2498366.270334357395768 ], [ 645853.994074798887596, 2498366.315792961511761 ], [ 645854.303456453490071, 2498366.34857976064086 ], [ 645854.618944293935783, 2498366.368378999177366 ], [ 645854.9375, 2498366.375 ], [ 645855.256055706064217, 2498366.368378999177366 ], [ 645855.571543546509929, 2498366.34857976064086 ], [ 645855.880925201112404, 2498366.315792961511761 ], [ 645856.181221155216917, 2498366.270334357395768 ], [ 645856.469539394718595, 2498366.21264173835516 ], [ 645856.743103257264011, 2498366.143270717002451 ], [ 645856.999278173549101, 2498366.062889373395592 ], [ 645857.235597038874403, 2498365.972271824255586 ], [ 645857.449783973395824, 2498365.872290765866637 ], [ 645857.639776239986531, 2498365.7639090702869 ], [ 645857.803744109114632, 2498365.648170513100922 ], [ 645857.940108480630443, 2498365.526189719326794 ], [ 645858.047556091099977, 2498365.399141431320459 ], [ 645858.125052161281928, 2498365.268249192740768 ], [ 645858.171850361628458, 2498365.134773567784578 ], [ 645858.1875, 2498365.0 ] ] ] } },
{ "type": "Feature", "properties": { "xmin": 18.979725, "ymin": 39.649403, "xmax": 38.27179, "ymax": 58.141445, "score": 0.38939333, "label": "Tree", "tile_idx": 0, "geo_xmin": 645628.0, "geo_ymin": 2498523.2, "geo_xmax": 645633.19, "geo_ymax": 2498528.2, "center_x": 645630.62, "center_y": 2498525.8, "width_m": 5.1875, "height_m": 5.0, "crown_diameter_m": 5.0928874, "lon": 88.416669661580926, "lat": 22.587290610024642, "crown_area_raw_m2": 20.371265, "crown_area_calibrated_m2": 24.44552, "agb_tree_kg": 36.065590311746341 }, "geometry": { "type": "Polygon", "coordinates": [ [ [ 645633.21875, 2498525.75 ], [ 645633.206260384758934, 2498525.504957149270922 ], [ 645633.168911821092479, 2498525.262274194974452 ], [ 645633.107063995790668, 2498525.024288306944072 ], [ 645633.021312537486665, 2498524.79329141927883 ], [ 645632.912483279360458, 2498524.571508157998323 ], [ 645632.781624306924641, 2498524.361074417363852 ], [ 645632.629995863419026, 2498524.164016789756715 ], [ 645632.459058213746175, 2498523.98223304701969 ], [ 645632.270457580802031, 2498523.817473866511136 ], [ 645632.066010291920975, 2498523.671325969044119 ], [ 645631.847685286193155, 2498523.545196839142591 ], [ 645631.617585152736865, 2498523.440301168709993 ], [ 645631.377925881650299, 2498523.357649160549045 ], [ 645631.131015522754751, 2498523.298036798834801 ], [ 645630.87923195771873, 2498523.262038183398545 ], [ 645630.625, 2498523.25 ], [ 645630.37076804228127, 2498523.262038183398545 ], [ 645630.118984477245249, 2498523.298036798834801 ], [ 645629.872074118349701, 2498523.357649160549045 ], [ 645629.632414847263135, 2498523.440301168709993 ], [ 645629.402314713806845, 2498523.545196839142591 ], [ 645629.183989708079025, 2498523.671325969044119 ], [ 645628.979542419197969, 2498523.817473866511136 ], [ 645628.790941786253825, 2498523.98223304701969 ], [ 645628.620004136580974, 2498524.164016789756715 ], [ 645628.468375693075359, 2498524.361074417363852 ], [ 645628.337516720639542, 2498524.571508157998323 ], [ 645628.228687462513335, 2498524.79329141927883 ], [ 645628.142936004209332, 2498525.024288306944072 ], [ 645628.081088178907521, 2498525.262274194974452 ], [ 645628.043739615241066, 2498525.504957149270922 ], [ 645628.03125, 2498525.75 ], [ 645628.043739615241066, 2498525.995042850729078 ], [ 645628.081088178907521, 2498526.237725805025548 ], [ 645628.142936004209332, 2498526.475711693055928 ], [ 645628.228687462513335, 2498526.70670858072117 ], [ 645628.337516720639542, 2498526.928491842001677 ], [ 645628.468375693075359, 2498527.138925582636148 ], [ 645628.620004136580974, 2498527.335983210243285 ], [ 645628.790941786253825, 2498527.51776695298031 ], [ 645628.979542419197969, 2498527.682526133488864 ], [ 645629.183989708079025, 2498527.828674030955881 ], [ 645629.402314713806845, 2498527.954803160857409 ], [ 645629.632414847263135, 2498528.059698831290007 ], [ 645629.872074118349701, 2498528.142350839450955 ], [ 645630.118984477245249, 2498528.201963201165199 ], [ 645630.37076804228127, 2498528.237961816601455 ], [ 645630.625, 2498528.25 ], [ 645630.87923195771873, 2498528.237961816601455 ], [ 645631.131015522754751, 2498528.201963201165199 ], [ 645631.377925881650299, 2498528.142350839450955 ], [ 645631.617585152736865, 2498528.059698831290007 ], [ 645631.847685286193155, 2498527.954803160857409 ], [ 645632.066010291920975, 2498527.828674030955881 ], [ 645632.270457580802031, 2498527.682526133488864 ], [ 645632.459058213746175, 2498527.51776695298031 ], [ 645632.629995863419026, 2498527.335983210243285 ], [ 645632.781624306924641, 2498527.138925582636148 ], [ 645632.912483279360458, 2498526.928491842001677 ], [ 645633.021312537486665, 2498526.70670858072117 ], [ 645633.107063995790668, 2498526.475711693055928 ], [ 645633.168911821092479, 2498526.237725805025548 ], [ 645633.206260384758934, 2498525.995042850729078 ], [ 645633.21875, 2498525.75 ] ] ] } },
{ "type": "Feature", "properties": { "xmin": 478.35907, "ymin": 294.15256, "xmax": 514.04578, "ymax": 326.44144, "score": 0.3844029, "label": "Tree", "tile_idx": 1, "geo_xmin": 645752.06, "geo_ymin": 2498450.8, "geo_xmax": 645761.69, "geo_ymax": 2498459.5, "center_x": 645756.88, "center_y": 2498455.0, "width_m": 9.625, "height_m": 8.75, "crown_diameter_m": 9.1770773, "lon": 88.41789096954939, "lat": 22.586640822151622, "crown_area_raw_m2": 66.145248, "crown_area_calibrated_m2": 79.374298, "agb_tree_kg": 148.55687748194734 }, "geometry": { "type": "Polygon", "coordinates": [ [ [ 645761.6875, 2498455.0 ], [ 645761.664326497120783, 2498454.571175010874867 ], [ 645761.595029161893763, 2498454.146479841321707 ], [ 645761.480275365756825, 2498453.730004536919296 ], [ 645761.321170250186697, 2498453.325759983621538 ], [ 645761.11924608470872, 2498452.937639276497066 ], [ 645760.876447509159334, 2498452.569380230735987 ], [ 645760.595112806768157, 2498452.224529381841421 ], [ 645760.277951384428889, 2498451.906407832168043 ], [ 645759.928017680067569, 2498451.618079266510904 ], [ 645759.548681746353395, 2498451.362320445943624 ], [ 645759.143596795969643, 2498451.141594468615949 ], [ 645758.716664018225856, 2498450.958027045242488 ], [ 645758.271995009272359, 2498450.813386030960828 ], [ 645757.813872174709104, 2498450.709064398426563 ], [ 645757.346707487828098, 2498450.646066820714623 ], [ 645756.875, 2498450.625 ], [ 645756.403292512171902, 2498450.646066820714623 ], [ 645755.936127825290896, 2498450.709064398426563 ], [ 645755.478004990727641, 2498450.813386030960828 ], [ 645755.033335981774144, 2498450.958027045242488 ], [ 645754.606403204030357, 2498451.141594468615949 ], [ 645754.201318253646605, 2498451.362320445943624 ], [ 645753.821982319932431, 2498451.618079266510904 ], [ 645753.472048615571111, 2498451.906407832168043 ], [ 645753.154887193231843, 2498452.224529381841421 ], [ 645752.873552490840666, 2498452.569380230735987 ], [ 645752.63075391529128, 2498452.937639276497066 ], [ 645752.428829749813303, 2498453.325759983621538 ], [ 645752.269724634243175, 2498453.730004536919296 ], [ 645752.154970838106237, 2498454.146479841321707 ], [ 645752.085673502879217, 2498454.571175010874867 ], [ 645752.0625, 2498455.0 ], [ 645752.085673502879217, 2498455.428824989125133 ], [ 645752.154970838106237, 2498455.853520158678293 ], [ 645752.269724634243175, 2498456.269995463080704 ], [ 645752.428829749813303, 2498456.674240016378462 ], [ 645752.63075391529128, 2498457.062360723502934 ], [ 645752.873552490840666, 2498457.430619769264013 ], [ 645753.154887193231843, 2498457.775470618158579 ], [ 645753.472048615571111, 2498458.093592167831957 ], [ 645753.821982319932431, 2498458.381920733489096 ], [ 645754.201318253646605, 2498458.637679554056376 ], [ 645754.606403204030357, 2498458.858405531384051 ], [ 645755.033335981774144, 2498459.041972954757512 ], [ 645755.478004990727641, 2498459.186613969039172 ], [ 645755.936127825290896, 2498459.290935601573437 ], [ 645756.403292512171902, 2498459.353933179285377 ], [ 645756.875, 2498459.375 ], [ 645757.346707487828098, 2498459.353933179285377 ], [ 645757.813872174709104, 2498459.290935601573437 ], [ 645758.271995009272359, 2498459.186613969039172 ], [ 645758.716664018225856, 2498459.041972954757512 ], [ 645759.143596795969643, 2498458.858405531384051 ], [ 645759.548681746353395, 2498458.637679554056376 ], [ 645759.928017680067569, 2498458.381920733489096 ], [ 645760.277951384428889, 2498458.093592167831957 ], [ 645760.595112806768157, 2498457.775470618158579 ], [ 645760.876447509159334, 2498457.430619769264013 ], [ 645761.11924608470872, 2498457.062360723502934 ], [ 645761.321170250186697, 2498456.674240016378462 ], [ 645761.480275365756825, 2498456.269995463080704 ], [ 645761.595029161893763, 2498455.853520158678293 ], [ 645761.664326497120783, 2498455.428824989125133 ], [ 645761.6875, 2498455.0 ] ] ] } },
{ "type": "Feature", "properties": { "xmin": 121.06122, "ymin": 628.27258, "xmax": 144.23291, "ymax": 653.06116, "score": 0.38183495, "label": "Tree", "tile_idx": 4, "geo_xmin": 645655.56, "geo_ymin": 2498362.8, "geo_xmax": 645661.81, "geo_ymax": 2498369.2, "center_x": 645658.69, "center_y": 2498366.0, "width_m": 6.25, "height_m": 6.5, "crown_diameter_m": 6.3737745, "lon": 88.416927824498003, "lat": 22.58584547793572, "crown_area_raw_m2": 31.906801, "crown_area_calibrated_m2": 38.288162, "agb_tree_kg": 61.847345993728773 }, "geometry": { "type": "Polygon", "coordinates": [ [ [ 645661.8125, 2498366.0 ], [ 645661.797452270868234, 2498365.681444293819368 ], [ 645661.752454001223668, 2498365.365956453606486 ], [ 645661.677938549197279, 2498365.056574799120426 ], [ 645661.574623539112508, 2498364.756278845015913 ], [ 645661.443503951071762, 2498364.46796060539782 ], [ 645661.28584253846202, 2498364.194396742619574 ], [ 645661.103157666744664, 2498363.93822182668373 ], [ 645660.897208691225387, 2498363.701902961358428 ], [ 645660.669979013036937, 2498363.487716026604176 ], [ 645660.423656978178769, 2498363.297723759897053 ], [ 645660.160614802618511, 2498363.133755890652537 ], [ 645659.883385726134293, 2498362.997391519136727 ], [ 645659.594639616436325, 2498362.889943908900023 ], [ 645659.297157256281935, 2498362.812447838485241 ], [ 645658.993803563527763, 2498362.765649638138711 ], [ 645658.6875, 2498362.75 ], [ 645658.381196436472237, 2498362.765649638138711 ], [ 645658.077842743718065, 2498362.812447838485241 ], [ 645657.780360383563675, 2498362.889943908900023 ], [ 645657.491614273865707, 2498362.997391519136727 ], [ 645657.214385197381489, 2498363.133755890652537 ], [ 645656.951343021821231, 2498363.297723759897053 ], [ 645656.705020986963063, 2498363.487716026604176 ], [ 645656.477791308774613, 2498363.701902961358428 ], [ 645656.271842333255336, 2498363.93822182668373 ], [ 645656.08915746153798, 2498364.194396742619574 ], [ 645655.931496048928238, 2498364.46796060539782 ], [ 645655.800376460887492, 2498364.756278845015913 ], [ 645655.697061450802721, 2498365.056574799120426 ], [ 645655.622545998776332, 2498365.365956453606486 ], [ 645655.577547729131766, 2498365.681444293819368 ], [ 645655.5625, 2498366.0 ], [ 645655.577547729131766, 2498366.318555706180632 ], [ 645655.622545998776332, 2498366.634043546393514 ], [ 645655.697061450802721, 2498366.943425200879574 ], [ 645655.800376460887492, 2498367.243721154984087 ], [ 645655.931496048928238, 2498367.53203939460218 ], [ 645656.08915746153798, 2498367.805603257380426 ], [ 645656.271842333255336, 2498368.06177817331627 ], [ 645656.477791308774613, 2498368.298097038641572 ], [ 645656.705020986963063, 2498368.512283973395824 ], [ 645656.951343021821231, 2498368.702276240102947 ], [ 645657.214385197381489, 2498368.866244109347463 ], [ 645657.491614273865707, 2498369.002608480863273 ], [ 645657.780360383563675, 2498369.110056091099977 ], [ 645658.077842743718065, 2498369.187552161514759 ], [ 645658.381196436472237, 2498369.234350361861289 ], [ 645658.6875, 2498369.25 ], [ 645658.993803563527763, 2498369.234350361861289 ], [ 645659.297157256281935, 2498369.187552161514759 ], [ 645659.594639616436325, 2498369.110056091099977 ], [ 645659.883385726134293, 2498369.002608480863273 ], [ 645660.160614802618511, 2498368.866244109347463 ], [ 645660.423656978178769, 2498368.702276240102947 ], [ 645660.669979013036937, 2498368.512283973395824 ], [ 645660.897208691225387, 2498368.298097038641572 ], [ 645661.103157666744664, 2498368.06177817331627 ], [ 645661.28584253846202, 2498367.805603257380426 ], [ 645661.443503951071762, 2498367.53203939460218 ], [ 645661.574623539112508, 2498367.243721154984087 ], [ 645661.677938549197279, 2498366.943425200879574 ], [ 645661.752454001223668, 2498366.634043546393514 ], [ 645661.797452270868234, 2498366.318555706180632 ], [ 645661.8125, 2498366.0 ] ] ] } },
{ "type": "Feature", "properties": { "xmin": 834.53656, "ymin": 122.12128, "xmax": 864.65186, "ymax": 152.48413, "score": 0.3813026, "label": "Tree", "tile_idx": 2, "geo_xmin": 645848.19, "geo_ymin": 2498497.8, "geo_xmax": 645856.31, "geo_ymax": 2498506.0, "center_x": 645852.25, "center_y": 2498502.0, "width_m": 8.125, "height_m": 8.25, "crown_diameter_m": 8.1872616, "lon": 88.418822886600481, "lat": 22.587057094078133, "crown_area_raw_m2": 52.646221, "crown_area_calibrated_m2": 63.175468, "agb_tree_kg": 112.9111325422801 }, "geometry": { "type": "Polygon", "coordinates": [ [ [ 645856.3125, 2498502.0 ], [ 645856.29293795209378, 2498501.595679296180606 ], [ 645856.234440201660618, 2498501.195252421777695 ], [ 645856.137570113874972, 2498500.802575706504285 ], [ 645856.003260600846261, 2498500.421430841553956 ], [ 645855.832805136451498, 2498500.055488460697234 ], [ 645855.627845300012268, 2498499.708272788673639 ], [ 645855.390354966744781, 2498499.38312770286575 ], [ 645855.122621298534796, 2498499.083184527698904 ], [ 645854.827222716878168, 2498498.811331879813224 ], [ 645854.507004071609117, 2498498.570187849458307 ], [ 645854.16504924336914, 2498498.362074784468859 ], [ 645853.804651443962939, 2498498.188996928278357 ], [ 645853.429281501332298, 2498498.052621114999056 ], [ 645853.042554433224723, 2498497.954260718543082 ], [ 645852.648194632609375, 2498497.894863002467901 ], [ 645852.25, 2498497.875 ], [ 645851.851805367390625, 2498497.894863002467901 ], [ 645851.457445566775277, 2498497.954260718543082 ], [ 645851.070718498667702, 2498498.052621114999056 ], [ 645850.695348556037061, 2498498.188996928278357 ], [ 645850.33495075663086, 2498498.362074784468859 ], [ 645849.992995928390883, 2498498.570187849458307 ], [ 645849.672777283121832, 2498498.811331879813224 ], [ 645849.377378701465204, 2498499.083184527698904 ], [ 645849.109645033255219, 2498499.38312770286575 ], [ 645848.872154699987732, 2498499.708272788673639 ], [ 645848.667194863548502, 2498500.055488460697234 ], [ 645848.496739399153739, 2498500.421430841553956 ], [ 645848.362429886125028, 2498500.802575706504285 ], [ 645848.265559798339382, 2498501.195252421777695 ], [ 645848.20706204790622, 2498501.595679296180606 ], [ 645848.1875, 2498502.0 ], [ 645848.20706204790622, 2498502.404320703819394 ], [ 645848.265559798339382, 2498502.804747578222305 ], [ 645848.362429886125028, 2498503.197424293495715 ], [ 645848.496739399153739, 2498503.578569158446044 ], [ 645848.667194863548502, 2498503.944511539302766 ], [ 645848.872154699987732, 2498504.291727211326361 ], [ 645849.109645033255219, 2498504.61687229713425 ], [ 645849.377378701465204, 2498504.916815472301096 ], [ 645849.672777283121832, 2498505.188668120186776 ], [ 645849.992995928390883, 2498505.429812150541693 ], [ 645850.33495075663086, 2498505.637925215531141 ], [ 645850.695348556037061, 2498505.811003071721643 ], [ 645851.070718498667702, 2498505.947378885000944 ], [ 645851.457445566775277, 2498506.045739281456918 ], [ 645851.851805367390625, 2498506.105136997532099 ], [ 645852.25, 2498506.125 ], [ 645852.648194632609375, 2498506.105136997532099 ], [ 645853.042554433224723, 2498506.045739281456918 ], [ 645853.429281501332298, 2498505.947378885000944 ], [ 645853.804651443962939, 2498505.811003071721643 ], [ 645854.16504924336914, 2498505.637925215531141 ], [ 645854.507004071609117, 2498505.429812150541693 ], [ 645854.827222716878168, 2498505.188668120186776 ], [ 645855.122621298534796, 2498504.916815472301096 ], [ 645855.390354966744781, 2498504.61687229713425 ], [ 645855.627845300012268, 2498504.291727211326361 ], [ 645855.832805136451498, 2498503.944511539302766 ], [ 645856.003260600846261, 2498503.578569158446044 ], [ 645856.137570113874972, 2498503.197424293495715 ], [ 645856.234440201660618, 2498502.804747578222305 ], [ 645856.29293795209378, 2498502.404320703819394 ], [ 645856.3125, 2498502.0 ] ] ] } },
{ "type": "Feature", "properties": { "xmin": 916.97656, "ymin": 640.04034, "xmax": 934.4519, "ymax": 655.01489, "score": 0.37719241, "label": "Tree", "tile_idx": 11, "geo_xmin": 645870.44, "geo_ymin": 2498362.2, "geo_xmax": 645875.19, "geo_ymax": 2498366.2, "center_x": 645872.81, "center_y": 2498364.2, "width_m": 4.75, "height_m": 4.0, "crown_diameter_m": 4.3588991, "lon": 88.419010121512642, "lat": 22.585811288990907, "crown_area_raw_m2": 14.922565, "crown_area_calibrated_m2": 17.90708, "agb_tree_kg": 24.809229677659324 }, "geometry": { "type": "Polygon", "coordinates": [ [ [ 645875.1875, 2498364.25 ], [ 645875.176063725841232, 2498364.053965719416738 ], [ 645875.141865040990524, 2498363.85981935588643 ], [ 645875.085233297315426, 2498363.66943064564839 ], [ 645875.006713889772072, 2498363.484633135143667 ], [ 645874.907063002814539, 2498363.307206526398659 ], [ 645874.787240329198539, 2498363.138859534170479 ], [ 645874.648399826721288, 2498362.981213431805372 ], [ 645874.491878605331294, 2498362.835786437615752 ], [ 645874.319184049847536, 2498362.703979093115777 ], [ 645874.131979303434491, 2498362.587060775607824 ], [ 645873.932067250018008, 2498362.486157471314073 ], [ 645873.721373151871376, 2498362.40224093478173 ], [ 645873.501926108496264, 2498362.3361193286255 ], [ 645873.275839514797553, 2498362.288429439067841 ], [ 645873.045290708309039, 2498362.259630546439439 ], [ 645872.8125, 2498362.25 ], [ 645872.579709291690961, 2498362.259630546439439 ], [ 645872.349160485202447, 2498362.288429439067841 ], [ 645872.123073891503736, 2498362.3361193286255 ], [ 645871.903626848128624, 2498362.40224093478173 ], [ 645871.692932749981992, 2498362.486157471314073 ], [ 645871.493020696565509, 2498362.587060775607824 ], [ 645871.305815950152464, 2498362.703979093115777 ], [ 645871.133121394668706, 2498362.835786437615752 ], [ 645870.976600173278712, 2498362.981213431805372 ], [ 645870.837759670801461, 2498363.138859534170479 ], [ 645870.717936997185461, 2498363.307206526398659 ], [ 645870.618286110227928, 2498363.484633135143667 ], [ 645870.539766702684574, 2498363.66943064564839 ], [ 645870.483134959009476, 2498363.85981935588643 ], [ 645870.448936274158768, 2498364.053965719416738 ], [ 645870.4375, 2498364.25 ], [ 645870.448936274158768, 2498364.446034280583262 ], [ 645870.483134959009476, 2498364.64018064411357 ], [ 645870.539766702684574, 2498364.83056935435161 ], [ 645870.618286110227928, 2498365.015366864856333 ], [ 645870.717936997185461, 2498365.192793473601341 ], [ 645870.837759670801461, 2498365.361140465829521 ], [ 645870.976600173278712, 2498365.518786568194628 ], [ 645871.133121394668706, 2498365.664213562384248 ], [ 645871.305815950152464, 2498365.796020906884223 ], [ 645871.493020696565509, 2498365.912939224392176 ], [ 645871.692932749981992, 2498366.013842528685927 ], [ 645871.903626848128624, 2498366.09775906521827 ], [ 645872.123073891503736, 2498366.1638806713745 ], [ 645872.349160485202447, 2498366.211570560932159 ], [ 645872.579709291690961, 2498366.240369453560561 ], [ 645872.8125, 2498366.25 ], [ 645873.045290708309039, 2498366.240369453560561 ], [ 645873.275839514797553, 2498366.211570560932159 ], [ 645873.501926108496264, 2498366.1638806713745 ], [ 645873.721373151871376, 2498366.09775906521827 ], [ 645873.932067250018008, 2498366.013842528685927 ], [ 645874.131979303434491, 2498365.912939224392176 ], [ 645874.319184049847536, 2498365.796020906884223 ], [ 645874.491878605331294, 2498365.664213562384248 ], [ 645874.648399826721288, 2498365.518786568194628 ], [ 645874.787240329198539, 2498365.361140465829521 ], [ 645874.907063002814539, 2498365.192793473601341 ], [ 645875.006713889772072, 2498365.015366864856333 ], [ 645875.085233297315426, 2498364.83056935435161 ], [ 645875.141865040990524, 2498364.64018064411357 ], [ 645875.176063725841232, 2498364.446034280583262 ], [ 645875.1875, 2498364.25 ] ] ] } },
{ "type": "Feature", "properties": { "xmin": 834.04419, "ymin": 77.12822, "xmax": 871.30823, "ymax": 114.21744, "score": 0.37456995, "label": "Tree", "tile_idx": 2, "geo_xmin": 645848.06, "geo_ymin": 2498508.2, "geo_xmax": 645858.12, "geo_ymax": 2498518.2, "center_x": 645853.12, "center_y": 2498513.2, "width_m": 10.0625, "height_m": 10.0, "crown_diameter_m": 10.031201, "lon": 88.418832437292849, "lat": 22.587158619129887, "crown_area_raw_m2": 79.030693, "crown_area_calibrated_m2": 94.836838, "agb_tree_kg": 183.99410032469171 }, "geometry": { "type": "Polygon", "coordinates": [ [ [ 645858.15625, 2498513.25 ], [ 645858.132023156038485, 2498512.759914298541844 ], [ 645858.059575941995718, 2498512.274548389948905 ], [ 645857.939606064115651, 2498511.798576613888144 ], [ 645857.773268897901289, 2498511.336582838091999 ], [ 645857.56216636125464, 2498510.893016315996647 ], [ 645857.308331486885436, 2498510.472148834727705 ], [ 645857.014208843465894, 2498510.078033579047769 ], [ 645856.682630992843769, 2498509.714466094039381 ], [ 645856.316791210905649, 2498509.384947733022273 ], [ 645855.920212734839879, 2498509.0926519385539 ], [ 645855.496714832144789, 2498508.840393678285182 ], [ 645855.050376019091345, 2498508.630602337419987 ], [ 645854.585494782426395, 2498508.465298321563751 ], [ 645854.106548182666302, 2498508.346073598135263 ], [ 645853.618148737237789, 2498508.27407636679709 ], [ 645853.125, 2498508.25 ], [ 645852.631851262762211, 2498508.27407636679709 ], [ 645852.143451817333698, 2498508.346073598135263 ], [ 645851.664505217573605, 2498508.465298321563751 ], [ 645851.199623980908655, 2498508.630602337419987 ], [ 645850.753285167855211, 2498508.840393678285182 ], [ 645850.329787265160121, 2498509.0926519385539 ], [ 645849.933208789094351, 2498509.384947733022273 ], [ 645849.567369007156231, 2498509.714466094039381 ], [ 645849.235791156534106, 2498510.078033579047769 ], [ 645848.941668513114564, 2498510.472148834727705 ], [ 645848.68783363874536, 2498510.893016315996647 ], [ 645848.476731102098711, 2498511.336582838091999 ], [ 645848.310393935884349, 2498511.798576613888144 ], [ 645848.190424058004282, 2498512.274548389948905 ], [ 645848.117976843961515, 2498512.759914298541844 ], [ 645848.09375, 2498513.25 ], [ 645848.117976843961515, 2498513.740085701458156 ], [ 645848.190424058004282, 2498514.225451610051095 ], [ 645848.310393935884349, 2498514.701423386111856 ], [ 645848.476731102098711, 2498515.163417161908001 ], [ 645848.68783363874536, 2498515.606983684003353 ], [ 645848.941668513114564, 2498516.027851165272295 ], [ 645849.235791156534106, 2498516.421966420952231 ], [ 645849.567369007156231, 2498516.785533905960619 ], [ 645849.933208789094351, 2498517.115052266977727 ], [ 645850.329787265160121, 2498517.4073480614461 ], [ 645850.753285167855211, 2498517.659606321714818 ], [ 645851.199623980908655, 2498517.869397662580013 ], [ 645851.664505217573605, 2498518.034701678436249 ], [ 645852.143451817333698, 2498518.153926401864737 ], [ 645852.631851262762211, 2498518.22592363320291 ], [ 645853.125, 2498518.25 ], [ 645853.618148737237789, 2498518.22592363320291 ], [ 645854.106548182666302, 2498518.153926401864737 ], [ 645854.585494782426395, 2498518.034701678436249 ], [ 645855.050376019091345, 2498517.869397662580013 ], [ 645855.496714832144789, 2498517.659606321714818 ], [ 645855.920212734839879, 2498517.4073480614461 ], [ 645856.316791210905649, 2498517.115052266977727 ], [ 645856.682630992843769, 2498516.785533905960619 ], [ 645857.014208843465894, 2498516.421966420952231 ], [ 645857.308331486885436, 2498516.027851165272295 ], [ 645857.56216636125464, 2498515.606983684003353 ], [ 645857.773268897901289, 2498515.163417161908001 ], [ 645857.939606064115651, 2498514.701423386111856 ], [ 645858.059575941995718, 2498514.225451610051095 ], [ 645858.132023156038485, 2498513.740085701458156 ], [ 645858.15625, 2498513.25 ] ] ] } },
{ "type": "Feature", "properties": { "xmin": 787.00922, "ymin": 551.2796, "xmax": 802.66217, "ymax": 566.11035, "score": 0.37296331, "label": "Tree", "tile_idx": 6, "geo_xmin": 645835.38, "geo_ymin": 2498386.2, "geo_xmax": 645839.62, "geo_ymax": 2498390.2, "center_x": 645837.5, "center_y": 2498388.2, "width_m": 4.25, "height_m": 4.0, "crown_diameter_m": 4.1231055, "lon": 88.418668912373661, "lat": 22.58603106992566, "crown_area_raw_m2": 13.351769, "crown_area_calibrated_m2": 16.022123, "agb_tree_kg": 21.70456010280137 }, "geometry": { "type": "Polygon", "coordinates": [ [ [ 645839.625, 2498388.25 ], [ 645839.614767544204369, 2498388.053965719416738 ], [ 645839.584168720874004, 2498387.85981935588643 ], [ 645839.533498213393614, 2498387.66943064564839 ], [ 645839.463244006619789, 2498387.484633135143667 ], [ 645839.374082686728798, 2498387.307206526398659 ], [ 645839.266872926149517, 2498387.138859534170479 ], [ 645839.142647213418968, 2498386.981213431805372 ], [ 645839.002601910033263, 2498386.835786437615752 ], [ 645838.848085728823207, 2498386.703979093115777 ], [ 645838.680586745147593, 2498386.587060775607824 ], [ 645838.501718065701425, 2498386.486157471314073 ], [ 645838.313202293822542, 2498386.40224093478173 ], [ 645838.116854939144105, 2498386.3361193286255 ], [ 645837.914566934341565, 2498386.288429439067841 ], [ 645837.708286423236132, 2498386.259630546439439 ], [ 645837.5, 2498386.25 ], [ 645837.291713576763868, 2498386.259630546439439 ], [ 645837.085433065658435, 2498386.288429439067841 ], [ 645836.883145060855895, 2498386.3361193286255 ], [ 645836.686797706177458, 2498386.40224093478173 ], [ 645836.498281934298575, 2498386.486157471314073 ], [ 645836.319413254852407, 2498386.587060775607824 ], [ 645836.151914271176793, 2498386.703979093115777 ], [ 645835.997398089966737, 2498386.835786437615752 ], [ 645835.857352786581032, 2498386.981213431805372 ], [ 645835.733127073850483, 2498387.138859534170479 ], [ 645835.625917313271202, 2498387.307206526398659 ], [ 645835.536755993380211, 2498387.484633135143667 ], [ 645835.466501786606386, 2498387.66943064564839 ], [ 645835.415831279125996, 2498387.85981935588643 ], [ 645835.385232455795631, 2498388.053965719416738 ], [ 645835.375, 2498388.25 ], [ 645835.385232455795631, 2498388.446034280583262 ], [ 645835.415831279125996, 2498388.64018064411357 ], [ 645835.466501786606386, 2498388.83056935435161 ], [ 645835.536755993380211, 2498389.015366864856333 ], [ 645835.625917313271202, 2498389.192793473601341 ], [ 645835.733127073850483, 2498389.361140465829521 ], [ 645835.857352786581032, 2498389.518786568194628 ], [ 645835.997398089966737, 2498389.664213562384248 ], [ 645836.151914271176793, 2498389.796020906884223 ], [ 645836.319413254852407, 2498389.912939224392176 ], [ 645836.498281934298575, 2498390.013842528685927 ], [ 645836.686797706177458, 2498390.09775906521827 ], [ 645836.883145060855895, 2498390.1638806713745 ], [ 645837.085433065658435, 2498390.211570560932159 ], [ 645837.291713576763868, 2498390.240369453560561 ], [ 645837.5, 2498390.25 ], [ 645837.708286423236132, 2498390.240369453560561 ], [ 645837.914566934341565, 2498390.211570560932159 ], [ 645838.116854939144105, 2498390.1638806713745 ], [ 645838.313202293822542, 2498390.09775906521827 ], [ 645838.501718065701425, 2498390.013842528685927 ], [ 645838.680586745147593, 2498389.912939224392176 ], [ 645838.848085728823207, 2498389.796020906884223 ], [ 645839.002601910033263, 2498389.664213562384248 ], [ 645839.142647213418968, 2498389.518786568194628 ], [ 645839.266872926149517, 2498389.361140465829521 ], [ 645839.374082686728798, 2498389.192793473601341 ], [ 645839.463244006619789, 2498389.015366864856333 ], [ 645839.533498213393614, 2498388.83056935435161 ], [ 645839.584168720874004, 2498388.64018064411357 ], [ 645839.614767544204369, 2498388.446034280583262 ], [ 645839.625, 2498388.25 ] ] ] } },
{ "type": "Feature", "properties": { "xmin": 711.50623, "ymin": 307.92017, "xmax": 737.71991, "ymax": 322.961, "score": 0.37219009, "label": "Tree", "tile_idx": 2, "geo_xmin": 645815.0, "geo_ymin": 2498451.8, "geo_xmax": 645822.06, "geo_ymax": 2498455.8, "center_x": 645818.5, "center_y": 2498453.8, "width_m": 7.0625, "height_m": 4.0, "crown_diameter_m": 5.315073, "lon": 88.41849018732016, "lat": 22.586624241197338, "crown_area_raw_m2": 22.187498, "crown_area_calibrated_m2": 26.624998, "agb_tree_kg": 39.96461287355703 }, "geometry": { "type": "Polygon", "coordinates": [ [ [ 645822.03125, 2498453.75 ], [ 645822.014246066100895, 2498453.553965719416738 ], [ 645821.963398021413013, 2498453.35981935588643 ], [ 645821.879195560584776, 2498453.16943064564839 ], [ 645821.762449599220417, 2498452.984633135143667 ], [ 645821.614284464740194, 2498452.807206526398659 ], [ 645821.436127068474889, 2498452.638859534170479 ], [ 645821.229693163419142, 2498452.481213431805372 ], [ 645820.996970821055584, 2498452.335786437615752 ], [ 645820.740201284759678, 2498452.203979093115777 ], [ 645820.461857385351323, 2498452.087060775607824 ], [ 645820.164619726943783, 2498451.986157471314073 ], [ 645819.851350870565511, 2498451.90224093478173 ], [ 645819.525067766546272, 2498451.8361193286255 ], [ 645819.188912699581124, 2498451.788429439067841 ], [ 645818.846123026800342, 2498451.759630546439439 ], [ 645818.5, 2498451.75 ], [ 645818.153876973199658, 2498451.759630546439439 ], [ 645817.811087300418876, 2498451.788429439067841 ], [ 645817.474932233453728, 2498451.8361193286255 ], [ 645817.148649129434489, 2498451.90224093478173 ], [ 645816.835380273056217, 2498451.986157471314073 ], [ 645816.538142614648677, 2498452.087060775607824 ], [ 645816.259798715240322, 2498452.203979093115777 ], [ 645816.003029178944416, 2498452.335786437615752 ], [ 645815.770306836580858, 2498452.481213431805372 ], [ 645815.563872931525111, 2498452.638859534170479 ], [ 645815.385715535259806, 2498452.807206526398659 ], [ 645815.237550400779583, 2498452.984633135143667 ], [ 645815.120804439415224, 2498453.16943064564839 ], [ 645815.036601978586987, 2498453.35981935588643 ], [ 645814.985753933899105, 2498453.553965719416738 ], [ 645814.96875, 2498453.75 ], [ 645814.985753933899105, 2498453.946034280583262 ], [ 645815.036601978586987, 2498454.14018064411357 ], [ 645815.120804439415224, 2498454.33056935435161 ], [ 645815.237550400779583, 2498454.515366864856333 ], [ 645815.385715535259806, 2498454.692793473601341 ], [ 645815.563872931525111, 2498454.861140465829521 ], [ 645815.770306836580858, 2498455.018786568194628 ], [ 645816.003029178944416, 2498455.164213562384248 ], [ 645816.259798715240322, 2498455.296020906884223 ], [ 645816.538142614648677, 2498455.412939224392176 ], [ 645816.835380273056217, 2498455.513842528685927 ], [ 645817.148649129434489, 2498455.59775906521827 ], [ 645817.474932233453728, 2498455.6638806713745 ], [ 645817.811087300418876, 2498455.711570560932159 ], [ 645818.153876973199658, 2498455.740369453560561 ], [ 645818.5, 2498455.75 ], [ 645818.846123026800342, 2498455.740369453560561 ], [ 645819.188912699581124, 2498455.711570560932159 ], [ 645819.525067766546272, 2498455.6638806713745 ], [ 645819.851350870565511, 2498455.59775906521827 ], [ 645820.164619726943783, 2498455.513842528685927 ], [ 645820.461857385351323, 2498455.412939224392176 ], [ 645820.740201284759678, 2498455.296020906884223 ], [ 645820.996970821055584, 2498455.164213562384248 ], [ 645821.229693163419142, 2498455.018786568194628 ], [ 645821.436127068474889, 2498454.861140465829521 ], [ 645821.614284464740194, 2498454.692793473601341 ], [ 645821.762449599220417, 2498454.515366864856333 ], [ 645821.879195560584776, 2498454.33056935435161 ], [ 645821.963398021413013, 2498454.14018064411357 ], [ 645822.014246066100895, 2498453.946034280583262 ], [ 645822.03125, 2498453.75 ] ] ] } },
{ "type": "Feature", "properties": { "xmin": 298.42349, "ymin": 651.92352, "xmax": 318.53043, "ymax": 672.33966, "score": 0.37197125, "label": "Tree", "tile_idx": 12, "geo_xmin": 645703.44, "geo_ymin": 2498357.5, "geo_xmax": 645708.88, "geo_ymax": 2498363.0, "center_x": 645706.12, "center_y": 2498360.2, "width_m": 5.4375, "height_m": 5.5, "crown_diameter_m": 5.4686608, "lon": 88.417388643621521, "lat": 22.58578947830096, "crown_area_raw_m2": 23.488316, "crown_area_calibrated_m2": 28.18598, "agb_tree_kg": 42.797392301097155 }, "geometry": { "type": "Polygon", "coordinates": [ [ [ 645708.84375, 2498360.25 ], [ 645708.830658475635573, 2498359.980452863965183 ], [ 645708.791509981150739, 2498359.713501614518464 ], [ 645708.726681537809782, 2498359.451717137359083 ], [ 645708.636797479004599, 2498359.19762056088075 ], [ 645708.522723437403329, 2498358.953658973798156 ], [ 645708.385558008449152, 2498358.7221818594262 ], [ 645708.226622170070186, 2498358.505418468732387 ], [ 645708.047446561395191, 2498358.30545635195449 ], [ 645707.849756741314195, 2498358.124221253208816 ], [ 645707.635456571006216, 2498357.963458565995097 ], [ 645707.406609878293239, 2498357.824716522824019 ], [ 645707.165420581703074, 2498357.709331285674125 ], [ 645706.914211466326378, 2498357.618414076510817 ], [ 645706.655401812982745, 2498357.552840478718281 ], [ 645706.391484100255184, 2498357.513242001645267 ], [ 645706.125, 2498357.5 ], [ 645705.858515899744816, 2498357.513242001645267 ], [ 645705.594598187017255, 2498357.552840478718281 ], [ 645705.335788533673622, 2498357.618414076510817 ], [ 645705.084579418296926, 2498357.709331285674125 ], [ 645704.843390121706761, 2498357.824716522824019 ], [ 645704.614543428993784, 2498357.963458565995097 ], [ 645704.400243258685805, 2498358.124221253208816 ], [ 645704.202553438604809, 2498358.30545635195449 ], [ 645704.023377829929814, 2498358.505418468732387 ], [ 645703.864441991550848, 2498358.7221818594262 ], [ 645703.727276562596671, 2498358.953658973798156 ], [ 645703.613202520995401, 2498359.19762056088075 ], [ 645703.523318462190218, 2498359.451717137359083 ], [ 645703.458490018849261, 2498359.713501614518464 ], [ 645703.419341524364427, 2498359.980452863965183 ], [ 645703.40625, 2498360.25 ], [ 645703.419341524364427, 2498360.519547136034817 ], [ 645703.458490018849261, 2498360.786498385481536 ], [ 645703.523318462190218, 2498361.048282862640917 ], [ 645703.613202520995401, 2498361.30237943911925 ], [ 645703.727276562596671, 2498361.546341026201844 ], [ 645703.864441991550848, 2498361.7778181405738 ], [ 645704.023377829929814, 2498361.994581531267613 ], [ 645704.202553438604809, 2498362.19454364804551 ], [ 645704.400243258685805, 2498362.375778746791184 ], [ 645704.614543428993784, 2498362.536541434004903 ], [ 645704.843390121706761, 2498362.675283477175981 ], [ 645705.084579418296926, 2498362.790668714325875 ], [ 645705.335788533673622, 2498362.881585923489183 ], [ 645705.594598187017255, 2498362.947159521281719 ], [ 645705.858515899744816, 2498362.986757998354733 ], [ 645706.125, 2498363.0 ], [ 645706.391484100255184, 2498362.986757998354733 ], [ 645706.655401812982745, 2498362.947159521281719 ], [ 645706.914211466326378, 2498362.881585923489183 ], [ 645707.165420581703074, 2498362.790668714325875 ], [ 645707.406609878293239, 2498362.675283477175981 ], [ 645707.635456571006216, 2498362.536541434004903 ], [ 645707.849756741314195, 2498362.375778746791184 ], [ 645708.047446561395191, 2498362.19454364804551 ], [ 645708.226622170070186, 2498361.994581531267613 ], [ 645708.385558008449152, 2498361.7778181405738 ], [ 645708.522723437403329, 2498361.546341026201844 ], [ 645708.636797479004599, 2498361.30237943911925 ], [ 645708.726681537809782, 2498361.048282862640917 ], [ 645708.791509981150739, 2498360.786498385481536 ], [ 645708.830658475635573, 2498360.519547136034817 ], [ 645708.84375, 2498360.25 ] ] ] } },
{ "type": "Feature", "properties": { "xmin": 661.12054, "ymin": 312.92346, "xmax": 687.33691, "ymax": 329.78845, "score": 0.36692816, "label": "Tree", "tile_idx": 3, "geo_xmin": 645801.38, "geo_ymin": 2498450.0, "geo_xmax": 645808.44, "geo_ymax": 2498454.5, "center_x": 645804.88, "center_y": 2498452.2, "width_m": 7.0625, "height_m": 4.5, "crown_diameter_m": 5.637486, "lon": 88.418357538797324, "lat": 22.586611864733396, "crown_area_raw_m2": 24.960936, "crown_area_calibrated_m2": 29.953123, "agb_tree_kg": 46.042711486751173 }, "geometry": { "type": "Polygon", "coordinates": [ [ [ 645808.40625, 2498452.25 ], [ 645808.389246066100895, 2498452.029461434110999 ], [ 645808.338398021413013, 2498451.811046775430441 ], [ 645808.254195560584776, 2498451.596859476063401 ], [ 645808.137449599220417, 2498451.388962277211249 ], [ 645807.989284464740194, 2498451.189357342198491 ], [ 645807.811127068474889, 2498450.999966975767165 ], [ 645807.604693163419142, 2498450.822615110781044 ], [ 645807.371970821055584, 2498450.659009742550552 ], [ 645807.115201284759678, 2498450.510726479813457 ], [ 645806.836857385351323, 2498450.379193372093141 ], [ 645806.539619726943783, 2498450.265677154995501 ], [ 645806.226350870565511, 2498450.171271051745862 ], [ 645805.900067766546272, 2498450.096884244587272 ], [ 645805.563912699581124, 2498450.043233118951321 ], [ 645805.221123026800342, 2498450.010834365151823 ], [ 645804.875, 2498450.0 ], [ 645804.528876973199658, 2498450.010834365151823 ], [ 645804.186087300418876, 2498450.043233118951321 ], [ 645803.849932233453728, 2498450.096884244587272 ], [ 645803.523649129434489, 2498450.171271051745862 ], [ 645803.210380273056217, 2498450.265677154995501 ], [ 645802.913142614648677, 2498450.379193372093141 ], [ 645802.634798715240322, 2498450.510726479813457 ], [ 645802.378029178944416, 2498450.659009742550552 ], [ 645802.145306836580858, 2498450.822615110781044 ], [ 645801.938872931525111, 2498450.999966975767165 ], [ 645801.760715535259806, 2498451.189357342198491 ], [ 645801.612550400779583, 2498451.388962277211249 ], [ 645801.495804439415224, 2498451.596859476063401 ], [ 645801.411601978586987, 2498451.811046775430441 ], [ 645801.360753933899105, 2498452.029461434110999 ], [ 645801.34375, 2498452.25 ], [ 645801.360753933899105, 2498452.470538565889001 ], [ 645801.411601978586987, 2498452.688953224569559 ], [ 645801.495804439415224, 2498452.903140523936599 ], [ 645801.612550400779583, 2498453.111037722788751 ], [ 645801.760715535259806, 2498453.310642657801509 ], [ 645801.938872931525111, 2498453.500033024232835 ], [ 645802.145306836580858, 2498453.677384889218956 ], [ 645802.378029178944416, 2498453.840990257449448 ], [ 645802.634798715240322, 2498453.989273520186543 ], [ 645802.913142614648677, 2498454.120806627906859 ], [ 645803.210380273056217, 2498454.234322845004499 ], [ 645803.523649129434489, 2498454.328728948254138 ], [ 645803.849932233453728, 2498454.403115755412728 ], [ 645804.186087300418876, 2498454.456766881048679 ], [ 645804.528876973199658, 2498454.489165634848177 ], [ 645804.875, 2498454.5 ], [ 645805.221123026800342, 2498454.489165634848177 ], [ 645805.563912699581124, 2498454.456766881048679 ], [ 645805.900067766546272, 2498454.403115755412728 ], [ 645806.226350870565511, 2498454.328728948254138 ], [ 645806.539619726943783, 2498454.234322845004499 ], [ 645806.836857385351323, 2498454.120806627906859 ], [ 645807.115201284759678, 2498453.989273520186543 ], [ 645807.371970821055584, 2498453.840990257449448 ], [ 645807.604693163419142, 2498453.677384889218956 ], [ 645807.811127068474889, 2498453.500033024232835 ], [ 645807.989284464740194, 2498453.310642657801509 ], [ 645808.137449599220417, 2498453.111037722788751 ], [ 645808.254195560584776, 2498452.903140523936599 ], [ 645808.338398021413013, 2498452.688953224569559 ], [ 645808.389246066100895, 2498452.470538565889001 ], [ 645808.40625, 2498452.25 ] ] ] } },
{ "type": "Feature", "properties": { "xmin": 856.35608, "ymin": 45.110939, "xmax": 878.47223, "ymax": 73.332123, "score": 0.36378694, "label": "Tree", "tile_idx": 2, "geo_xmin": 645854.06, "geo_ymin": 2498519.2, "geo_xmax": 645860.06, "geo_ymax": 2498526.8, "center_x": 645857.06, "center_y": 2498523.0, "width_m": 6.0, "height_m": 7.5, "crown_diameter_m": 6.7082038, "lon": 88.418871633658568, "lat": 22.587246334360515, "crown_area_raw_m2": 35.342918, "crown_area_calibrated_m2": 42.411503, "agb_tree_kg": 69.937938963146067 }, "geometry": { "type": "Polygon", "coordinates": [ [ [ 645860.0625, 2498523.0 ], [ 645860.048054179991595, 2498522.632435723673552 ], [ 645860.004855841165408, 2498522.268411292228848 ], [ 645859.933321007178165, 2498521.911432460416108 ], [ 645859.834138597478159, 2498521.564937128685415 ], [ 645859.708263793028891, 2498521.232262236997485 ], [ 645859.556908836937509, 2498520.916611626278609 ], [ 645859.381531360093504, 2498520.621025184169412 ], [ 645859.183820343576372, 2498520.348349570762366 ], [ 645858.965679852524772, 2498520.101210799999535 ], [ 645858.729210699093528, 2498519.881988953799009 ], [ 645858.476690210518427, 2498519.692795258481055 ], [ 645858.210550297051668, 2498519.53545175306499 ], [ 645857.933354031760246, 2498519.411473740823567 ], [ 645857.64777096605394, 2498519.322055198717862 ], [ 645857.356551420991309, 2498519.268057275097817 ], [ 645857.0625, 2498519.25 ], [ 645856.768448579008691, 2498519.268057275097817 ], [ 645856.47722903394606, 2498519.322055198717862 ], [ 645856.191645968239754, 2498519.411473740823567 ], [ 645855.914449702948332, 2498519.53545175306499 ], [ 645855.648309789481573, 2498519.692795258481055 ], [ 645855.395789300906472, 2498519.881988953799009 ], [ 645855.159320147475228, 2498520.101210799999535 ], [ 645854.941179656423628, 2498520.348349570762366 ], [ 645854.743468639906496, 2498520.621025184169412 ], [ 645854.568091163062491, 2498520.916611626278609 ], [ 645854.416736206971109, 2498521.232262236997485 ], [ 645854.290861402521841, 2498521.564937128685415 ], [ 645854.191678992821835, 2498521.911432460416108 ], [ 645854.120144158834592, 2498522.268411292228848 ], [ 645854.076945820008405, 2498522.632435723673552 ], [ 645854.0625, 2498523.0 ], [ 645854.076945820008405, 2498523.367564276326448 ], [ 645854.120144158834592, 2498523.731588707771152 ], [ 645854.191678992821835, 2498524.088567539583892 ], [ 645854.290861402521841, 2498524.435062871314585 ], [ 645854.416736206971109, 2498524.767737763002515 ], [ 645854.568091163062491, 2498525.083388373721391 ], [ 645854.743468639906496, 2498525.378974815830588 ], [ 645854.941179656423628, 2498525.651650429237634 ], [ 645855.159320147475228, 2498525.898789200000465 ], [ 645855.395789300906472, 2498526.118011046200991 ], [ 645855.648309789481573, 2498526.307204741518945 ], [ 645855.914449702948332, 2498526.46454824693501 ], [ 645856.191645968239754, 2498526.588526259176433 ], [ 645856.47722903394606, 2498526.677944801282138 ], [ 645856.768448579008691, 2498526.731942724902183 ], [ 645857.0625, 2498526.75 ], [ 645857.356551420991309, 2498526.731942724902183 ], [ 645857.64777096605394, 2498526.677944801282138 ], [ 645857.933354031760246, 2498526.588526259176433 ], [ 645858.210550297051668, 2498526.46454824693501 ], [ 645858.476690210518427, 2498526.307204741518945 ], [ 645858.729210699093528, 2498526.118011046200991 ], [ 645858.965679852524772, 2498525.898789200000465 ], [ 645859.183820343576372, 2498525.651650429237634 ], [ 645859.381531360093504, 2498525.378974815830588 ], [ 645859.556908836937509, 2498525.083388373721391 ], [ 645859.708263793028891, 2498524.767737763002515 ], [ 645859.834138597478159, 2498524.435062871314585 ], [ 645859.933321007178165, 2498524.088567539583892 ], [ 645860.004855841165408, 2498523.731588707771152 ], [ 645860.048054179991595, 2498523.367564276326448 ], [ 645860.0625, 2498523.0 ] ] ] } },
{ "type": "Feature", "properties": { "xmin": 115.91525, "ymin": 428.26001, "xmax": 132.7863, "ymax": 445.79779, "score": 0.3636291, "label": "Tree", "tile_idx": 4, "geo_xmin": 645654.19, "geo_ymin": 2498418.8, "geo_xmax": 645658.75, "geo_ymax": 2498423.2, "center_x": 645656.5, "center_y": 2498421.0, "width_m": 4.5625, "height_m": 4.5, "crown_diameter_m": 4.5311422, "lon": 88.416911631617552, "lat": 22.586342378311631, "crown_area_raw_m2": 16.125206, "crown_area_calibrated_m2": 19.350248, "agb_tree_kg": 27.231697177830284 }, "geometry": { "type": "Polygon", "coordinates": [ [ [ 645658.78125, 2498421.0 ], [ 645658.770265157683752, 2498420.779461434110999 ], [ 645658.737416420946829, 2498420.561046775430441 ], [ 645658.683020140859298, 2498420.346859476063401 ], [ 645658.607600183575414, 2498420.138962277211249 ], [ 645658.51188288431149, 2498419.939357342198491 ], [ 645658.396790053113364, 2498419.749966975767165 ], [ 645658.263430096791126, 2498419.572615110781044 ], [ 645658.113087344565429, 2498419.409009742550552 ], [ 645657.94720967952162, 2498419.260726479813457 ], [ 645657.767394594033249, 2498419.129193372093141 ], [ 645657.57537380582653, 2498419.015677154995501 ], [ 645657.372996580088511, 2498418.921271051745862 ], [ 645657.162211920018308, 2498418.846884244587272 ], [ 645656.94504979706835, 2498418.793233118951321 ], [ 645656.723601601319388, 2498418.760834365151823 ], [ 645656.5, 2498418.75 ], [ 645656.276398398680612, 2498418.760834365151823 ], [ 645656.05495020293165, 2498418.793233118951321 ], [ 645655.837788079981692, 2498418.846884244587272 ], [ 645655.627003419911489, 2498418.921271051745862 ], [ 645655.42462619417347, 2498419.015677154995501 ], [ 645655.232605405966751, 2498419.129193372093141 ], [ 645655.05279032047838, 2498419.260726479813457 ], [ 645654.886912655434571, 2498419.409009742550552 ], [ 645654.736569903208874, 2498419.572615110781044 ], [ 645654.603209946886636, 2498419.749966975767165 ], [ 645654.48811711568851, 2498419.939357342198491 ], [ 645654.392399816424586, 2498420.138962277211249 ], [ 645654.316979859140702, 2498420.346859476063401 ], [ 645654.262583579053171, 2498420.561046775430441 ], [ 645654.229734842316248, 2498420.779461434110999 ], [ 645654.21875, 2498421.0 ], [ 645654.229734842316248, 2498421.220538565889001 ], [ 645654.262583579053171, 2498421.438953224569559 ], [ 645654.316979859140702, 2498421.653140523936599 ], [ 645654.392399816424586, 2498421.861037722788751 ], [ 645654.48811711568851, 2498422.060642657801509 ], [ 645654.603209946886636, 2498422.250033024232835 ], [ 645654.736569903208874, 2498422.427384889218956 ], [ 645654.886912655434571, 2498422.590990257449448 ], [ 645655.05279032047838, 2498422.739273520186543 ], [ 645655.232605405966751, 2498422.870806627906859 ], [ 645655.42462619417347, 2498422.984322845004499 ], [ 645655.627003419911489, 2498423.078728948254138 ], [ 645655.837788079981692, 2498423.153115755412728 ], [ 645656.05495020293165, 2498423.206766881048679 ], [ 645656.276398398680612, 2498423.239165634848177 ], [ 645656.5, 2498423.25 ], [ 645656.723601601319388, 2498423.239165634848177 ], [ 645656.94504979706835, 2498423.206766881048679 ], [ 645657.162211920018308, 2498423.153115755412728 ], [ 645657.372996580088511, 2498423.078728948254138 ], [ 645657.57537380582653, 2498422.984322845004499 ], [ 645657.767394594033249, 2498422.870806627906859 ], [ 645657.94720967952162, 2498422.739273520186543 ], [ 645658.113087344565429, 2498422.590990257449448 ], [ 645658.263430096791126, 2498422.427384889218956 ], [ 645658.396790053113364, 2498422.250033024232835 ], [ 645658.51188288431149, 2498422.060642657801509 ], [ 645658.607600183575414, 2498421.861037722788751 ], [ 645658.683020140859298, 2498421.653140523936599 ], [ 645658.737416420946829, 2498421.438953224569559 ], [ 645658.770265157683752, 2498421.220538565889001 ], [ 645658.78125, 2498421.0 ] ] ] } },
{ "type": "Feature", "properties": { "xmin": 92.614372, "ymin": 210.08539, "xmax": 114.3327, "ymax": 232.29974, "score": 0.35239491, "label": "Tree", "tile_idx": 0, "geo_xmin": 645647.88, "geo_ymin": 2498476.2, "geo_xmax": 645653.75, "geo_ymax": 2498482.2, "center_x": 645650.81, "center_y": 2498479.2, "width_m": 5.875, "height_m": 6.0, "crown_diameter_m": 5.937171, "lon": 88.416861699711788, "lat": 22.586868930151343, "crown_area_raw_m2": 27.685287, "crown_area_calibrated_m2": 33.222347, "agb_tree_kg": 52.147880664892632 }, "geometry": { "type": "Polygon", "coordinates": [ [ [ 645653.75, 2498479.25 ], [ 645653.735855134553276, 2498478.955948579125106 ], [ 645653.693556761136279, 2498478.664729034062475 ], [ 645653.623512236168608, 2498478.379145968239754 ], [ 645653.526396126719192, 2498478.101949702948332 ], [ 645653.403143714065664, 2498477.835809789597988 ], [ 645653.254941986175254, 2498477.583289301022887 ], [ 645653.083218206767924, 2498477.346820147708058 ], [ 645652.889626169693656, 2498477.128679656423628 ], [ 645652.67603027226869, 2498476.930968639906496 ], [ 645652.4444875594927, 2498476.755591162946075 ], [ 645652.197227914468385, 2498476.604236206971109 ], [ 645651.936632582568564, 2498476.478361402638257 ], [ 645651.665211239480413, 2498476.37917899293825 ], [ 645651.385577820939943, 2498476.307644158601761 ], [ 645651.100425349664874, 2498476.264445819891989 ], [ 645650.8125, 2498476.25 ], [ 645650.524574650335126, 2498476.264445819891989 ], [ 645650.239422179060057, 2498476.307644158601761 ], [ 645649.959788760519587, 2498476.37917899293825 ], [ 645649.688367417431436, 2498476.478361402638257 ], [ 645649.427772085531615, 2498476.604236206971109 ], [ 645649.1805124405073, 2498476.755591162946075 ], [ 645648.94896972773131, 2498476.930968639906496 ], [ 645648.735373830306344, 2498477.128679656423628 ], [ 645648.541781793232076, 2498477.346820147708058 ], [ 645648.370058013824746, 2498477.583289301022887 ], [ 645648.221856285934336, 2498477.835809789597988 ], [ 645648.098603873280808, 2498478.101949702948332 ], [ 645648.001487763831392, 2498478.379145968239754 ], [ 645647.931443238863721, 2498478.664729034062475 ], [ 645647.889144865446724, 2498478.955948579125106 ], [ 645647.875, 2498479.25 ], [ 645647.889144865446724, 2498479.544051420874894 ], [ 645647.931443238863721, 2498479.835270965937525 ], [ 645648.001487763831392, 2498480.120854031760246 ], [ 645648.098603873280808, 2498480.398050297051668 ], [ 645648.221856285934336, 2498480.664190210402012 ], [ 645648.370058013824746, 2498480.916710698977113 ], [ 645648.541781793232076, 2498481.153179852291942 ], [ 645648.735373830306344, 2498481.371320343576372 ], [ 645648.94896972773131, 2498481.569031360093504 ], [ 645649.1805124405073, 2498481.744408837053925 ], [ 645649.427772085531615, 2498481.895763793028891 ], [ 645649.688367417431436, 2498482.021638597361743 ], [ 645649.959788760519587, 2498482.12082100706175 ], [ 645650.239422179060057, 2498482.192355841398239 ], [ 645650.524574650335126, 2498482.235554180108011 ], [ 645650.8125, 2498482.25 ], [ 645651.100425349664874, 2498482.235554180108011 ], [ 645651.385577820939943, 2498482.192355841398239 ], [ 645651.665211239480413, 2498482.12082100706175 ], [ 645651.936632582568564, 2498482.021638597361743 ], [ 645652.197227914468385, 2498481.895763793028891 ], [ 645652.4444875594927, 2498481.744408837053925 ], [ 645652.67603027226869, 2498481.569031360093504 ], [ 645652.889626169693656, 2498481.371320343576372 ], [ 645653.083218206767924, 2498481.153179852291942 ], [ 645653.254941986175254, 2498480.916710698977113 ], [ 645653.403143714065664, 2498480.664190210402012 ], [ 645653.526396126719192, 2498480.398050297051668 ], [ 645653.623512236168608, 2498480.120854031760246 ], [ 645653.693556761136279, 2498479.835270965937525 ], [ 645653.735855134553276, 2498479.544051420874894 ], [ 645653.75, 2498479.25 ] ] ] } },
{ "type": "Feature", "properties": { "xmin": 826.48584, "ymin": 768.8103, "xmax": 874.42493, "ymax": 816.64978, "score": 0.35203806, "label": "Tree", "tile_idx": 14, "geo_xmin": 645846.0, "geo_ymin": 2498318.5, "geo_xmax": 645859.0, "geo_ymax": 2498331.5, "center_x": 645852.5, "center_y": 2498325.0, "width_m": 13.0, "height_m": 13.0, "crown_diameter_m": 13.0, "lon": 88.418808942570834, "lat": 22.585458562177585, "crown_area_raw_m2": 132.7323, "crown_area_calibrated_m2": 159.27876, "agb_tree_kg": 343.13990672847137 }, "geometry": { "type": "Polygon", "coordinates": [ [ [ 645859.0, 2498325.0 ], [ 645858.968700723373331, 2498324.362888587638736 ], [ 645858.875104322563857, 2498323.731912906747311 ], [ 645858.72011218231637, 2498323.113149597775191 ], [ 645858.5052169613773, 2498322.512557689566165 ], [ 645858.232488218229264, 2498321.935921210795641 ], [ 645857.904552479973063, 2498321.388793485239148 ], [ 645857.524567946908064, 2498320.876443652901798 ], [ 645857.096194077748805, 2498320.403805922251195 ], [ 645856.623556347098202, 2498319.975432053208351 ], [ 645856.111206514644437, 2498319.595447520259768 ], [ 645855.564078789320774, 2498319.267511781770736 ], [ 645854.987442310317419, 2498318.994783038739115 ], [ 645854.386850402108394, 2498318.779887817800045 ], [ 645853.768087093136273, 2498318.624895677436143 ], [ 645853.137111412128434, 2498318.531299276743084 ], [ 645852.5, 2498318.5 ], [ 645851.862888587871566, 2498318.531299276743084 ], [ 645851.231912906863727, 2498318.624895677436143 ], [ 645850.613149597891606, 2498318.779887817800045 ], [ 645850.012557689682581, 2498318.994783038739115 ], [ 645849.435921210679226, 2498319.267511781770736 ], [ 645848.888793485355563, 2498319.595447520259768 ], [ 645848.376443652901798, 2498319.975432053208351 ], [ 645847.903805922251195, 2498320.403805922251195 ], [ 645847.475432053091936, 2498320.876443652901798 ], [ 645847.095447520026937, 2498321.388793485239148 ], [ 645846.767511781770736, 2498321.935921210795641 ], [ 645846.4947830386227, 2498322.512557689566165 ], [ 645846.27988781768363, 2498323.113149597775191 ], [ 645846.124895677436143, 2498323.731912906747311 ], [ 645846.031299276626669, 2498324.362888587638736 ], [ 645846.0, 2498325.0 ], [ 645846.031299276626669, 2498325.637111412361264 ], [ 645846.124895677436143, 2498326.268087093252689 ], [ 645846.27988781768363, 2498326.886850402224809 ], [ 645846.4947830386227, 2498327.487442310433835 ], [ 645846.767511781770736, 2498328.064078789204359 ], [ 645847.095447520026937, 2498328.611206514760852 ], [ 645847.475432053091936, 2498329.123556347098202 ], [ 645847.903805922251195, 2498329.596194077748805 ], [ 645848.376443652901798, 2498330.024567946791649 ], [ 645848.888793485355563, 2498330.404552479740232 ], [ 645849.435921210679226, 2498330.732488218229264 ], [ 645850.012557689682581, 2498331.005216961260885 ], [ 645850.613149597891606, 2498331.220112182199955 ], [ 645851.231912906863727, 2498331.375104322563857 ], [ 645851.862888587871566, 2498331.468700723256916 ], [ 645852.5, 2498331.5 ], [ 645853.137111412128434, 2498331.468700723256916 ], [ 645853.768087093136273, 2498331.375104322563857 ], [ 645854.386850402108394, 2498331.220112182199955 ], [ 645854.987442310317419, 2498331.005216961260885 ], [ 645855.564078789320774, 2498330.732488218229264 ], [ 645856.111206514644437, 2498330.404552479740232 ], [ 645856.623556347098202, 2498330.024567946791649 ], [ 645857.096194077748805, 2498329.596194077748805 ], [ 645857.524567946908064, 2498329.123556347098202 ], [ 645857.904552479973063, 2498328.611206514760852 ], [ 645858.232488218229264, 2498328.064078789204359 ], [ 645858.5052169613773, 2498327.487442310433835 ], [ 645858.72011218231637, 2498326.886850402224809 ], [ 645858.875104322563857, 2498326.268087093252689 ], [ 645858.968700723373331, 2498325.637111412361264 ], [ 645859.0, 2498325.0 ] ] ] } },
{ "type": "Feature", "properties": { "xmin": 793.19012, "ymin": 701.18646, "xmax": 813.15479, "ymax": 718.76929, "score": 0.35200369, "label": "Tree", "tile_idx": 15, "geo_xmin": 645837.06, "geo_ymin": 2498345.0, "geo_xmax": 645842.44, "geo_ymax": 2498349.8, "center_x": 645839.75, "center_y": 2498347.5, "width_m": 5.375, "height_m": 4.75, "crown_diameter_m": 5.052846, "lon": 88.418687025000224, "lat": 22.585662857963875, "crown_area_raw_m2": 20.052197, "crown_area_calibrated_m2": 24.062637, "agb_tree_kg": 35.38768019573925 }, "geometry": { "type": "Polygon", "coordinates": [ [ [ 645842.4375, 2498347.5 ], [ 645842.424558952916414, 2498347.267209291923791 ], [ 645842.385860441136174, 2498347.036660485435277 ], [ 645842.321777152246796, 2498346.810573891736567 ], [ 645842.232926243566908, 2498346.591126848012209 ], [ 645842.120163397979923, 2498346.380432750098407 ], [ 645841.984574583009817, 2498346.180520696565509 ], [ 645841.827465593465604, 2498345.993315950036049 ], [ 645841.650349474395625, 2498345.82062139455229 ], [ 645841.454931951244362, 2498345.664100173395127 ], [ 645841.243095001205802, 2498345.525259670801461 ], [ 645841.016878730268218, 2498345.405436997301877 ], [ 645840.77846172451973, 2498345.305786110460758 ], [ 645840.530140070128255, 2498345.227266702800989 ], [ 645840.274305240367539, 2498345.170634958893061 ], [ 645840.013421064591967, 2498345.136436274275184 ], [ 645839.75, 2498345.125 ], [ 645839.486578935408033, 2498345.136436274275184 ], [ 645839.225694759632461, 2498345.170634958893061 ], [ 645838.969859929871745, 2498345.227266702800989 ], [ 645838.72153827548027, 2498345.305786110460758 ], [ 645838.483121269731782, 2498345.405436997301877 ], [ 645838.256904998794198, 2498345.525259670801461 ], [ 645838.045068048755638, 2498345.664100173395127 ], [ 645837.849650525604375, 2498345.82062139455229 ], [ 645837.672534406534396, 2498345.993315950036049 ], [ 645837.515425416990183, 2498346.180520696565509 ], [ 645837.379836602020077, 2498346.380432750098407 ], [ 645837.267073756433092, 2498346.591126848012209 ], [ 645837.178222847753204, 2498346.810573891736567 ], [ 645837.114139558863826, 2498347.036660485435277 ], [ 645837.075441047083586, 2498347.267209291923791 ], [ 645837.0625, 2498347.5 ], [ 645837.075441047083586, 2498347.732790708076209 ], [ 645837.114139558863826, 2498347.963339514564723 ], [ 645837.178222847753204, 2498348.189426108263433 ], [ 645837.267073756433092, 2498348.408873151987791 ], [ 645837.379836602020077, 2498348.619567249901593 ], [ 645837.515425416990183, 2498348.819479303434491 ], [ 645837.672534406534396, 2498349.006684049963951 ], [ 645837.849650525604375, 2498349.17937860544771 ], [ 645838.045068048755638, 2498349.335899826604873 ], [ 645838.256904998794198, 2498349.474740329198539 ], [ 645838.483121269731782, 2498349.594563002698123 ], [ 645838.72153827548027, 2498349.694213889539242 ], [ 645838.969859929871745, 2498349.772733297199011 ], [ 645839.225694759632461, 2498349.829365041106939 ], [ 645839.486578935408033, 2498349.863563725724816 ], [ 645839.75, 2498349.875 ], [ 645840.013421064591967, 2498349.863563725724816 ], [ 645840.274305240367539, 2498349.829365041106939 ], [ 645840.530140070128255, 2498349.772733297199011 ], [ 645840.77846172451973, 2498349.694213889539242 ], [ 645841.016878730268218, 2498349.594563002698123 ], [ 645841.243095001205802, 2498349.474740329198539 ], [ 645841.454931951244362, 2498349.335899826604873 ], [ 645841.650349474395625, 2498349.17937860544771 ], [ 645841.827465593465604, 2498349.006684049963951 ], [ 645841.984574583009817, 2498348.819479303434491 ], [ 645842.120163397979923, 2498348.619567249901593 ], [ 645842.232926243566908, 2498348.408873151987791 ], [ 645842.321777152246796, 2498348.189426108263433 ], [ 645842.385860441136174, 2498347.963339514564723 ], [ 645842.424558952916414, 2498347.732790708076209 ], [ 645842.4375, 2498347.5 ] ] ] } },
{ "type": "Feature", "properties": { "xmin": 833.34265, "ymin": 284.74457, "xmax": 865.43866, "ymax": 316.72223, "score": 0.34885228, "label": "Tree", "tile_idx": 3, "geo_xmin": 645847.88, "geo_ymin": 2498453.5, "geo_xmax": 645856.56, "geo_ymax": 2498462.0, "center_x": 645852.25, "center_y": 2498457.8, "width_m": 8.6875, "height_m": 8.5, "crown_diameter_m": 8.5932388, "lon": 88.418818792616818, "lat": 22.586657466503109, "crown_area_raw_m2": 57.99675, "crown_area_calibrated_m2": 69.5961, "agb_tree_kg": 126.84243039550397 }, "geometry": { "type": "Polygon", "coordinates": [ [ [ 645856.59375, 2498457.75 ], [ 645856.572833656449802, 2498457.333427153527737 ], [ 645856.510286061791703, 2498456.92086613131687 ], [ 645856.40670958335977, 2498456.516290121711791 ], [ 645856.26310171931982, 2498456.123595412354916 ], [ 645856.080845491960645, 2498455.74656386859715 ], [ 645855.86169612838421, 2498455.388826509471983 ], [ 645855.607764156768098, 2498455.053828542120755 ], [ 645855.321495080832392, 2498454.744796180166304 ], [ 645855.005645828088745, 2498454.464705573394895 ], [ 645854.663258199696429, 2498454.216254147700965 ], [ 645854.297629575594328, 2498454.001834626309574 ], [ 645853.912281159311533, 2498453.823511986993253 ], [ 645853.510924066766165, 2498453.683003573212773 ], [ 645853.097423586295918, 2498453.581662558484823 ], [ 645852.6757619533455, 2498453.520464911591262 ], [ 645852.25, 2498453.5 ], [ 645851.8242380466545, 2498453.520464911591262 ], [ 645851.402576413704082, 2498453.581662558484823 ], [ 645850.989075933233835, 2498453.683003573212773 ], [ 645850.587718840688467, 2498453.823511986993253 ], [ 645850.202370424405672, 2498454.001834626309574 ], [ 645849.836741800303571, 2498454.216254147700965 ], [ 645849.494354171911255, 2498454.464705573394895 ], [ 645849.178504919167608, 2498454.744796180166304 ], [ 645848.892235843231902, 2498455.053828542120755 ], [ 645848.63830387161579, 2498455.388826509471983 ], [ 645848.419154508039355, 2498455.74656386859715 ], [ 645848.23689828068018, 2498456.123595412354916 ], [ 645848.09329041664023, 2498456.516290121711791 ], [ 645847.989713938208297, 2498456.92086613131687 ], [ 645847.927166343550198, 2498457.333427153527737 ], [ 645847.90625, 2498457.75 ], [ 645847.927166343550198, 2498458.166572846472263 ], [ 645847.989713938208297, 2498458.57913386868313 ], [ 645848.09329041664023, 2498458.983709878288209 ], [ 645848.23689828068018, 2498459.376404587645084 ], [ 645848.419154508039355, 2498459.75343613140285 ], [ 645848.63830387161579, 2498460.111173490528017 ], [ 645848.892235843231902, 2498460.446171457879245 ], [ 645849.178504919167608, 2498460.755203819833696 ], [ 645849.494354171911255, 2498461.035294426605105 ], [ 645849.836741800303571, 2498461.283745852299035 ], [ 645850.202370424405672, 2498461.498165373690426 ], [ 645850.587718840688467, 2498461.676488013006747 ], [ 645850.989075933233835, 2498461.816996426787227 ], [ 645851.402576413704082, 2498461.918337441515177 ], [ 645851.8242380466545, 2498461.979535088408738 ], [ 645852.25, 2498462.0 ], [ 645852.6757619533455, 2498461.979535088408738 ], [ 645853.097423586295918, 2498461.918337441515177 ], [ 645853.510924066766165, 2498461.816996426787227 ], [ 645853.912281159311533, 2498461.676488013006747 ], [ 645854.297629575594328, 2498461.498165373690426 ], [ 645854.663258199696429, 2498461.283745852299035 ], [ 645855.005645828088745, 2498461.035294426605105 ], [ 645855.321495080832392, 2498460.755203819833696 ], [ 645855.607764156768098, 2498460.446171457879245 ], [ 645855.86169612838421, 2498460.111173490528017 ], [ 645856.080845491960645, 2498459.75343613140285 ], [ 645856.26310171931982, 2498459.376404587645084 ], [ 645856.40670958335977, 2498458.983709878288209 ], [ 645856.510286061791703, 2498458.57913386868313 ], [ 645856.572833656449802, 2498458.166572846472263 ], [ 645856.59375, 2498457.75 ] ] ] } },
{ "type": "Feature", "properties": { "xmin": 491.50586, "ymin": 320.0, "xmax": 524.87439, "ymax": 338.17035, "score": 0.34223443, "label": "Tree", "tile_idx": 5, "geo_xmin": 645755.56, "geo_ymin": 2498447.8, "geo_xmax": 645764.56, "geo_ymax": 2498452.5, "center_x": 645760.06, "center_y": 2498450.0, "width_m": 9.0, "height_m": 4.75, "crown_diameter_m": 6.5383482, "lon": 88.417921507258299, "lat": 22.586595392803169, "crown_area_raw_m2": 33.575771, "crown_area_calibrated_m2": 40.290928, "agb_tree_kg": 65.756182228501672 }, "geometry": { "type": "Polygon", "coordinates": [ [ [ 645764.5625, 2498450.0 ], [ 645764.540831270045601, 2498449.767209291923791 ], [ 645764.476033761864528, 2498449.536660485435277 ], [ 645764.368731510825455, 2498449.310573891736567 ], [ 645764.219957896275446, 2498449.091126848012209 ], [ 645764.031145689543337, 2498448.880432750098407 ], [ 645763.804113255348057, 2498448.680520696565509 ], [ 645763.541047040140256, 2498448.493315950036049 ], [ 645763.244480515364558, 2498448.32062139455229 ], [ 645762.917269778787158, 2498448.164100173395127 ], [ 645762.562566048582084, 2498448.025259670801461 ], [ 645762.183785315719433, 2498447.905436997301877 ], [ 645761.784575445693918, 2498447.805786110460758 ], [ 645761.368781047640368, 2498447.727266702800989 ], [ 645760.940406449022703, 2498447.670634958893061 ], [ 645760.503577131428756, 2498447.636436274275184 ], [ 645760.0625, 2498447.625 ], [ 645759.621422868571244, 2498447.636436274275184 ], [ 645759.184593550977297, 2498447.670634958893061 ], [ 645758.756218952359632, 2498447.727266702800989 ], [ 645758.340424554306082, 2498447.805786110460758 ], [ 645757.941214684280567, 2498447.905436997301877 ], [ 645757.562433951417916, 2498448.025259670801461 ], [ 645757.207730221212842, 2498448.164100173395127 ], [ 645756.880519484635442, 2498448.32062139455229 ], [ 645756.583952959859744, 2498448.493315950036049 ], [ 645756.320886744651943, 2498448.680520696565509 ], [ 645756.093854310456663, 2498448.880432750098407 ], [ 645755.905042103724554, 2498449.091126848012209 ], [ 645755.756268489174545, 2498449.310573891736567 ], [ 645755.648966238135472, 2498449.536660485435277 ], [ 645755.584168729954399, 2498449.767209291923791 ], [ 645755.5625, 2498450.0 ], [ 645755.584168729954399, 2498450.232790708076209 ], [ 645755.648966238135472, 2498450.463339514564723 ], [ 645755.756268489174545, 2498450.689426108263433 ], [ 645755.905042103724554, 2498450.908873151987791 ], [ 645756.093854310456663, 2498451.119567249901593 ], [ 645756.320886744651943, 2498451.319479303434491 ], [ 645756.583952959859744, 2498451.506684049963951 ], [ 645756.880519484635442, 2498451.67937860544771 ], [ 645757.207730221212842, 2498451.835899826604873 ], [ 645757.562433951417916, 2498451.974740329198539 ], [ 645757.941214684280567, 2498452.094563002698123 ], [ 645758.340424554306082, 2498452.194213889539242 ], [ 645758.756218952359632, 2498452.272733297199011 ], [ 645759.184593550977297, 2498452.329365041106939 ], [ 645759.621422868571244, 2498452.363563725724816 ], [ 645760.0625, 2498452.375 ], [ 645760.503577131428756, 2498452.363563725724816 ], [ 645760.940406449022703, 2498452.329365041106939 ], [ 645761.368781047640368, 2498452.272733297199011 ], [ 645761.784575445693918, 2498452.194213889539242 ], [ 645762.183785315719433, 2498452.094563002698123 ], [ 645762.562566048582084, 2498451.974740329198539 ], [ 645762.917269778787158, 2498451.835899826604873 ], [ 645763.244480515364558, 2498451.67937860544771 ], [ 645763.541047040140256, 2498451.506684049963951 ], [ 645763.804113255348057, 2498451.319479303434491 ], [ 645764.031145689543337, 2498451.119567249901593 ], [ 645764.219957896275446, 2498450.908873151987791 ], [ 645764.368731510825455, 2498450.689426108263433 ], [ 645764.476033761864528, 2498450.463339514564723 ], [ 645764.540831270045601, 2498450.232790708076209 ], [ 645764.5625, 2498450.0 ] ] ] } },
{ "type": "Feature", "properties": { "xmin": 44.481152, "ymin": 933.57855, "xmax": 70.027191, "ymax": 958.96948, "score": 0.34032619, "label": "Tree", "tile_idx": 8, "geo_xmin": 645634.88, "geo_ymin": 2498280.0, "geo_xmax": 645641.81, "geo_ymax": 2498287.0, "center_x": 645638.38, "center_y": 2498283.5, "width_m": 6.9375, "height_m": 7.0, "crown_diameter_m": 6.9686799, "lon": 88.416722655403717, "lat": 22.585102151370862, "crown_area_raw_m2": 38.1409, "crown_area_calibrated_m2": 45.769081, "agb_tree_kg": 76.645251083584512 }, "geometry": { "type": "Polygon", "coordinates": [ [ [ 645641.84375, 2498283.5 ], [ 645641.827047020662576, 2498283.156940008979291 ], [ 645641.777098941383883, 2498282.817183873150498 ], [ 645641.694386789575219, 2498282.484003629535437 ], [ 645641.579707128345035, 2498282.160607986617833 ], [ 645641.434164385660551, 2498281.850111421197653 ], [ 645641.259160217712633, 2498281.555504184216261 ], [ 645641.056380010093562, 2498281.279623505659401 ], [ 645640.827776647289284, 2498281.025126265827566 ], [ 645640.575551704387181, 2498280.794463413301855 ], [ 645640.302134245750494, 2498280.589856356848031 ], [ 645640.010157430893742, 2498280.413275574799627 ], [ 645639.702433155965991, 2498280.266421636100858 ], [ 645639.38192497426644, 2498280.150708824861795 ], [ 645639.051719554467127, 2498280.067251518368721 ], [ 645638.714996955473907, 2498280.016853456851095 ], [ 645638.375, 2498280.0 ], [ 645638.035003044526093, 2498280.016853456851095 ], [ 645637.698280445532873, 2498280.067251518368721 ], [ 645637.36807502573356, 2498280.150708824861795 ], [ 645637.047566844034009, 2498280.266421636100858 ], [ 645636.739842569106258, 2498280.413275574799627 ], [ 645636.447865754249506, 2498280.589856356848031 ], [ 645636.174448295612819, 2498280.794463413301855 ], [ 645635.922223352710716, 2498281.025126265827566 ], [ 645635.693619989906438, 2498281.279623505659401 ], [ 645635.490839782287367, 2498281.555504184216261 ], [ 645635.315835614339449, 2498281.850111421197653 ], [ 645635.170292871654965, 2498282.160607986617833 ], [ 645635.055613210424781, 2498282.484003629535437 ], [ 645634.972901058616117, 2498282.817183873150498 ], [ 645634.922952979337424, 2498283.156940008979291 ], [ 645634.90625, 2498283.5 ], [ 645634.922952979337424, 2498283.843059991020709 ], [ 645634.972901058616117, 2498284.182816126849502 ], [ 645635.055613210424781, 2498284.515996370464563 ], [ 645635.170292871654965, 2498284.839392013382167 ], [ 645635.315835614339449, 2498285.149888578802347 ], [ 645635.490839782287367, 2498285.444495815783739 ], [ 645635.693619989906438, 2498285.720376494340599 ], [ 645635.922223352710716, 2498285.974873734172434 ], [ 645636.174448295612819, 2498286.205536586698145 ], [ 645636.447865754249506, 2498286.410143643151969 ], [ 645636.739842569106258, 2498286.586724425200373 ], [ 645637.047566844034009, 2498286.733578363899142 ], [ 645637.36807502573356, 2498286.849291175138205 ], [ 645637.698280445532873, 2498286.932748481631279 ], [ 645638.035003044526093, 2498286.983146543148905 ], [ 645638.375, 2498287.0 ], [ 645638.714996955473907, 2498286.983146543148905 ], [ 645639.051719554467127, 2498286.932748481631279 ], [ 645639.38192497426644, 2498286.849291175138205 ], [ 645639.702433155965991, 2498286.733578363899142 ], [ 645640.010157430893742, 2498286.586724425200373 ], [ 645640.302134245750494, 2498286.410143643151969 ], [ 645640.575551704387181, 2498286.205536586698145 ], [ 645640.827776647289284, 2498285.974873734172434 ], [ 645641.056380010093562, 2498285.720376494340599 ], [ 645641.259160217712633, 2498285.444495815783739 ], [ 645641.434164385660551, 2498285.149888578802347 ], [ 645641.579707128345035, 2498284.839392013382167 ], [ 645641.694386789575219, 2498284.515996370464563 ], [ 645641.777098941383883, 2498284.182816126849502 ], [ 645641.827047020662576, 2498283.843059991020709 ], [ 645641.84375, 2498283.5 ] ] ] } },
{ "type": "Feature", "properties": { "xmin": 437.2193, "ymin": 383.79541, "xmax": 474.0658, "ymax": 399.67706, "score": 0.33928904, "label": "Tree", "tile_idx": 1, "geo_xmin": 645740.94, "geo_ymin": 2498431.0, "geo_xmax": 645750.88, "geo_ymax": 2498435.5, "center_x": 645745.88, "center_y": 2498433.2, "width_m": 9.9375, "height_m": 4.5, "crown_diameter_m": 6.6872082, "lon": 88.417781978333636, "lat": 22.586445339330602, "crown_area_raw_m2": 35.122025, "crown_area_calibrated_m2": 42.146431, "agb_tree_kg": 69.412871836340543 }, "geometry": { "type": "Polygon", "coordinates": [ [ [ 645750.84375, 2498433.25 ], [ 645750.819824110600166, 2498433.029461434110999 ], [ 645750.748276861966588, 2498432.811046775430441 ], [ 645750.629797293222509, 2498432.596859476063401 ], [ 645750.465526427142322, 2498432.388962277211249 ], [ 645750.257046282174997, 2498432.189357342198491 ], [ 645750.00636463612318, 2498431.999966975767165 ], [ 645749.715895690140314, 2498431.822615110781044 ], [ 645749.388436819077469, 2498431.659009742550552 ], [ 645749.027141630649567, 2498431.510726479813457 ], [ 645748.635489595355466, 2498431.379193372093141 ], [ 645748.217252536094747, 2498431.265677154995501 ], [ 645747.776458304608241, 2498431.171271051745862 ], [ 645747.317351990146562, 2498431.096884244587272 ], [ 645746.844355037552305, 2498431.043233118951321 ], [ 645746.362022666027769, 2498431.010834365151823 ], [ 645745.875, 2498431.0 ], [ 645745.387977333972231, 2498431.010834365151823 ], [ 645744.905644962447695, 2498431.043233118951321 ], [ 645744.432648009853438, 2498431.096884244587272 ], [ 645743.973541695391759, 2498431.171271051745862 ], [ 645743.532747463905253, 2498431.265677154995501 ], [ 645743.114510404644534, 2498431.379193372093141 ], [ 645742.722858369350433, 2498431.510726479813457 ], [ 645742.361563180922531, 2498431.659009742550552 ], [ 645742.034104309859686, 2498431.822615110781044 ], [ 645741.74363536387682, 2498431.999966975767165 ], [ 645741.492953717825003, 2498432.189357342198491 ], [ 645741.284473572857678, 2498432.388962277211249 ], [ 645741.120202706777491, 2498432.596859476063401 ], [ 645741.001723138033412, 2498432.811046775430441 ], [ 645740.930175889399834, 2498433.029461434110999 ], [ 645740.90625, 2498433.25 ], [ 645740.930175889399834, 2498433.470538565889001 ], [ 645741.001723138033412, 2498433.688953224569559 ], [ 645741.120202706777491, 2498433.903140523936599 ], [ 645741.284473572857678, 2498434.111037722788751 ], [ 645741.492953717825003, 2498434.310642657801509 ], [ 645741.74363536387682, 2498434.500033024232835 ], [ 645742.034104309859686, 2498434.677384889218956 ], [ 645742.361563180922531, 2498434.840990257449448 ], [ 645742.722858369350433, 2498434.989273520186543 ], [ 645743.114510404644534, 2498435.120806627906859 ], [ 645743.532747463905253, 2498435.234322845004499 ], [ 645743.973541695391759, 2498435.328728948254138 ], [ 645744.432648009853438, 2498435.403115755412728 ], [ 645744.905644962447695, 2498435.456766881048679 ], [ 645745.387977333972231, 2498435.489165634848177 ], [ 645745.875, 2498435.5 ], [ 645746.362022666027769, 2498435.489165634848177 ], [ 645746.844355037552305, 2498435.456766881048679 ], [ 645747.317351990146562, 2498435.403115755412728 ], [ 645747.776458304608241, 2498435.328728948254138 ], [ 645748.217252536094747, 2498435.234322845004499 ], [ 645748.635489595355466, 2498435.120806627906859 ], [ 645749.027141630649567, 2498434.989273520186543 ], [ 645749.388436819077469, 2498434.840990257449448 ], [ 645749.715895690140314, 2498434.677384889218956 ], [ 645750.00636463612318, 2498434.500033024232835 ], [ 645750.257046282174997, 2498434.310642657801509 ], [ 645750.465526427142322, 2498434.111037722788751 ], [ 645750.629797293222509, 2498433.903140523936599 ], [ 645750.748276861966588, 2498433.688953224569559 ], [ 645750.819824110600166, 2498433.470538565889001 ], [ 645750.84375, 2498433.25 ] ] ] } },
{ "type": "Feature", "properties": { "xmin": 111.50565, "ymin": 659.38037, "xmax": 146.17767, "ymax": 685.91809, "score": 0.33774784, "label": "Tree", "tile_idx": 4, "geo_xmin": 645653.0, "geo_ymin": 2498353.8, "geo_xmax": 645662.31, "geo_ymax": 2498361.0, "center_x": 645657.62, "center_y": 2498357.5, "width_m": 9.3125, "height_m": 7.25, "crown_diameter_m": 8.2167892, "lon": 88.416916705897691, "lat": 22.585768804400775, "crown_area_raw_m2": 53.026649, "crown_area_calibrated_m2": 63.631981, "agb_tree_kg": 113.8925648233068 }, "geometry": { "type": "Polygon", "coordinates": [ [ [ 645662.28125, 2498357.5 ], [ 645662.258828883524984, 2498357.144687866326421 ], [ 645662.191781461820938, 2498356.792797582689673 ], [ 645662.08075343829114, 2498356.447718044742942 ], [ 645661.926814073231071, 2498356.112772557884455 ], [ 645661.731445887126029, 2498355.791186829097569 ], [ 645661.496530382311903, 2498355.486057905480266 ], [ 645661.224329923512414, 2498355.200324344914407 ], [ 645660.917465949896723, 2498354.936737918294966 ], [ 645660.578893729369156, 2498354.697837106417865 ], [ 645660.21187389746774, 2498354.485922655556351 ], [ 645659.819941055844538, 2498354.303035416640341 ], [ 645659.406869731959887, 2498354.150936694815755 ], [ 645658.976638028514571, 2498354.031091283075511 ], [ 645658.533389311865903, 2498353.944653358310461 ], [ 645658.081392309628427, 2498353.892455365974456 ], [ 645657.625, 2498353.875 ], [ 645657.168607690371573, 2498353.892455365974456 ], [ 645656.716610688134097, 2498353.944653358310461 ], [ 645656.273361971485429, 2498354.031091283075511 ], [ 645655.843130268040113, 2498354.150936694815755 ], [ 645655.430058944155462, 2498354.303035416640341 ], [ 645655.03812610253226, 2498354.485922655556351 ], [ 645654.671106270630844, 2498354.697837106417865 ], [ 645654.332534050103277, 2498354.936737918294966 ], [ 645654.025670076487586, 2498355.200324344914407 ], [ 645653.753469617688097, 2498355.486057905480266 ], [ 645653.518554112873971, 2498355.791186829097569 ], [ 645653.323185926768929, 2498356.112772557884455 ], [ 645653.16924656170886, 2498356.447718044742942 ], [ 645653.058218538179062, 2498356.792797582689673 ], [ 645652.991171116475016, 2498357.144687866326421 ], [ 645652.96875, 2498357.5 ], [ 645652.991171116475016, 2498357.855312133673579 ], [ 645653.058218538179062, 2498358.207202417310327 ], [ 645653.16924656170886, 2498358.552281955257058 ], [ 645653.323185926768929, 2498358.887227442115545 ], [ 645653.518554112873971, 2498359.208813170902431 ], [ 645653.753469617688097, 2498359.513942094519734 ], [ 645654.025670076487586, 2498359.799675655085593 ], [ 645654.332534050103277, 2498360.063262081705034 ], [ 645654.671106270630844, 2498360.302162893582135 ], [ 645655.03812610253226, 2498360.514077344443649 ], [ 645655.430058944155462, 2498360.696964583359659 ], [ 645655.843130268040113, 2498360.849063305184245 ], [ 645656.273361971485429, 2498360.968908716924489 ], [ 645656.716610688134097, 2498361.055346641689539 ], [ 645657.168607690371573, 2498361.107544634025544 ], [ 645657.625, 2498361.125 ], [ 645658.081392309628427, 2498361.107544634025544 ], [ 645658.533389311865903, 2498361.055346641689539 ], [ 645658.976638028514571, 2498360.968908716924489 ], [ 645659.406869731959887, 2498360.849063305184245 ], [ 645659.819941055844538, 2498360.696964583359659 ], [ 645660.21187389746774, 2498360.514077344443649 ], [ 645660.578893729369156, 2498360.302162893582135 ], [ 645660.917465949896723, 2498360.063262081705034 ], [ 645661.224329923512414, 2498359.799675655085593 ], [ 645661.496530382311903, 2498359.513942094519734 ], [ 645661.731445887126029, 2498359.208813170902431 ], [ 645661.926814073231071, 2498358.887227442115545 ], [ 645662.08075343829114, 2498358.552281955257058 ], [ 645662.191781461820938, 2498358.207202417310327 ], [ 645662.258828883524984, 2498357.855312133673579 ], [ 645662.28125, 2498357.5 ] ] ] } },
{ "type": "Feature", "properties": { "xmin": 888.43652, "ymin": 782.40454, "xmax": 916.59351, "ymax": 811.78271, "score": 0.33618009, "label": "Tree", "tile_idx": 14, "geo_xmin": 645862.75, "geo_ymin": 2498319.8, "geo_xmax": 645870.38, "geo_ymax": 2498327.8, "center_x": 645866.56, "center_y": 2498323.8, "width_m": 7.625, "height_m": 8.0, "crown_diameter_m": 7.8102498, "lon": 88.418945590432642, "lat": 22.585446065121598, "crown_area_raw_m2": 47.90929, "crown_area_calibrated_m2": 57.49115, "agb_tree_kg": 100.81331343157579 }, "geometry": { "type": "Polygon", "coordinates": [ [ [ 645870.375, 2498323.75 ], [ 645870.356641770456918, 2498323.357931438833475 ], [ 645870.301743881544098, 2498322.969638711772859 ], [ 645870.210835029953159, 2498322.588861290831119 ], [ 645870.084790717693977, 2498322.219266270752996 ], [ 645869.924824820365757, 2498321.864413052797318 ], [ 645869.732477896846831, 2498321.527719067875296 ], [ 645869.50960235344246, 2498321.212426863145083 ], [ 645869.258344603236765, 2498320.921572875231504 ], [ 645868.98112439585384, 2498320.657958186697215 ], [ 645868.680611513438635, 2498320.424121550749987 ], [ 645868.359700059168972, 2498320.222314942628145 ], [ 645868.021480585914105, 2498320.054481870029122 ], [ 645867.669210331980139, 2498319.922238657251 ], [ 645867.306281852652319, 2498319.826858878601342 ], [ 645866.936190347536467, 2498319.769261093344539 ], [ 645866.5625, 2498319.75 ], [ 645866.188809652463533, 2498319.769261093344539 ], [ 645865.818718147347681, 2498319.826858878601342 ], [ 645865.455789668019861, 2498319.922238657251 ], [ 645865.103519414085895, 2498320.054481870029122 ], [ 645864.765299940831028, 2498320.222314942628145 ], [ 645864.444388486561365, 2498320.424121550749987 ], [ 645864.14387560414616, 2498320.657958186697215 ], [ 645863.866655396763235, 2498320.921572875231504 ], [ 645863.61539764655754, 2498321.212426863145083 ], [ 645863.392522103153169, 2498321.527719067875296 ], [ 645863.200175179634243, 2498321.864413052797318 ], [ 645863.040209282306023, 2498322.219266270752996 ], [ 645862.914164970046841, 2498322.588861290831119 ], [ 645862.823256118455902, 2498322.969638711772859 ], [ 645862.768358229543082, 2498323.357931438833475 ], [ 645862.75, 2498323.75 ], [ 645862.768358229543082, 2498324.142068561166525 ], [ 645862.823256118455902, 2498324.530361288227141 ], [ 645862.914164970046841, 2498324.911138709168881 ], [ 645863.040209282306023, 2498325.280733729247004 ], [ 645863.200175179634243, 2498325.635586947202682 ], [ 645863.392522103153169, 2498325.972280932124704 ], [ 645863.61539764655754, 2498326.287573136854917 ], [ 645863.866655396763235, 2498326.578427124768496 ], [ 645864.14387560414616, 2498326.842041813302785 ], [ 645864.444388486561365, 2498327.075878449250013 ], [ 645864.765299940831028, 2498327.277685057371855 ], [ 645865.103519414085895, 2498327.445518129970878 ], [ 645865.455789668019861, 2498327.577761342749 ], [ 645865.818718147347681, 2498327.673141121398658 ], [ 645866.188809652463533, 2498327.730738906655461 ], [ 645866.5625, 2498327.75 ], [ 645866.936190347536467, 2498327.730738906655461 ], [ 645867.306281852652319, 2498327.673141121398658 ], [ 645867.669210331980139, 2498327.577761342749 ], [ 645868.021480585914105, 2498327.445518129970878 ], [ 645868.359700059168972, 2498327.277685057371855 ], [ 645868.680611513438635, 2498327.075878449250013 ], [ 645868.98112439585384, 2498326.842041813302785 ], [ 645869.258344603236765, 2498326.578427124768496 ], [ 645869.50960235344246, 2498326.287573136854917 ], [ 645869.732477896846831, 2498325.972280932124704 ], [ 645869.924824820365757, 2498325.635586947202682 ], [ 645870.084790717693977, 2498325.280733729247004 ], [ 645870.210835029953159, 2498324.911138709168881 ], [ 645870.301743881544098, 2498324.530361288227141 ], [ 645870.356641770456918, 2498324.142068561166525 ], [ 645870.375, 2498323.75 ] ] ] } },
{ "type": "Feature", "properties": { "xmin": 714.47137, "ymin": 420.83698, "xmax": 735.48779, "ymax": 441.13477, "score": 0.33545625, "label": "Tree", "tile_idx": 7, "geo_xmin": 645815.81, "geo_ymin": 2498420.0, "geo_xmax": 645821.44, "geo_ymax": 2498425.2, "center_x": 645818.62, "center_y": 2498422.5, "width_m": 5.625, "height_m": 5.25, "crown_diameter_m": 5.4342661, "lon": 88.418488512502179, "lat": 22.586342007543298, "crown_area_raw_m2": 23.19379, "crown_area_calibrated_m2": 27.83255, "agb_tree_kg": 42.153159658630827 }, "geometry": { "type": "Polygon", "coordinates": [ [ [ 645821.4375, 2498422.5 ], [ 645821.423957043793052, 2498422.242705006618053 ], [ 645821.383458601078019, 2498421.987887904513627 ], [ 645821.316394694265909, 2498421.738002722151577 ], [ 645821.223411185201257, 2498421.49545599007979 ], [ 645821.105403556022793, 2498421.26258356589824 ], [ 645820.963508284650743, 2498421.041628138162196 ], [ 645820.799091900116764, 2498420.83471762901172 ], [ 645820.613737822044641, 2498420.64384469948709 ], [ 645820.409231111756526, 2498420.470847560092807 ], [ 645820.187541280407459, 2498420.317392267752439 ], [ 645819.950803322368301, 2498420.184956680983305 ], [ 645819.701297153485939, 2498420.074816226959229 ], [ 645819.441425654804334, 2498419.988031618762761 ], [ 645819.173691530711949, 2498419.925438638776541 ], [ 645818.90067320712842, 2498419.887640092521906 ], [ 645818.625, 2498419.875 ], [ 645818.34932679287158, 2498419.887640092521906 ], [ 645818.076308469288051, 2498419.925438638776541 ], [ 645817.808574345195666, 2498419.988031618762761 ], [ 645817.548702846514061, 2498420.074816226959229 ], [ 645817.299196677631699, 2498420.184956680983305 ], [ 645817.062458719592541, 2498420.317392267752439 ], [ 645816.840768888243474, 2498420.470847560092807 ], [ 645816.636262177955359, 2498420.64384469948709 ], [ 645816.450908099883236, 2498420.83471762901172 ], [ 645816.286491715349257, 2498421.041628138162196 ], [ 645816.144596443977207, 2498421.26258356589824 ], [ 645816.026588814798743, 2498421.49545599007979 ], [ 645815.933605305734091, 2498421.738002722151577 ], [ 645815.866541398921981, 2498421.987887904513627 ], [ 645815.826042956206948, 2498422.242705006618053 ], [ 645815.8125, 2498422.5 ], [ 645815.826042956206948, 2498422.757294993381947 ], [ 645815.866541398921981, 2498423.012112095486373 ], [ 645815.933605305734091, 2498423.261997277848423 ], [ 645816.026588814798743, 2498423.50454400992021 ], [ 645816.144596443977207, 2498423.73741643410176 ], [ 645816.286491715349257, 2498423.958371861837804 ], [ 645816.450908099883236, 2498424.16528237098828 ], [ 645816.636262177955359, 2498424.35615530051291 ], [ 645816.840768888243474, 2498424.529152439907193 ], [ 645817.062458719592541, 2498424.682607732247561 ], [ 645817.299196677631699, 2498424.815043319016695 ], [ 645817.548702846514061, 2498424.925183773040771 ], [ 645817.808574345195666, 2498425.011968381237239 ], [ 645818.076308469288051, 2498425.074561361223459 ], [ 645818.34932679287158, 2498425.112359907478094 ], [ 645818.625, 2498425.125 ], [ 645818.90067320712842, 2498425.112359907478094 ], [ 645819.173691530711949, 2498425.074561361223459 ], [ 645819.441425654804334, 2498425.011968381237239 ], [ 645819.701297153485939, 2498424.925183773040771 ], [ 645819.950803322368301, 2498424.815043319016695 ], [ 645820.187541280407459, 2498424.682607732247561 ], [ 645820.409231111756526, 2498424.529152439907193 ], [ 645820.613737822044641, 2498424.35615530051291 ], [ 645820.799091900116764, 2498424.16528237098828 ], [ 645820.963508284650743, 2498423.958371861837804 ], [ 645821.105403556022793, 2498423.73741643410176 ], [ 645821.223411185201257, 2498423.50454400992021 ], [ 645821.316394694265909, 2498423.261997277848423 ], [ 645821.383458601078019, 2498423.012112095486373 ], [ 645821.423957043793052, 2498422.757294993381947 ], [ 645821.4375, 2498422.5 ] ] ] } },
{ "type": "Feature", "properties": { "xmin": 26.055573, "ymin": 145.42741, "xmax": 56.501274, "ymax": 176.49144, "score": 0.33089587, "label": "Tree", "tile_idx": 0, "geo_xmin": 645629.94, "geo_ymin": 2498491.2, "geo_xmax": 645638.12, "geo_ymax": 2498499.8, "center_x": 645634.0, "center_y": 2498495.5, "width_m": 8.1875, "height_m": 8.5, "crown_diameter_m": 8.3422871, "lon": 88.416699690717294, "lat": 22.587017128523154, "crown_area_raw_m2": 54.658806, "crown_area_calibrated_m2": 65.590569, "agb_tree_kg": 118.11929950503135 }, "geometry": { "type": "Polygon", "coordinates": [ [ [ 645638.09375, 2498495.5 ], [ 645638.07403747481294, 2498495.083427153527737 ], [ 645638.015089741675183, 2498494.67086613131687 ], [ 645637.917474499437958, 2498494.266290121711791 ], [ 645637.782131836167537, 2498493.873595412354916 ], [ 645637.610365175874904, 2498493.49656386859715 ], [ 645637.403828725335188, 2498493.138826509471983 ], [ 645637.164511543465778, 2498492.803828542120755 ], [ 645636.894718385534361, 2498492.494796180166304 ], [ 645636.597047507064417, 2498492.214705573394895 ], [ 645636.274365641409531, 2498491.966254147700965 ], [ 645635.929780391394161, 2498491.751834626309574 ], [ 645635.566610301262699, 2498491.573511986993253 ], [ 645635.188352897530422, 2498491.433003573212773 ], [ 645634.798651005723514, 2498491.331662558484823 ], [ 645634.401257668272592, 2498491.270464911591262 ], [ 645634.0, 2498491.25 ], [ 645633.598742331727408, 2498491.270464911591262 ], [ 645633.201348994276486, 2498491.331662558484823 ], [ 645632.811647102469578, 2498491.433003573212773 ], [ 645632.433389698737301, 2498491.573511986993253 ], [ 645632.070219608605839, 2498491.751834626309574 ], [ 645631.725634358590469, 2498491.966254147700965 ], [ 645631.402952492935583, 2498492.214705573394895 ], [ 645631.105281614465639, 2498492.494796180166304 ], [ 645630.835488456534222, 2498492.803828542120755 ], [ 645630.596171274664812, 2498493.138826509471983 ], [ 645630.389634824125096, 2498493.49656386859715 ], [ 645630.217868163832463, 2498493.873595412354916 ], [ 645630.082525500562042, 2498494.266290121711791 ], [ 645629.984910258324817, 2498494.67086613131687 ], [ 645629.92596252518706, 2498495.083427153527737 ], [ 645629.90625, 2498495.5 ], [ 645629.92596252518706, 2498495.916572846472263 ], [ 645629.984910258324817, 2498496.32913386868313 ], [ 645630.082525500562042, 2498496.733709878288209 ], [ 645630.217868163832463, 2498497.126404587645084 ], [ 645630.389634824125096, 2498497.50343613140285 ], [ 645630.596171274664812, 2498497.861173490528017 ], [ 645630.835488456534222, 2498498.196171457879245 ], [ 645631.105281614465639, 2498498.505203819833696 ], [ 645631.402952492935583, 2498498.785294426605105 ], [ 645631.725634358590469, 2498499.033745852299035 ], [ 645632.070219608605839, 2498499.248165373690426 ], [ 645632.433389698737301, 2498499.426488013006747 ], [ 645632.811647102469578, 2498499.566996426787227 ], [ 645633.201348994276486, 2498499.668337441515177 ], [ 645633.598742331727408, 2498499.729535088408738 ], [ 645634.0, 2498499.75 ], [ 645634.401257668272592, 2498499.729535088408738 ], [ 645634.798651005723514, 2498499.668337441515177 ], [ 645635.188352897530422, 2498499.566996426787227 ], [ 645635.566610301262699, 2498499.426488013006747 ], [ 645635.929780391394161, 2498499.248165373690426 ], [ 645636.274365641409531, 2498499.033745852299035 ], [ 645636.597047507064417, 2498498.785294426605105 ], [ 645636.894718385534361, 2498498.505203819833696 ], [ 645637.164511543465778, 2498498.196171457879245 ], [ 645637.403828725335188, 2498497.861173490528017 ], [ 645637.610365175874904, 2498497.50343613140285 ], [ 645637.782131836167537, 2498497.126404587645084 ], [ 645637.917474499437958, 2498496.733709878288209 ], [ 645638.015089741675183, 2498496.32913386868313 ], [ 645638.07403747481294, 2498495.916572846472263 ], [ 645638.09375, 2498495.5 ] ] ] } },
{ "type": "Feature", "properties": { "xmin": 804.57495, "ymin": 209.00743, "xmax": 831.53131, "ymax": 237.3622, "score": 0.32614344, "label": "Tree", "tile_idx": 3, "geo_xmin": 645840.12, "geo_ymin": 2498475.0, "geo_xmax": 645847.38, "geo_ymax": 2498482.5, "center_x": 645843.75, "center_y": 2498478.8, "width_m": 7.25, "height_m": 7.5, "crown_diameter_m": 7.3739405, "lon": 88.418738068734314, "lat": 22.586847850515706, "crown_area_raw_m2": 42.706024, "crown_area_calibrated_m2": 51.247231, "agb_tree_kg": 87.801374250120148 }, "geometry": { "type": "Polygon", "coordinates": [ [ [ 645847.375, 2498478.75 ], [ 645847.357544634141959, 2498478.382435723673552 ], [ 645847.305346641456708, 2498478.018411292228848 ], [ 645847.218908717040904, 2498477.661432460416108 ], [ 645847.09906330530066, 2498477.314937128685415 ], [ 645846.946964583243243, 2498476.982262236997485 ], [ 645846.764077344560064, 2498476.666611626278609 ], [ 645846.55216289346572, 2498476.371025184169412 ], [ 645846.313262081821449, 2498476.098349570762366 ], [ 645846.049675655085593, 2498475.851210799999535 ], [ 645845.763942094752565, 2498475.631988953799009 ], [ 645845.458813171018846, 2498475.442795258481055 ], [ 645845.137227442348376, 2498475.28545175306499 ], [ 645844.802281955024227, 2498475.161473740823567 ], [ 645844.457202417310327, 2498475.072055198717862 ], [ 645844.105312133673579, 2498475.018057275097817 ], [ 645843.75, 2498475.0 ], [ 645843.394687866326421, 2498475.018057275097817 ], [ 645843.042797582689673, 2498475.072055198717862 ], [ 645842.697718044975773, 2498475.161473740823567 ], [ 645842.362772557651624, 2498475.28545175306499 ], [ 645842.041186828981154, 2498475.442795258481055 ], [ 645841.736057905247435, 2498475.631988953799009 ], [ 645841.450324344914407, 2498475.851210799999535 ], [ 645841.186737918178551, 2498476.098349570762366 ], [ 645840.94783710653428, 2498476.371025184169412 ], [ 645840.735922655439936, 2498476.666611626278609 ], [ 645840.553035416756757, 2498476.982262236997485 ], [ 645840.40093669469934, 2498477.314937128685415 ], [ 645840.281091282959096, 2498477.661432460416108 ], [ 645840.194653358543292, 2498478.018411292228848 ], [ 645840.142455365858041, 2498478.382435723673552 ], [ 645840.125, 2498478.75 ], [ 645840.142455365858041, 2498479.117564276326448 ], [ 645840.194653358543292, 2498479.481588707771152 ], [ 645840.281091282959096, 2498479.838567539583892 ], [ 645840.40093669469934, 2498480.185062871314585 ], [ 645840.553035416756757, 2498480.517737763002515 ], [ 645840.735922655439936, 2498480.833388373721391 ], [ 645840.94783710653428, 2498481.128974815830588 ], [ 645841.186737918178551, 2498481.401650429237634 ], [ 645841.450324344914407, 2498481.648789200000465 ], [ 645841.736057905247435, 2498481.868011046200991 ], [ 645842.041186828981154, 2498482.057204741518945 ], [ 645842.362772557651624, 2498482.21454824693501 ], [ 645842.697718044975773, 2498482.338526259176433 ], [ 645843.042797582689673, 2498482.427944801282138 ], [ 645843.394687866326421, 2498482.481942724902183 ], [ 645843.75, 2498482.5 ], [ 645844.105312133673579, 2498482.481942724902183 ], [ 645844.457202417310327, 2498482.427944801282138 ], [ 645844.802281955024227, 2498482.338526259176433 ], [ 645845.137227442348376, 2498482.21454824693501 ], [ 645845.458813171018846, 2498482.057204741518945 ], [ 645845.763942094752565, 2498481.868011046200991 ], [ 645846.049675655085593, 2498481.648789200000465 ], [ 645846.313262081821449, 2498481.401650429237634 ], [ 645846.55216289346572, 2498481.128974815830588 ], [ 645846.764077344560064, 2498480.833388373721391 ], [ 645846.946964583243243, 2498480.517737763002515 ], [ 645847.09906330530066, 2498480.185062871314585 ], [ 645847.218908717040904, 2498479.838567539583892 ], [ 645847.305346641456708, 2498479.481588707771152 ], [ 645847.357544634141959, 2498479.117564276326448 ], [ 645847.375, 2498478.75 ] ] ] } },
{ "type": "Feature", "properties": { "xmin": 682.52014, "ymin": 372.66052, "xmax": 706.49335, "ymax": 397.56763, "score": 0.32591951, "label": "Tree", "tile_idx": 7, "geo_xmin": 645807.12, "geo_ymin": 2498431.8, "geo_xmax": 645813.62, "geo_ymax": 2498438.5, "center_x": 645810.38, "center_y": 2498435.0, "width_m": 6.5, "height_m": 6.75, "crown_diameter_m": 6.6238208, "lon": 88.418409433511329, "lat": 22.586455605302923, "crown_area_raw_m2": 34.459347, "crown_area_calibrated_m2": 41.351219, "agb_tree_kg": 67.841652868224855 }, "geometry": { "type": "Polygon", "coordinates": [ [ [ 645813.625, 2498435.0 ], [ 645813.609350361628458, 2498434.669192151166499 ], [ 645813.562552161281928, 2498434.341570163145661 ], [ 645813.485056091099977, 2498434.020289214327931 ], [ 645813.377608480630443, 2498433.708443415816873 ], [ 645813.241244109114632, 2498433.409036013297737 ], [ 645813.077276239986531, 2498433.124950463417917 ], [ 645812.887283973395824, 2498432.858922665938735 ], [ 645812.673097038874403, 2498432.613514613360167 ], [ 645812.436778173549101, 2498432.391089719720185 ], [ 645812.180603257264011, 2498432.193790058605373 ], [ 645811.907039394718595, 2498432.023515732958913 ], [ 645811.618721155216917, 2498431.881906577851623 ], [ 645811.318425201112404, 2498431.770326367113739 ], [ 645811.009043546509929, 2498431.689849678426981 ], [ 645810.693555706064217, 2498431.641251547262073 ], [ 645810.375, 2498431.625 ], [ 645810.056444293935783, 2498431.641251547262073 ], [ 645809.740956453490071, 2498431.689849678426981 ], [ 645809.431574798887596, 2498431.770326367113739 ], [ 645809.131278844783083, 2498431.881906577851623 ], [ 645808.842960605281405, 2498432.023515732958913 ], [ 645808.569396742735989, 2498432.193790058605373 ], [ 645808.313221826450899, 2498432.391089719720185 ], [ 645808.076902961125597, 2498432.613514613360167 ], [ 645807.862716026604176, 2498432.858922665938735 ], [ 645807.672723760013469, 2498433.124950463417917 ], [ 645807.508755890885368, 2498433.409036013297737 ], [ 645807.372391519369557, 2498433.708443415816873 ], [ 645807.264943908900023, 2498434.020289214327931 ], [ 645807.187447838718072, 2498434.341570163145661 ], [ 645807.140649638371542, 2498434.669192151166499 ], [ 645807.125, 2498435.0 ], [ 645807.140649638371542, 2498435.330807848833501 ], [ 645807.187447838718072, 2498435.658429836854339 ], [ 645807.264943908900023, 2498435.979710785672069 ], [ 645807.372391519369557, 2498436.291556584183127 ], [ 645807.508755890885368, 2498436.590963986702263 ], [ 645807.672723760013469, 2498436.875049536582083 ], [ 645807.862716026604176, 2498437.141077334061265 ], [ 645808.076902961125597, 2498437.386485386639833 ], [ 645808.313221826450899, 2498437.608910280279815 ], [ 645808.569396742735989, 2498437.806209941394627 ], [ 645808.842960605281405, 2498437.976484267041087 ], [ 645809.131278844783083, 2498438.118093422148377 ], [ 645809.431574798887596, 2498438.229673632886261 ], [ 645809.740956453490071, 2498438.310150321573019 ], [ 645810.056444293935783, 2498438.358748452737927 ], [ 645810.375, 2498438.375 ], [ 645810.693555706064217, 2498438.358748452737927 ], [ 645811.009043546509929, 2498438.310150321573019 ], [ 645811.318425201112404, 2498438.229673632886261 ], [ 645811.618721155216917, 2498438.118093422148377 ], [ 645811.907039394718595, 2498437.976484267041087 ], [ 645812.180603257264011, 2498437.806209941394627 ], [ 645812.436778173549101, 2498437.608910280279815 ], [ 645812.673097038874403, 2498437.386485386639833 ], [ 645812.887283973395824, 2498437.141077334061265 ], [ 645813.077276239986531, 2498436.875049536582083 ], [ 645813.241244109114632, 2498436.590963986702263 ], [ 645813.377608480630443, 2498436.291556584183127 ], [ 645813.485056091099977, 2498435.979710785672069 ], [ 645813.562552161281928, 2498435.658429836854339 ], [ 645813.609350361628458, 2498435.330807848833501 ], [ 645813.625, 2498435.0 ] ] ] } },
{ "type": "Feature", "properties": { "xmin": 773.41241, "ymin": 593.11584, "xmax": 800.2998, "ymax": 620.57056, "score": 0.3237195, "label": "Tree", "tile_idx": 7, "geo_xmin": 645831.69, "geo_ymin": 2498371.5, "geo_xmax": 645838.94, "geo_ymax": 2498378.8, "center_x": 645835.31, "center_y": 2498375.0, "width_m": 7.25, "height_m": 7.25, "crown_diameter_m": 7.25, "lon": 88.418646412280751, "lat": 22.585911595317622, "crown_area_raw_m2": 41.28249, "crown_area_calibrated_m2": 49.53899, "agb_tree_kg": 84.295419780662172 }, "geometry": { "type": "Polygon", "coordinates": [ [ [ 645838.9375, 2498375.0 ], [ 645838.920044634141959, 2498374.644687866326421 ], [ 645838.867846641456708, 2498374.292797582689673 ], [ 645838.781408717040904, 2498373.947718044742942 ], [ 645838.66156330530066, 2498373.612772557884455 ], [ 645838.509464583243243, 2498373.291186829097569 ], [ 645838.326577344560064, 2498372.986057905480266 ], [ 645838.11466289346572, 2498372.700324344914407 ], [ 645837.875762081821449, 2498372.436737918294966 ], [ 645837.612175655085593, 2498372.197837106417865 ], [ 645837.326442094752565, 2498371.985922655556351 ], [ 645837.021313171018846, 2498371.803035416640341 ], [ 645836.699727442348376, 2498371.650936694815755 ], [ 645836.364781955024227, 2498371.531091283075511 ], [ 645836.019702417310327, 2498371.444653358310461 ], [ 645835.667812133673579, 2498371.392455365974456 ], [ 645835.3125, 2498371.375 ], [ 645834.957187866326421, 2498371.392455365974456 ], [ 645834.605297582689673, 2498371.444653358310461 ], [ 645834.260218044975773, 2498371.531091283075511 ], [ 645833.925272557651624, 2498371.650936694815755 ], [ 645833.603686828981154, 2498371.803035416640341 ], [ 645833.298557905247435, 2498371.985922655556351 ], [ 645833.012824344914407, 2498372.197837106417865 ], [ 645832.749237918178551, 2498372.436737918294966 ], [ 645832.51033710653428, 2498372.700324344914407 ], [ 645832.298422655439936, 2498372.986057905480266 ], [ 645832.115535416756757, 2498373.291186829097569 ], [ 645831.96343669469934, 2498373.612772557884455 ], [ 645831.843591282959096, 2498373.947718044742942 ], [ 645831.757153358543292, 2498374.292797582689673 ], [ 645831.704955365858041, 2498374.644687866326421 ], [ 645831.6875, 2498375.0 ], [ 645831.704955365858041, 2498375.355312133673579 ], [ 645831.757153358543292, 2498375.707202417310327 ], [ 645831.843591282959096, 2498376.052281955257058 ], [ 645831.96343669469934, 2498376.387227442115545 ], [ 645832.115535416756757, 2498376.708813170902431 ], [ 645832.298422655439936, 2498377.013942094519734 ], [ 645832.51033710653428, 2498377.299675655085593 ], [ 645832.749237918178551, 2498377.563262081705034 ], [ 645833.012824344914407, 2498377.802162893582135 ], [ 645833.298557905247435, 2498378.014077344443649 ], [ 645833.603686828981154, 2498378.196964583359659 ], [ 645833.925272557651624, 2498378.349063305184245 ], [ 645834.260218044975773, 2498378.468908716924489 ], [ 645834.605297582689673, 2498378.555346641689539 ], [ 645834.957187866326421, 2498378.607544634025544 ], [ 645835.3125, 2498378.625 ], [ 645835.667812133673579, 2498378.607544634025544 ], [ 645836.019702417310327, 2498378.555346641689539 ], [ 645836.364781955024227, 2498378.468908716924489 ], [ 645836.699727442348376, 2498378.349063305184245 ], [ 645837.021313171018846, 2498378.196964583359659 ], [ 645837.326442094752565, 2498378.014077344443649 ], [ 645837.612175655085593, 2498377.802162893582135 ], [ 645837.875762081821449, 2498377.563262081705034 ], [ 645838.11466289346572, 2498377.299675655085593 ], [ 645838.326577344560064, 2498377.013942094519734 ], [ 645838.509464583243243, 2498376.708813170902431 ], [ 645838.66156330530066, 2498376.387227442115545 ], [ 645838.781408717040904, 2498376.052281955257058 ], [ 645838.867846641456708, 2498375.707202417310327 ], [ 645838.920044634141959, 2498375.355312133673579 ], [ 645838.9375, 2498375.0 ] ] ] } },
{ "type": "Feature", "properties": { "xmin": 321.05783, "ymin": 184.29443, "xmax": 343.01422, "ymax": 205.61948, "score": 0.32204533, "label": "Tree", "tile_idx": 1, "geo_xmin": 645709.56, "geo_ymin": 2498483.5, "geo_xmax": 645715.5, "geo_ymax": 2498489.2, "center_x": 645712.5, "center_y": 2498486.5, "width_m": 5.9375, "height_m": 5.75, "crown_diameter_m": 5.842998, "lon": 88.417462312327331, "lat": 22.586929112281297, "crown_area_raw_m2": 26.813986, "crown_area_calibrated_m2": 32.176785, "agb_tree_kg": 50.181510323451533 }, "geometry": { "type": "Polygon", "coordinates": [ [ [ 645715.46875, 2498486.5 ], [ 645715.454454657272436, 2498486.218200721777976 ], [ 645715.411706301150844, 2498485.939115324057639 ], [ 645715.340916621731594, 2498485.665431553032249 ], [ 645715.242767362156883, 2498485.399785132147372 ], [ 645715.11820375348907, 2498485.144734381698072 ], [ 645714.968425411498174, 2498484.902735580224544 ], [ 645714.794874783372506, 2498484.676119307987392 ], [ 645714.599223256693222, 2498484.467068003956228 ], [ 645714.383355062338524, 2498484.277594946790487 ], [ 645714.149349129293114, 2498484.109524864703417 ], [ 645713.899459062493406, 2498483.964476365130395 ], [ 645713.636091439868324, 2498483.84384634392336 ], [ 645713.361782635562122, 2498483.748796534724534 ], [ 645713.079174393438734, 2498483.680242318660021 ], [ 645712.790988385328092, 2498483.638843910768628 ], [ 645712.5, 2498483.625 ], [ 645712.209011614671908, 2498483.638843910768628 ], [ 645711.920825606561266, 2498483.680242318660021 ], [ 645711.638217364437878, 2498483.748796534724534 ], [ 645711.363908560131676, 2498483.84384634392336 ], [ 645711.100540937506594, 2498483.964476365130395 ], [ 645710.850650870706886, 2498484.109524864703417 ], [ 645710.616644937661476, 2498484.277594946790487 ], [ 645710.400776743306778, 2498484.467068003956228 ], [ 645710.205125216627494, 2498484.676119307987392 ], [ 645710.031574588501826, 2498484.902735580224544 ], [ 645709.88179624651093, 2498485.144734381698072 ], [ 645709.757232637843117, 2498485.399785132147372 ], [ 645709.659083378268406, 2498485.665431553032249 ], [ 645709.588293698849156, 2498485.939115324057639 ], [ 645709.545545342727564, 2498486.218200721777976 ], [ 645709.53125, 2498486.5 ], [ 645709.545545342727564, 2498486.781799278222024 ], [ 645709.588293698849156, 2498487.060884675942361 ], [ 645709.659083378268406, 2498487.334568446967751 ], [ 645709.757232637843117, 2498487.600214867852628 ], [ 645709.88179624651093, 2498487.855265618301928 ], [ 645710.031574588501826, 2498488.097264419775456 ], [ 645710.205125216627494, 2498488.323880692012608 ], [ 645710.400776743306778, 2498488.532931996043772 ], [ 645710.616644937661476, 2498488.722405053209513 ], [ 645710.850650870706886, 2498488.890475135296583 ], [ 645711.100540937506594, 2498489.035523634869605 ], [ 645711.363908560131676, 2498489.15615365607664 ], [ 645711.638217364437878, 2498489.251203465275466 ], [ 645711.920825606561266, 2498489.319757681339979 ], [ 645712.209011614671908, 2498489.361156089231372 ], [ 645712.5, 2498489.375 ], [ 645712.790988385328092, 2498489.361156089231372 ], [ 645713.079174393438734, 2498489.319757681339979 ], [ 645713.361782635562122, 2498489.251203465275466 ], [ 645713.636091439868324, 2498489.15615365607664 ], [ 645713.899459062493406, 2498489.035523634869605 ], [ 645714.149349129293114, 2498488.890475135296583 ], [ 645714.383355062338524, 2498488.722405053209513 ], [ 645714.599223256693222, 2498488.532931996043772 ], [ 645714.794874783372506, 2498488.323880692012608 ], [ 645714.968425411498174, 2498488.097264419775456 ], [ 645715.11820375348907, 2498487.855265618301928 ], [ 645715.242767362156883, 2498487.600214867852628 ], [ 645715.340916621731594, 2498487.334568446967751 ], [ 645715.411706301150844, 2498487.060884675942361 ], [ 645715.454454657272436, 2498486.781799278222024 ], [ 645715.46875, 2498486.5 ] ] ] } },
{ "type": "Feature", "properties": { "xmin": 699.74927, "ymin": 640.0, "xmax": 719.07312, "ymax": 648.60052, "score": 0.32088432, "label": "Tree", "tile_idx": 9, "geo_xmin": 645811.81, "geo_ymin": 2498364.0, "geo_xmax": 645817.0, "geo_ymax": 2498366.2, "center_x": 645814.38, "center_y": 2498365.0, "width_m": 5.1875, "height_m": 2.25, "crown_diameter_m": 3.4164126, "lon": 88.418441861005618, "lat": 22.58582308237407, "crown_area_raw_m2": 9.1670694, "crown_area_calibrated_m2": 11.000484, "agb_tree_kg": 13.811932412956082 }, "geometry": { "type": "Polygon", "coordinates": [ [ [ 645816.96875, 2498365.0 ], [ 645816.956260384758934, 2498364.8897307170555 ], [ 645816.918911821092479, 2498364.78052338771522 ], [ 645816.857063995790668, 2498364.673429738264531 ], [ 645816.771312537486665, 2498364.569481138605624 ], [ 645816.662483279360458, 2498364.469678671099246 ], [ 645816.531624306924641, 2498364.374983487650752 ], [ 645816.379995863419026, 2498364.286307555157691 ], [ 645816.209058213746175, 2498364.204504871275276 ], [ 645816.020457580802031, 2498364.130363239906728 ], [ 645815.816010291920975, 2498364.064596686046571 ], [ 645815.597685286193155, 2498364.007838577497751 ], [ 645815.367585152736865, 2498363.960635526105762 ], [ 645815.127925881650299, 2498363.923442122526467 ], [ 645814.881015522754751, 2498363.89661655947566 ], [ 645814.62923195771873, 2498363.880417182575911 ], [ 645814.375, 2498363.875 ], [ 645814.12076804228127, 2498363.880417182575911 ], [ 645813.868984477245249, 2498363.89661655947566 ], [ 645813.622074118349701, 2498363.923442122526467 ], [ 645813.382414847263135, 2498363.960635526105762 ], [ 645813.152314713806845, 2498364.007838577497751 ], [ 645812.933989708079025, 2498364.064596686046571 ], [ 645812.729542419197969, 2498364.130363239906728 ], [ 645812.540941786253825, 2498364.204504871275276 ], [ 645812.370004136580974, 2498364.286307555157691 ], [ 645812.218375693075359, 2498364.374983487650752 ], [ 645812.087516720639542, 2498364.469678671099246 ], [ 645811.978687462513335, 2498364.569481138605624 ], [ 645811.892936004209332, 2498364.673429738264531 ], [ 645811.831088178907521, 2498364.78052338771522 ], [ 645811.793739615241066, 2498364.8897307170555 ], [ 645811.78125, 2498365.0 ], [ 645811.793739615241066, 2498365.1102692829445 ], [ 645811.831088178907521, 2498365.21947661228478 ], [ 645811.892936004209332, 2498365.326570261735469 ], [ 645811.978687462513335, 2498365.430518861394376 ], [ 645812.087516720639542, 2498365.530321328900754 ], [ 645812.218375693075359, 2498365.625016512349248 ], [ 645812.370004136580974, 2498365.713692444842309 ], [ 645812.540941786253825, 2498365.795495128724724 ], [ 645812.729542419197969, 2498365.869636760093272 ], [ 645812.933989708079025, 2498365.935403313953429 ], [ 645813.152314713806845, 2498365.992161422502249 ], [ 645813.382414847263135, 2498366.039364473894238 ], [ 645813.622074118349701, 2498366.076557877473533 ], [ 645813.868984477245249, 2498366.10338344052434 ], [ 645814.12076804228127, 2498366.119582817424089 ], [ 645814.375, 2498366.125 ], [ 645814.62923195771873, 2498366.119582817424089 ], [ 645814.881015522754751, 2498366.10338344052434 ], [ 645815.127925881650299, 2498366.076557877473533 ], [ 645815.367585152736865, 2498366.039364473894238 ], [ 645815.597685286193155, 2498365.992161422502249 ], [ 645815.816010291920975, 2498365.935403313953429 ], [ 645816.020457580802031, 2498365.869636760093272 ], [ 645816.209058213746175, 2498365.795495128724724 ], [ 645816.379995863419026, 2498365.713692444842309 ], [ 645816.531624306924641, 2498365.625016512349248 ], [ 645816.662483279360458, 2498365.530321328900754 ], [ 645816.771312537486665, 2498365.430518861394376 ], [ 645816.857063995790668, 2498365.326570261735469 ], [ 645816.918911821092479, 2498365.21947661228478 ], [ 645816.956260384758934, 2498365.1102692829445 ], [ 645816.96875, 2498365.0 ] ] ] } },
{ "type": "Feature", "properties": { "xmin": 903.02942, "ymin": 820.54883, "xmax": 921.95752, "ymax": 839.67786, "score": 0.3152898, "label": "Tree", "tile_idx": 15, "geo_xmin": 645866.69, "geo_ymin": 2498312.2, "geo_xmax": 645871.81, "geo_ymax": 2498317.5, "center_x": 645869.25, "center_y": 2498315.0, "width_m": 5.125, "height_m": 5.25, "crown_diameter_m": 5.1871233, "lon": 88.41897091788357, "lat": 22.585366811808552, "crown_area_raw_m2": 21.132118, "crown_area_calibrated_m2": 25.358543, "agb_tree_kg": 37.690759373839704 }, "geometry": { "type": "Polygon", "coordinates": [ [ [ 645871.8125, 2498315.0 ], [ 645871.800160862039775, 2498314.742705006618053 ], [ 645871.763262281077914, 2498314.487887904513627 ], [ 645871.702159610344097, 2498314.238002722151577 ], [ 645871.617441302048974, 2498313.99545599007979 ], [ 645871.509923239937052, 2498313.76258356589824 ], [ 645871.380640881485306, 2498313.541628138162196 ], [ 645871.230839286698028, 2498313.33471762901172 ], [ 645871.06196112674661, 2498313.14384469948709 ], [ 645870.875632790615782, 2498312.970847560092807 ], [ 645870.673648722120561, 2498312.817392267752439 ], [ 645870.457954138168134, 2498312.684956680983305 ], [ 645870.230626295437105, 2498312.574816226959229 ], [ 645869.993854485452175, 2498312.488031618762761 ], [ 645869.749918950139545, 2498312.425438638776541 ], [ 645869.501168922055513, 2498312.387640092521906 ], [ 645869.25, 2498312.375 ], [ 645868.998831077944487, 2498312.387640092521906 ], [ 645868.750081049860455, 2498312.425438638776541 ], [ 645868.506145514547825, 2498312.488031618762761 ], [ 645868.269373704562895, 2498312.574816226959229 ], [ 645868.042045861831866, 2498312.684956680983305 ], [ 645867.826351277879439, 2498312.817392267752439 ], [ 645867.624367209384218, 2498312.970847560092807 ], [ 645867.43803887325339, 2498313.14384469948709 ], [ 645867.269160713301972, 2498313.33471762901172 ], [ 645867.119359118514694, 2498313.541628138162196 ], [ 645866.990076760062948, 2498313.76258356589824 ], [ 645866.882558697951026, 2498313.99545599007979 ], [ 645866.797840389655903, 2498314.238002722151577 ], [ 645866.736737718922086, 2498314.487887904513627 ], [ 645866.699839137960225, 2498314.742705006618053 ], [ 645866.6875, 2498315.0 ], [ 645866.699839137960225, 2498315.257294993381947 ], [ 645866.736737718922086, 2498315.512112095486373 ], [ 645866.797840389655903, 2498315.761997277848423 ], [ 645866.882558697951026, 2498316.00454400992021 ], [ 645866.990076760062948, 2498316.23741643410176 ], [ 645867.119359118514694, 2498316.458371861837804 ], [ 645867.269160713301972, 2498316.66528237098828 ], [ 645867.43803887325339, 2498316.85615530051291 ], [ 645867.624367209384218, 2498317.029152439907193 ], [ 645867.826351277879439, 2498317.182607732247561 ], [ 645868.042045861831866, 2498317.315043319016695 ], [ 645868.269373704562895, 2498317.425183773040771 ], [ 645868.506145514547825, 2498317.511968381237239 ], [ 645868.750081049860455, 2498317.574561361223459 ], [ 645868.998831077944487, 2498317.612359907478094 ], [ 645869.25, 2498317.625 ], [ 645869.501168922055513, 2498317.612359907478094 ], [ 645869.749918950139545, 2498317.574561361223459 ], [ 645869.993854485452175, 2498317.511968381237239 ], [ 645870.230626295437105, 2498317.425183773040771 ], [ 645870.457954138168134, 2498317.315043319016695 ], [ 645870.673648722120561, 2498317.182607732247561 ], [ 645870.875632790615782, 2498317.029152439907193 ], [ 645871.06196112674661, 2498316.85615530051291 ], [ 645871.230839286698028, 2498316.66528237098828 ], [ 645871.380640881485306, 2498316.458371861837804 ], [ 645871.509923239937052, 2498316.23741643410176 ], [ 645871.617441302048974, 2498316.00454400992021 ], [ 645871.702159610344097, 2498315.761997277848423 ], [ 645871.763262281077914, 2498315.512112095486373 ], [ 645871.800160862039775, 2498315.257294993381947 ], [ 645871.8125, 2498315.0 ] ] ] } },
{ "type": "Feature", "properties": { "xmin": 110.57933, "ymin": 303.76657, "xmax": 129.33058, "ymax": 323.42471, "score": 0.31162891, "label": "Tree", "tile_idx": 0, "geo_xmin": 645652.75, "geo_ymin": 2498451.8, "geo_xmax": 645657.81, "geo_ymax": 2498457.0, "center_x": 645655.25, "center_y": 2498454.5, "width_m": 5.0625, "height_m": 5.25, "crown_diameter_m": 5.1553979, "lon": 88.416902569924545, "lat": 22.586645028732345, "crown_area_raw_m2": 20.874411, "crown_area_calibrated_m2": 25.049294, "agb_tree_kg": 37.138957925637278 }, "geometry": { "type": "Polygon", "coordinates": [ [ [ 645657.78125, 2498454.5 ], [ 645657.76906133943703, 2498454.242705006618053 ], [ 645657.732612741063349, 2498453.987887904513627 ], [ 645657.672255224781111, 2498453.738002722151577 ], [ 645657.588570066611283, 2498453.49545599007979 ], [ 645657.482363200397231, 2498453.26258356589824 ], [ 645657.354657456162386, 2498453.041628138162196 ], [ 645657.206682710093446, 2498452.83471762901172 ], [ 645657.03986403986346, 2498452.64384469948709 ], [ 645656.855808000545949, 2498452.470847560092807 ], [ 645656.656287152320147, 2498452.317392267752439 ], [ 645656.443222990143113, 2498452.184956680983305 ], [ 645656.218667438137345, 2498452.074816226959229 ], [ 645655.984783089254051, 2498451.988031618762761 ], [ 645655.743822377640754, 2498451.925438638776541 ], [ 645655.498105886508711, 2498451.887640092521906 ], [ 645655.25, 2498451.875 ], [ 645655.001894113491289, 2498451.887640092521906 ], [ 645654.756177622359246, 2498451.925438638776541 ], [ 645654.515216910745949, 2498451.988031618762761 ], [ 645654.281332561862655, 2498452.074816226959229 ], [ 645654.056777009856887, 2498452.184956680983305 ], [ 645653.843712847679853, 2498452.317392267752439 ], [ 645653.644191999454051, 2498452.470847560092807 ], [ 645653.46013596013654, 2498452.64384469948709 ], [ 645653.293317289906554, 2498452.83471762901172 ], [ 645653.145342543837614, 2498453.041628138162196 ], [ 645653.017636799602769, 2498453.26258356589824 ], [ 645652.911429933388717, 2498453.49545599007979 ], [ 645652.827744775218889, 2498453.738002722151577 ], [ 645652.767387258936651, 2498453.987887904513627 ], [ 645652.73093866056297, 2498454.242705006618053 ], [ 645652.71875, 2498454.5 ], [ 645652.73093866056297, 2498454.757294993381947 ], [ 645652.767387258936651, 2498455.012112095486373 ], [ 645652.827744775218889, 2498455.261997277848423 ], [ 645652.911429933388717, 2498455.50454400992021 ], [ 645653.017636799602769, 2498455.73741643410176 ], [ 645653.145342543837614, 2498455.958371861837804 ], [ 645653.293317289906554, 2498456.16528237098828 ], [ 645653.46013596013654, 2498456.35615530051291 ], [ 645653.644191999454051, 2498456.529152439907193 ], [ 645653.843712847679853, 2498456.682607732247561 ], [ 645654.056777009856887, 2498456.815043319016695 ], [ 645654.281332561862655, 2498456.925183773040771 ], [ 645654.515216910745949, 2498457.011968381237239 ], [ 645654.756177622359246, 2498457.074561361223459 ], [ 645655.001894113491289, 2498457.112359907478094 ], [ 645655.25, 2498457.125 ], [ 645655.498105886508711, 2498457.112359907478094 ], [ 645655.743822377640754, 2498457.074561361223459 ], [ 645655.984783089254051, 2498457.011968381237239 ], [ 645656.218667438137345, 2498456.925183773040771 ], [ 645656.443222990143113, 2498456.815043319016695 ], [ 645656.656287152320147, 2498456.682607732247561 ], [ 645656.855808000545949, 2498456.529152439907193 ], [ 645657.03986403986346, 2498456.35615530051291 ], [ 645657.206682710093446, 2498456.16528237098828 ], [ 645657.354657456162386, 2498455.958371861837804 ], [ 645657.482363200397231, 2498455.73741643410176 ], [ 645657.588570066611283, 2498455.50454400992021 ], [ 645657.672255224781111, 2498455.261997277848423 ], [ 645657.732612741063349, 2498455.012112095486373 ], [ 645657.76906133943703, 2498454.757294993381947 ], [ 645657.78125, 2498454.5 ] ] ] } },
{ "type": "Feature", "properties": { "xmin": 688.76831, "ymin": 566.17096, "xmax": 714.98486, "ymax": 594.64807, "score": 0.31065914, "label": "Tree", "tile_idx": 5, "geo_xmin": 645808.81, "geo_ymin": 2498378.5, "geo_xmax": 645815.94, "geo_ymax": 2498386.2, "center_x": 645812.38, "center_y": 2498382.5, "width_m": 7.125, "height_m": 7.75, "crown_diameter_m": 7.430932, "lon": 88.418424028699718, "lat": 22.585981298996916, "crown_area_raw_m2": 43.368706, "crown_area_calibrated_m2": 52.04245, "agb_tree_kg": 89.441583295947225 }, "geometry": { "type": "Polygon", "coordinates": [ [ [ 645815.9375, 2498382.5 ], [ 645815.920345588820055, 2498382.120183581020683 ], [ 645815.869047561427578, 2498381.744025002233684 ], [ 645815.784099946031347, 2498381.375146875623614 ], [ 645815.666320834541693, 2498381.017101699486375 ], [ 645815.516844504280016, 2498380.673337644897401 ], [ 645815.337110493797809, 2498380.347165347076952 ], [ 645815.12884974014014, 2498380.041726023890078 ], [ 645814.894067907938734, 2498379.759961222764105 ], [ 645814.635026074829511, 2498379.504584493115544 ], [ 645814.354218955151737, 2498379.278055252507329 ], [ 645814.054350874968804, 2498379.082555100787431 ], [ 645813.738309727748856, 2498378.919966811314225 ], [ 645813.409139162744395, 2498378.791856199037284 ], [ 645813.07000927219633, 2498378.699457038659602 ], [ 645812.724186062463559, 2498378.643659184221178 ], [ 645812.375, 2498378.625 ], [ 645812.025813937536441, 2498378.643659184221178 ], [ 645811.67999072780367, 2498378.699457038659602 ], [ 645811.340860837255605, 2498378.791856199037284 ], [ 645811.011690272251144, 2498378.919966811314225 ], [ 645810.695649125031196, 2498379.082555100787431 ], [ 645810.395781044848263, 2498379.278055252507329 ], [ 645810.114973925170489, 2498379.504584493115544 ], [ 645809.855932092061266, 2498379.759961222764105 ], [ 645809.62115025985986, 2498380.041726023890078 ], [ 645809.412889506202191, 2498380.347165347076952 ], [ 645809.233155495719984, 2498380.673337644897401 ], [ 645809.083679165458307, 2498381.017101699486375 ], [ 645808.965900053968653, 2498381.375146875623614 ], [ 645808.880952438572422, 2498381.744025002233684 ], [ 645808.829654411179945, 2498382.120183581020683 ], [ 645808.8125, 2498382.5 ], [ 645808.829654411179945, 2498382.879816418979317 ], [ 645808.880952438572422, 2498383.255974997766316 ], [ 645808.965900053968653, 2498383.624853124376386 ], [ 645809.083679165458307, 2498383.982898300513625 ], [ 645809.233155495719984, 2498384.326662355102599 ], [ 645809.412889506202191, 2498384.652834652923048 ], [ 645809.62115025985986, 2498384.958273976109922 ], [ 645809.855932092061266, 2498385.240038777235895 ], [ 645810.114973925170489, 2498385.495415506884456 ], [ 645810.395781044848263, 2498385.721944747492671 ], [ 645810.695649125031196, 2498385.917444899212569 ], [ 645811.011690272251144, 2498386.080033188685775 ], [ 645811.340860837255605, 2498386.208143800962716 ], [ 645811.67999072780367, 2498386.300542961340398 ], [ 645812.025813937536441, 2498386.356340815778822 ], [ 645812.375, 2498386.375 ], [ 645812.724186062463559, 2498386.356340815778822 ], [ 645813.07000927219633, 2498386.300542961340398 ], [ 645813.409139162744395, 2498386.208143800962716 ], [ 645813.738309727748856, 2498386.080033188685775 ], [ 645814.054350874968804, 2498385.917444899212569 ], [ 645814.354218955151737, 2498385.721944747492671 ], [ 645814.635026074829511, 2498385.495415506884456 ], [ 645814.894067907938734, 2498385.240038777235895 ], [ 645815.12884974014014, 2498384.958273976109922 ], [ 645815.337110493797809, 2498384.652834652923048 ], [ 645815.516844504280016, 2498384.326662355102599 ], [ 645815.666320834541693, 2498383.982898300513625 ], [ 645815.784099946031347, 2498383.624853124376386 ], [ 645815.869047561427578, 2498383.255974997766316 ], [ 645815.920345588820055, 2498382.879816418979317 ], [ 645815.9375, 2498382.5 ] ] ] } },
{ "type": "Feature", "properties": { "xmin": 37.197655, "ymin": 579.08582, "xmax": 68.690826, "ymax": 611.40076, "score": 0.31062898, "label": "Tree", "tile_idx": 4, "geo_xmin": 645632.94, "geo_ymin": 2498374.0, "geo_xmax": 645641.44, "geo_ymax": 2498382.8, "center_x": 645637.19, "center_y": 2498378.5, "width_m": 8.5, "height_m": 8.75, "crown_diameter_m": 8.624094, "lon": 88.416719882235213, "lat": 22.585960211666041, "crown_area_raw_m2": 58.41399, "crown_area_calibrated_m2": 70.096794, "agb_tree_kg": 127.94008081536369 }, "geometry": { "type": "Polygon", "coordinates": [ [ [ 645641.4375, 2498378.5 ], [ 645641.417035088408738, 2498378.071175010874867 ], [ 645641.355837441748008, 2498377.646479841321707 ], [ 645641.254496426903643, 2498377.230004536919296 ], [ 645641.113988013123162, 2498376.825759983621538 ], [ 645640.935665373457596, 2498376.437639276497066 ], [ 645640.721245852299035, 2498376.069380230735987 ], [ 645640.472794426837936, 2498375.724529381841421 ], [ 645640.192703820066527, 2498375.406407832168043 ], [ 645639.883671457646415, 2498375.118079266510904 ], [ 645639.548673490295187, 2498374.862320445943624 ], [ 645639.190936131519265, 2498374.641594468615949 ], [ 645638.813904587528668, 2498374.458027045242488 ], [ 645638.421209878288209, 2498374.313386030960828 ], [ 645638.016633868566714, 2498374.209064398426563 ], [ 645637.604072846355848, 2498374.146066820714623 ], [ 645637.1875, 2498374.125 ], [ 645636.770927153644152, 2498374.146066820714623 ], [ 645636.358366131433286, 2498374.209064398426563 ], [ 645635.953790121711791, 2498374.313386030960828 ], [ 645635.561095412471332, 2498374.458027045242488 ], [ 645635.184063868480735, 2498374.641594468615949 ], [ 645634.826326509704813, 2498374.862320445943624 ], [ 645634.491328542353585, 2498375.118079266510904 ], [ 645634.182296179933473, 2498375.406407832168043 ], [ 645633.902205573162064, 2498375.724529381841421 ], [ 645633.653754147700965, 2498376.069380230735987 ], [ 645633.439334626542404, 2498376.437639276497066 ], [ 645633.261011986876838, 2498376.825759983621538 ], [ 645633.120503573096357, 2498377.230004536919296 ], [ 645633.019162558251992, 2498377.646479841321707 ], [ 645632.957964911591262, 2498378.071175010874867 ], [ 645632.9375, 2498378.5 ], [ 645632.957964911591262, 2498378.928824989125133 ], [ 645633.019162558251992, 2498379.353520158678293 ], [ 645633.120503573096357, 2498379.769995463080704 ], [ 645633.261011986876838, 2498380.174240016378462 ], [ 645633.439334626542404, 2498380.562360723502934 ], [ 645633.653754147700965, 2498380.930619769264013 ], [ 645633.902205573162064, 2498381.275470618158579 ], [ 645634.182296179933473, 2498381.593592167831957 ], [ 645634.491328542353585, 2498381.881920733489096 ], [ 645634.826326509704813, 2498382.137679554056376 ], [ 645635.184063868480735, 2498382.358405531384051 ], [ 645635.561095412471332, 2498382.541972954757512 ], [ 645635.953790121711791, 2498382.686613969039172 ], [ 645636.358366131433286, 2498382.790935601573437 ], [ 645636.770927153644152, 2498382.853933179285377 ], [ 645637.1875, 2498382.875 ], [ 645637.604072846355848, 2498382.853933179285377 ], [ 645638.016633868566714, 2498382.790935601573437 ], [ 645638.421209878288209, 2498382.686613969039172 ], [ 645638.813904587528668, 2498382.541972954757512 ], [ 645639.190936131519265, 2498382.358405531384051 ], [ 645639.548673490295187, 2498382.137679554056376 ], [ 645639.883671457646415, 2498381.881920733489096 ], [ 645640.192703820066527, 2498381.593592167831957 ], [ 645640.472794426837936, 2498381.275470618158579 ], [ 645640.721245852299035, 2498380.930619769264013 ], [ 645640.935665373457596, 2498380.562360723502934 ], [ 645641.113988013123162, 2498380.174240016378462 ], [ 645641.254496426903643, 2498379.769995463080704 ], [ 645641.355837441748008, 2498379.353520158678293 ], [ 645641.417035088408738, 2498378.928824989125133 ], [ 645641.4375, 2498378.5 ] ] ] } },
{ "type": "Feature", "properties": { "xmin": 351.77515, "ymin": 199.00987, "xmax": 367.54785, "ymax": 214.98219, "score": 0.30665573, "label": "Tree", "tile_idx": 1, "geo_xmin": 645717.88, "geo_ymin": 2498481.0, "geo_xmax": 645722.12, "geo_ymax": 2498485.2, "center_x": 645720.0, "center_y": 2498483.0, "width_m": 4.25, "height_m": 4.25, "crown_diameter_m": 4.25, "lon": 88.417534930160429, "lat": 22.586896859548052, "crown_area_raw_m2": 14.186255, "crown_area_calibrated_m2": 17.023508, "agb_tree_kg": 23.34524294231452 }, "geometry": { "type": "Polygon", "coordinates": [ [ [ 645722.125, 2498483.0 ], [ 645722.114767544204369, 2498482.791713576763868 ], [ 645722.084168720874004, 2498482.585433065891266 ], [ 645722.033498213393614, 2498482.383145060855895 ], [ 645721.963244006619789, 2498482.186797706410289 ], [ 645721.874082686728798, 2498481.998281934298575 ], [ 645721.766872926149517, 2498481.819413254968822 ], [ 645721.642647213418968, 2498481.651914271060377 ], [ 645721.502601910033263, 2498481.497398090083152 ], [ 645721.348085728823207, 2498481.357352786697447 ], [ 645721.180586745147593, 2498481.233127073850483 ], [ 645721.001718065701425, 2498481.125917313154787 ], [ 645720.813202293822542, 2498481.036755993496627 ], [ 645720.616854939144105, 2498480.966501786373556 ], [ 645720.414566934341565, 2498480.915831279009581 ], [ 645720.208286423236132, 2498480.885232456028461 ], [ 645720.0, 2498480.875 ], [ 645719.791713576763868, 2498480.885232456028461 ], [ 645719.585433065658435, 2498480.915831279009581 ], [ 645719.383145060855895, 2498480.966501786373556 ], [ 645719.186797706177458, 2498481.036755993496627 ], [ 645718.998281934298575, 2498481.125917313154787 ], [ 645718.819413254852407, 2498481.233127073850483 ], [ 645718.651914271176793, 2498481.357352786697447 ], [ 645718.497398089966737, 2498481.497398090083152 ], [ 645718.357352786581032, 2498481.651914271060377 ], [ 645718.233127073850483, 2498481.819413254968822 ], [ 645718.125917313271202, 2498481.998281934298575 ], [ 645718.036755993380211, 2498482.186797706410289 ], [ 645717.966501786606386, 2498482.383145060855895 ], [ 645717.915831279125996, 2498482.585433065891266 ], [ 645717.885232455795631, 2498482.791713576763868 ], [ 645717.875, 2498483.0 ], [ 645717.885232455795631, 2498483.208286423236132 ], [ 645717.915831279125996, 2498483.414566934108734 ], [ 645717.966501786606386, 2498483.616854939144105 ], [ 645718.036755993380211, 2498483.813202293589711 ], [ 645718.125917313271202, 2498484.001718065701425 ], [ 645718.233127073850483, 2498484.180586745031178 ], [ 645718.357352786581032, 2498484.348085728939623 ], [ 645718.497398089966737, 2498484.502601909916848 ], [ 645718.651914271176793, 2498484.642647213302553 ], [ 645718.819413254852407, 2498484.766872926149517 ], [ 645718.998281934298575, 2498484.874082686845213 ], [ 645719.186797706177458, 2498484.963244006503373 ], [ 645719.383145060855895, 2498485.033498213626444 ], [ 645719.585433065658435, 2498485.084168720990419 ], [ 645719.791713576763868, 2498485.114767543971539 ], [ 645720.0, 2498485.125 ], [ 645720.208286423236132, 2498485.114767543971539 ], [ 645720.414566934341565, 2498485.084168720990419 ], [ 645720.616854939144105, 2498485.033498213626444 ], [ 645720.813202293822542, 2498484.963244006503373 ], [ 645721.001718065701425, 2498484.874082686845213 ], [ 645721.180586745147593, 2498484.766872926149517 ], [ 645721.348085728823207, 2498484.642647213302553 ], [ 645721.502601910033263, 2498484.502601909916848 ], [ 645721.642647213418968, 2498484.348085728939623 ], [ 645721.766872926149517, 2498484.180586745031178 ], [ 645721.874082686728798, 2498484.001718065701425 ], [ 645721.963244006619789, 2498483.813202293589711 ], [ 645722.033498213393614, 2498483.616854939144105 ], [ 645722.084168720874004, 2498483.414566934108734 ], [ 645722.114767544204369, 2498483.208286423236132 ], [ 645722.125, 2498483.0 ] ] ] } },
{ "type": "Feature", "properties": { "xmin": 713.19543, "ymin": 663.62598, "xmax": 720.0, "ymax": 685.34399, "score": 0.30645248, "label": "Tree", "tile_idx": 13, "geo_xmin": 645815.44, "geo_ymin": 2498354.0, "geo_xmax": 645817.25, "geo_ymax": 2498359.8, "center_x": 645816.38, "center_y": 2498357.0, "width_m": 1.8125, "height_m": 5.75, "crown_diameter_m": 3.2282929, "lon": 88.418460571942674, "lat": 22.585750661524603, "crown_area_raw_m2": 8.1853218, "crown_area_calibrated_m2": 9.8223867, "agb_tree_kg": 12.053754713244578 }, "geometry": { "type": "Polygon", "coordinates": [ [ [ 645817.28125, 2498357.0 ], [ 645817.276886158506386, 2498356.718200721777976 ], [ 645817.263836660422385, 2498356.439115324057639 ], [ 645817.242227179231122, 2498356.165431553032249 ], [ 645817.212265826296061, 2498355.899785132147372 ], [ 645817.174241145839915, 2498355.644734381698072 ], [ 645817.128519336110912, 2498355.402735580224544 ], [ 645817.075540723395534, 2498355.176119307987392 ], [ 645817.015815520426258, 2498354.967068003956228 ], [ 645816.949918913771398, 2498354.777594946790487 ], [ 645816.878485523629934, 2498354.609524864703417 ], [ 645816.802203292725608, 2498354.464476365130395 ], [ 645816.721806860528886, 2498354.34384634392336 ], [ 645816.638070488814265, 2498354.248796534724534 ], [ 645816.551800604327582, 2498354.180242318660021 ], [ 645816.463828033418395, 2498354.138843910768628 ], [ 645816.375, 2498354.125 ], [ 645816.286171966581605, 2498354.138843910768628 ], [ 645816.198199395672418, 2498354.180242318660021 ], [ 645816.111929511185735, 2498354.248796534724534 ], [ 645816.028193139471114, 2498354.34384634392336 ], [ 645815.947796707274392, 2498354.464476365130395 ], [ 645815.871514476370066, 2498354.609524864703417 ], [ 645815.800081086228602, 2498354.777594946790487 ], [ 645815.734184479573742, 2498354.967068003956228 ], [ 645815.674459276604466, 2498355.176119307987392 ], [ 645815.621480663889088, 2498355.402735580224544 ], [ 645815.575758854160085, 2498355.644734381698072 ], [ 645815.537734173703939, 2498355.899785132147372 ], [ 645815.507772820768878, 2498356.165431553032249 ], [ 645815.486163339577615, 2498356.439115324057639 ], [ 645815.473113841493614, 2498356.718200721777976 ], [ 645815.46875, 2498357.0 ], [ 645815.473113841493614, 2498357.281799278222024 ], [ 645815.486163339577615, 2498357.560884675942361 ], [ 645815.507772820768878, 2498357.834568446967751 ], [ 645815.537734173703939, 2498358.100214867852628 ], [ 645815.575758854160085, 2498358.355265618301928 ], [ 645815.621480663889088, 2498358.597264419775456 ], [ 645815.674459276604466, 2498358.823880692012608 ], [ 645815.734184479573742, 2498359.032931996043772 ], [ 645815.800081086228602, 2498359.222405053209513 ], [ 645815.871514476370066, 2498359.390475135296583 ], [ 645815.947796707274392, 2498359.535523634869605 ], [ 645816.028193139471114, 2498359.65615365607664 ], [ 645816.111929511185735, 2498359.751203465275466 ], [ 645816.198199395672418, 2498359.819757681339979 ], [ 645816.286171966581605, 2498359.861156089231372 ], [ 645816.375, 2498359.875 ], [ 645816.463828033418395, 2498359.861156089231372 ], [ 645816.551800604327582, 2498359.819757681339979 ], [ 645816.638070488814265, 2498359.751203465275466 ], [ 645816.721806860528886, 2498359.65615365607664 ], [ 645816.802203292725608, 2498359.535523634869605 ], [ 645816.878485523629934, 2498359.390475135296583 ], [ 645816.949918913771398, 2498359.222405053209513 ], [ 645817.015815520426258, 2498359.032931996043772 ], [ 645817.075540723395534, 2498358.823880692012608 ], [ 645817.128519336110912, 2498358.597264419775456 ], [ 645817.174241145839915, 2498358.355265618301928 ], [ 645817.212265826296061, 2498358.100214867852628 ], [ 645817.242227179231122, 2498357.834568446967751 ], [ 645817.263836660422385, 2498357.560884675942361 ], [ 645817.276886158506386, 2498357.281799278222024 ], [ 645817.28125, 2498357.0 ] ] ] } },
{ "type": "Feature", "properties": { "xmin": 711.3692, "ymin": 310.45273, "xmax": 719.98773, "ymax": 329.29221, "score": 0.30573061, "label": "Tree", "tile_idx": 1, "geo_xmin": 645814.94, "geo_ymin": 2498450.0, "geo_xmax": 645817.25, "geo_ymax": 2498455.2, "center_x": 645816.12, "center_y": 2498452.5, "width_m": 2.3125, "height_m": 5.25, "crown_diameter_m": 3.48434, "lon": 88.41846697366482, "lat": 22.586613156274783, "crown_area_raw_m2": 9.5352249, "crown_area_calibrated_m2": 11.44227, "agb_tree_kg": 14.481353052954855 }, "geometry": { "type": "Polygon", "coordinates": [ [ [ 645817.28125, 2498452.5 ], [ 645817.275682340259664, 2498452.242705006618053 ], [ 645817.259032980422489, 2498451.987887904513627 ], [ 645817.231462263152935, 2498451.738002722151577 ], [ 645817.193235709448345, 2498451.49545599007979 ], [ 645817.144721461925656, 2498451.26258356589824 ], [ 645817.08638673927635, 2498451.041628138162196 ], [ 645817.018793336697854, 2498450.83471762901172 ], [ 645816.942592215724289, 2498450.64384469948709 ], [ 645816.858517234795727, 2498450.470847560092807 ], [ 645816.767378081916831, 2498450.317392267752439 ], [ 645816.670052476925775, 2498450.184956680983305 ], [ 645816.567477718694136, 2498450.074816226959229 ], [ 645816.460641658050008, 2498449.988031618762761 ], [ 645816.35057318478357, 2498449.925438638776541 ], [ 645816.238332318491302, 2498449.887640092521906 ], [ 645816.125, 2498449.875 ], [ 645816.011667681508698, 2498449.887640092521906 ], [ 645815.89942681521643, 2498449.925438638776541 ], [ 645815.789358341949992, 2498449.988031618762761 ], [ 645815.682522281305864, 2498450.074816226959229 ], [ 645815.579947523074225, 2498450.184956680983305 ], [ 645815.482621918083169, 2498450.317392267752439 ], [ 645815.391482765204273, 2498450.470847560092807 ], [ 645815.307407784275711, 2498450.64384469948709 ], [ 645815.231206663302146, 2498450.83471762901172 ], [ 645815.16361326072365, 2498451.041628138162196 ], [ 645815.105278538074344, 2498451.26258356589824 ], [ 645815.056764290551655, 2498451.49545599007979 ], [ 645815.018537736847065, 2498451.738002722151577 ], [ 645814.990967019577511, 2498451.987887904513627 ], [ 645814.974317659740336, 2498452.242705006618053 ], [ 645814.96875, 2498452.5 ], [ 645814.974317659740336, 2498452.757294993381947 ], [ 645814.990967019577511, 2498453.012112095486373 ], [ 645815.018537736847065, 2498453.261997277848423 ], [ 645815.056764290551655, 2498453.50454400992021 ], [ 645815.105278538074344, 2498453.73741643410176 ], [ 645815.16361326072365, 2498453.958371861837804 ], [ 645815.231206663302146, 2498454.16528237098828 ], [ 645815.307407784275711, 2498454.35615530051291 ], [ 645815.391482765204273, 2498454.529152439907193 ], [ 645815.482621918083169, 2498454.682607732247561 ], [ 645815.579947523074225, 2498454.815043319016695 ], [ 645815.682522281305864, 2498454.925183773040771 ], [ 645815.789358341949992, 2498455.011968381237239 ], [ 645815.89942681521643, 2498455.074561361223459 ], [ 645816.011667681508698, 2498455.112359907478094 ], [ 645816.125, 2498455.125 ], [ 645816.238332318491302, 2498455.112359907478094 ], [ 645816.35057318478357, 2498455.074561361223459 ], [ 645816.460641658050008, 2498455.011968381237239 ], [ 645816.567477718694136, 2498454.925183773040771 ], [ 645816.670052476925775, 2498454.815043319016695 ], [ 645816.767378081916831, 2498454.682607732247561 ], [ 645816.858517234795727, 2498454.529152439907193 ], [ 645816.942592215724289, 2498454.35615530051291 ], [ 645817.018793336697854, 2498454.16528237098828 ], [ 645817.08638673927635, 2498453.958371861837804 ], [ 645817.144721461925656, 2498453.73741643410176 ], [ 645817.193235709448345, 2498453.50454400992021 ], [ 645817.231462263152935, 2498453.261997277848423 ], [ 645817.259032980422489, 2498453.012112095486373 ], [ 645817.275682340259664, 2498452.757294993381947 ], [ 645817.28125, 2498452.5 ] ] ] } },
{ "type": "Feature", "properties": { "xmin": 657.0, "ymin": 743.3208, "xmax": 665.15125, "ymax": 765.77258, "score": 0.30078483, "label": "Tree", "tile_idx": 15, "geo_xmin": 645800.25, "geo_ymin": 2498332.2, "geo_xmax": 645802.44, "geo_ymax": 2498338.2, "center_x": 645801.38, "center_y": 2498335.2, "width_m": 2.1875, "height_m": 6.0, "crown_diameter_m": 3.6228442, "lon": 88.418312679063064, "lat": 22.585555522592671, "crown_area_raw_m2": 10.308352, "crown_area_calibrated_m2": 12.370023, "agb_tree_kg": 15.904015578744263 }, "geometry": { "type": "Polygon", "coordinates": [ [ [ 645802.46875, 2498335.25 ], [ 645802.463483294821344, 2498334.955948579125106 ], [ 645802.447733900393359, 2498334.664729034062475 ], [ 645802.421653492259793, 2498334.379145968239754 ], [ 645802.385493238689378, 2498334.101949702948332 ], [ 645802.339601382846013, 2498333.835809789597988 ], [ 645802.284419888514094, 2498333.583289301022887 ], [ 645802.220480183372274, 2498333.346820147708058 ], [ 645802.148398041957989, 2498333.128679656423628 ], [ 645802.068867654539645, 2498332.930968639906496 ], [ 645801.982654942316003, 2498332.755591162946075 ], [ 645801.890590180875733, 2498332.604236206971109 ], [ 645801.793560004094616, 2498332.478361402638257 ], [ 645801.692498865770176, 2498332.37917899293825 ], [ 645801.588380039669573, 2498332.307644158601761 ], [ 645801.482206247281283, 2498332.264445819891989 ], [ 645801.375, 2498332.25 ], [ 645801.267793752718717, 2498332.264445819891989 ], [ 645801.161619960330427, 2498332.307644158601761 ], [ 645801.057501134229824, 2498332.37917899293825 ], [ 645800.956439995905384, 2498332.478361402638257 ], [ 645800.859409819124267, 2498332.604236206971109 ], [ 645800.767345057683997, 2498332.755591162946075 ], [ 645800.681132345460355, 2498332.930968639906496 ], [ 645800.601601958042011, 2498333.128679656423628 ], [ 645800.529519816627726, 2498333.346820147708058 ], [ 645800.465580111485906, 2498333.583289301022887 ], [ 645800.410398617153987, 2498333.835809789597988 ], [ 645800.364506761310622, 2498334.101949702948332 ], [ 645800.328346507740207, 2498334.379145968239754 ], [ 645800.302266099606641, 2498334.664729034062475 ], [ 645800.286516705178656, 2498334.955948579125106 ], [ 645800.28125, 2498335.25 ], [ 645800.286516705178656, 2498335.544051420874894 ], [ 645800.302266099606641, 2498335.835270965937525 ], [ 645800.328346507740207, 2498336.120854031760246 ], [ 645800.364506761310622, 2498336.398050297051668 ], [ 645800.410398617153987, 2498336.664190210402012 ], [ 645800.465580111485906, 2498336.916710698977113 ], [ 645800.529519816627726, 2498337.153179852291942 ], [ 645800.601601958042011, 2498337.371320343576372 ], [ 645800.681132345460355, 2498337.569031360093504 ], [ 645800.767345057683997, 2498337.744408837053925 ], [ 645800.859409819124267, 2498337.895763793028891 ], [ 645800.956439995905384, 2498338.021638597361743 ], [ 645801.057501134229824, 2498338.12082100706175 ], [ 645801.161619960330427, 2498338.192355841398239 ], [ 645801.267793752718717, 2498338.235554180108011 ], [ 645801.375, 2498338.25 ], [ 645801.482206247281283, 2498338.235554180108011 ], [ 645801.588380039669573, 2498338.192355841398239 ], [ 645801.692498865770176, 2498338.12082100706175 ], [ 645801.793560004094616, 2498338.021638597361743 ], [ 645801.890590180875733, 2498337.895763793028891 ], [ 645801.982654942316003, 2498337.744408837053925 ], [ 645802.068867654539645, 2498337.569031360093504 ], [ 645802.148398041957989, 2498337.371320343576372 ], [ 645802.220480183372274, 2498337.153179852291942 ], [ 645802.284419888514094, 2498336.916710698977113 ], [ 645802.339601382846013, 2498336.664190210402012 ], [ 645802.385493238689378, 2498336.398050297051668 ], [ 645802.421653492259793, 2498336.120854031760246 ], [ 645802.447733900393359, 2498335.835270965937525 ], [ 645802.463483294821344, 2498335.544051420874894 ], [ 645802.46875, 2498335.25 ] ] ] } },
{ "type": "Feature", "properties": { "xmin": 265.44904, "ymin": 577.06628, "xmax": 280.81982, "ymax": 592.85999, "score": 0.2991859, "label": "Tree", "tile_idx": 4, "geo_xmin": 645694.56, "geo_ymin": 2498379.0, "geo_xmax": 645698.69, "geo_ymax": 2498383.2, "center_x": 645696.62, "center_y": 2498381.0, "width_m": 4.125, "height_m": 4.25, "crown_diameter_m": 4.1870337, "lon": 88.417298169612096, "lat": 22.585977689723471, "crown_area_raw_m2": 13.769012, "crown_area_calibrated_m2": 16.522816, "agb_tree_kg": 22.522392331615986 }, "geometry": { "type": "Polygon", "coordinates": [ [ [ 645698.6875, 2498381.0 ], [ 645698.67756849876605, 2498380.791713576763868 ], [ 645698.647869640844874, 2498380.585433065891266 ], [ 645698.598689442500472, 2498380.383145060855895 ], [ 645698.530501535860822, 2498380.186797706410289 ], [ 645698.44396260776557, 2498379.998281934298575 ], [ 645698.339906075387262, 2498379.819413254968822 ], [ 645698.219334060093388, 2498379.651914271060377 ], [ 645698.083407736150548, 2498379.497398090083152 ], [ 645697.933436148567125, 2498379.357352786697447 ], [ 645697.770863605546765, 2498379.233127073850483 ], [ 645697.597255769651383, 2498379.125917313154787 ], [ 645697.414284579223022, 2498379.036755993496627 ], [ 645697.223712146864273, 2498378.966501786373556 ], [ 645697.027373789111152, 2498378.915831279009581 ], [ 645696.827160351909697, 2498378.885232456028461 ], [ 645696.625, 2498378.875 ], [ 645696.422839648090303, 2498378.885232456028461 ], [ 645696.222626210888848, 2498378.915831279009581 ], [ 645696.026287853135727, 2498378.966501786373556 ], [ 645695.835715420776978, 2498379.036755993496627 ], [ 645695.652744230348617, 2498379.125917313154787 ], [ 645695.479136394453235, 2498379.233127073850483 ], [ 645695.316563851432875, 2498379.357352786697447 ], [ 645695.166592263849452, 2498379.497398090083152 ], [ 645695.030665939906612, 2498379.651914271060377 ], [ 645694.910093924612738, 2498379.819413254968822 ], [ 645694.80603739223443, 2498379.998281934298575 ], [ 645694.719498464139178, 2498380.186797706410289 ], [ 645694.651310557499528, 2498380.383145060855895 ], [ 645694.602130359155126, 2498380.585433065891266 ], [ 645694.57243150123395, 2498380.791713576763868 ], [ 645694.5625, 2498381.0 ], [ 645694.57243150123395, 2498381.208286423236132 ], [ 645694.602130359155126, 2498381.414566934108734 ], [ 645694.651310557499528, 2498381.616854939144105 ], [ 645694.719498464139178, 2498381.813202293589711 ], [ 645694.80603739223443, 2498382.001718065701425 ], [ 645694.910093924612738, 2498382.180586745031178 ], [ 645695.030665939906612, 2498382.348085728939623 ], [ 645695.166592263849452, 2498382.502601909916848 ], [ 645695.316563851432875, 2498382.642647213302553 ], [ 645695.479136394453235, 2498382.766872926149517 ], [ 645695.652744230348617, 2498382.874082686845213 ], [ 645695.835715420776978, 2498382.963244006503373 ], [ 645696.026287853135727, 2498383.033498213626444 ], [ 645696.222626210888848, 2498383.084168720990419 ], [ 645696.422839648090303, 2498383.114767543971539 ], [ 645696.625, 2498383.125 ], [ 645696.827160351909697, 2498383.114767543971539 ], [ 645697.027373789111152, 2498383.084168720990419 ], [ 645697.223712146864273, 2498383.033498213626444 ], [ 645697.414284579223022, 2498382.963244006503373 ], [ 645697.597255769651383, 2498382.874082686845213 ], [ 645697.770863605546765, 2498382.766872926149517 ], [ 645697.933436148567125, 2498382.642647213302553 ], [ 645698.083407736150548, 2498382.502601909916848 ], [ 645698.219334060093388, 2498382.348085728939623 ], [ 645698.339906075387262, 2498382.180586745031178 ], [ 645698.44396260776557, 2498382.001718065701425 ], [ 645698.530501535860822, 2498381.813202293589711 ], [ 645698.598689442500472, 2498381.616854939144105 ], [ 645698.647869640844874, 2498381.414566934108734 ], [ 645698.67756849876605, 2498381.208286423236132 ], [ 645698.6875, 2498381.0 ] ] ] } },
{ "type": "Feature", "properties": { "xmin": 99.954391, "ymin": 94.845604, "xmax": 115.81569, "ymax": 112.50817, "score": 0.29487625, "label": "Tree", "tile_idx": 0, "geo_xmin": 645649.88, "geo_ymin": 2498508.5, "geo_xmax": 645654.12, "geo_ymax": 2498513.5, "center_x": 645652.0, "center_y": 2498511.0, "width_m": 4.25, "height_m": 5.0, "crown_diameter_m": 4.6097722, "lon": 88.416876182243442, "lat": 22.587155566935355, "crown_area_raw_m2": 16.689713, "crown_area_calibrated_m2": 20.027657, "agb_tree_kg": 28.38159796260026 }, "geometry": { "type": "Polygon", "coordinates": [ [ [ 645654.125, 2498511.0 ], [ 645654.114767544204369, 2498510.754957149270922 ], [ 645654.084168720874004, 2498510.512274194974452 ], [ 645654.033498213393614, 2498510.274288306944072 ], [ 645653.963244006619789, 2498510.04329141927883 ], [ 645653.874082686728798, 2498509.821508157998323 ], [ 645653.766872926149517, 2498509.611074417363852 ], [ 645653.642647213418968, 2498509.414016789756715 ], [ 645653.502601910033263, 2498509.23223304701969 ], [ 645653.348085728823207, 2498509.067473866511136 ], [ 645653.180586745147593, 2498508.921325969044119 ], [ 645653.001718065701425, 2498508.795196839142591 ], [ 645652.813202293822542, 2498508.690301168709993 ], [ 645652.616854939144105, 2498508.607649160549045 ], [ 645652.414566934341565, 2498508.548036798834801 ], [ 645652.208286423236132, 2498508.512038183398545 ], [ 645652.0, 2498508.5 ], [ 645651.791713576763868, 2498508.512038183398545 ], [ 645651.585433065658435, 2498508.548036798834801 ], [ 645651.383145060855895, 2498508.607649160549045 ], [ 645651.186797706177458, 2498508.690301168709993 ], [ 645650.998281934298575, 2498508.795196839142591 ], [ 645650.819413254852407, 2498508.921325969044119 ], [ 645650.651914271176793, 2498509.067473866511136 ], [ 645650.497398089966737, 2498509.23223304701969 ], [ 645650.357352786581032, 2498509.414016789756715 ], [ 645650.233127073850483, 2498509.611074417363852 ], [ 645650.125917313271202, 2498509.821508157998323 ], [ 645650.036755993380211, 2498510.04329141927883 ], [ 645649.966501786606386, 2498510.274288306944072 ], [ 645649.915831279125996, 2498510.512274194974452 ], [ 645649.885232455795631, 2498510.754957149270922 ], [ 645649.875, 2498511.0 ], [ 645649.885232455795631, 2498511.245042850729078 ], [ 645649.915831279125996, 2498511.487725805025548 ], [ 645649.966501786606386, 2498511.725711693055928 ], [ 645650.036755993380211, 2498511.95670858072117 ], [ 645650.125917313271202, 2498512.178491842001677 ], [ 645650.233127073850483, 2498512.388925582636148 ], [ 645650.357352786581032, 2498512.585983210243285 ], [ 645650.497398089966737, 2498512.76776695298031 ], [ 645650.651914271176793, 2498512.932526133488864 ], [ 645650.819413254852407, 2498513.078674030955881 ], [ 645650.998281934298575, 2498513.204803160857409 ], [ 645651.186797706177458, 2498513.309698831290007 ], [ 645651.383145060855895, 2498513.392350839450955 ], [ 645651.585433065658435, 2498513.451963201165199 ], [ 645651.791713576763868, 2498513.487961816601455 ], [ 645652.0, 2498513.5 ], [ 645652.208286423236132, 2498513.487961816601455 ], [ 645652.414566934341565, 2498513.451963201165199 ], [ 645652.616854939144105, 2498513.392350839450955 ], [ 645652.813202293822542, 2498513.309698831290007 ], [ 645653.001718065701425, 2498513.204803160857409 ], [ 645653.180586745147593, 2498513.078674030955881 ], [ 645653.348085728823207, 2498512.932526133488864 ], [ 645653.502601910033263, 2498512.76776695298031 ], [ 645653.642647213418968, 2498512.585983210243285 ], [ 645653.766872926149517, 2498512.388925582636148 ], [ 645653.874082686728798, 2498512.178491842001677 ], [ 645653.963244006619789, 2498511.95670858072117 ], [ 645654.033498213393614, 2498511.725711693055928 ], [ 645654.084168720874004, 2498511.487725805025548 ], [ 645654.114767544204369, 2498511.245042850729078 ], [ 645654.125, 2498511.0 ] ] ] } },
{ "type": "Feature", "properties": { "xmin": 427.86011, "ymin": 695.10272, "xmax": 446.93661, "ymax": 713.04968, "score": 0.29319128, "label": "Tree", "tile_idx": 13, "geo_xmin": 645738.38, "geo_ymin": 2498346.5, "geo_xmax": 645743.56, "geo_ymax": 2498351.2, "center_x": 645741.0, "center_y": 2498349.0, "width_m": 5.1875, "height_m": 4.75, "crown_diameter_m": 4.9639325, "lon": 88.417726778152783, "lat": 22.585684884563804, "crown_area_raw_m2": 19.352703, "crown_area_calibrated_m2": 23.223244, "agb_tree_kg": 33.909141756908433 }, "geometry": { "type": "Polygon", "coordinates": [ [ [ 645743.59375, 2498349.0 ], [ 645743.581260384758934, 2498348.767209291923791 ], [ 645743.543911821092479, 2498348.536660485435277 ], [ 645743.482063995790668, 2498348.310573891736567 ], [ 645743.396312537486665, 2498348.091126848012209 ], [ 645743.287483279360458, 2498347.880432750098407 ], [ 645743.156624306924641, 2498347.680520696565509 ], [ 645743.004995863419026, 2498347.493315950036049 ], [ 645742.834058213746175, 2498347.32062139455229 ], [ 645742.645457580802031, 2498347.164100173395127 ], [ 645742.441010291920975, 2498347.025259670801461 ], [ 645742.222685286193155, 2498346.905436997301877 ], [ 645741.992585152736865, 2498346.805786110460758 ], [ 645741.752925881650299, 2498346.727266702800989 ], [ 645741.506015522754751, 2498346.670634958893061 ], [ 645741.25423195771873, 2498346.636436274275184 ], [ 645741.0, 2498346.625 ], [ 645740.74576804228127, 2498346.636436274275184 ], [ 645740.493984477245249, 2498346.670634958893061 ], [ 645740.247074118349701, 2498346.727266702800989 ], [ 645740.007414847263135, 2498346.805786110460758 ], [ 645739.777314713806845, 2498346.905436997301877 ], [ 645739.558989708079025, 2498347.025259670801461 ], [ 645739.354542419197969, 2498347.164100173395127 ], [ 645739.165941786253825, 2498347.32062139455229 ], [ 645738.995004136580974, 2498347.493315950036049 ], [ 645738.843375693075359, 2498347.680520696565509 ], [ 645738.712516720639542, 2498347.880432750098407 ], [ 645738.603687462513335, 2498348.091126848012209 ], [ 645738.517936004209332, 2498348.310573891736567 ], [ 645738.456088178907521, 2498348.536660485435277 ], [ 645738.418739615241066, 2498348.767209291923791 ], [ 645738.40625, 2498349.0 ], [ 645738.418739615241066, 2498349.232790708076209 ], [ 645738.456088178907521, 2498349.463339514564723 ], [ 645738.517936004209332, 2498349.689426108263433 ], [ 645738.603687462513335, 2498349.908873151987791 ], [ 645738.712516720639542, 2498350.119567249901593 ], [ 645738.843375693075359, 2498350.319479303434491 ], [ 645738.995004136580974, 2498350.506684049963951 ], [ 645739.165941786253825, 2498350.67937860544771 ], [ 645739.354542419197969, 2498350.835899826604873 ], [ 645739.558989708079025, 2498350.974740329198539 ], [ 645739.777314713806845, 2498351.094563002698123 ], [ 645740.007414847263135, 2498351.194213889539242 ], [ 645740.247074118349701, 2498351.272733297199011 ], [ 645740.493984477245249, 2498351.329365041106939 ], [ 645740.74576804228127, 2498351.363563725724816 ], [ 645741.0, 2498351.375 ], [ 645741.25423195771873, 2498351.363563725724816 ], [ 645741.506015522754751, 2498351.329365041106939 ], [ 645741.752925881650299, 2498351.272733297199011 ], [ 645741.992585152736865, 2498351.194213889539242 ], [ 645742.222685286193155, 2498351.094563002698123 ], [ 645742.441010291920975, 2498350.974740329198539 ], [ 645742.645457580802031, 2498350.835899826604873 ], [ 645742.834058213746175, 2498350.67937860544771 ], [ 645743.004995863419026, 2498350.506684049963951 ], [ 645743.156624306924641, 2498350.319479303434491 ], [ 645743.287483279360458, 2498350.119567249901593 ], [ 645743.396312537486665, 2498349.908873151987791 ], [ 645743.482063995790668, 2498349.689426108263433 ], [ 645743.543911821092479, 2498349.463339514564723 ], [ 645743.581260384758934, 2498349.232790708076209 ], [ 645743.59375, 2498349.0 ] ] ] } },
{ "type": "Feature", "properties": { "xmin": 212.0213, "ymin": 675.21057, "xmax": 227.03925, "ymax": 691.24799, "score": 0.29158467, "label": "Tree", "tile_idx": 12, "geo_xmin": 645680.12, "geo_ymin": 2498352.2, "geo_xmax": 645684.19, "geo_ymax": 2498356.8, "center_x": 645682.12, "center_y": 2498354.5, "width_m": 4.0625, "height_m": 4.5, "crown_diameter_m": 4.2756577, "lon": 88.417154701835685, "lat": 22.585739608838022, "crown_area_raw_m2": 14.35806, "crown_area_calibrated_m2": 17.229673, "agb_tree_kg": 23.685493643831251 }, "geometry": { "type": "Polygon", "coordinates": [ [ [ 645684.15625, 2498354.5 ], [ 645684.14646897604689, 2498354.279461434110999 ], [ 645684.117220100830309, 2498354.061046775430441 ], [ 645684.068785056937486, 2498353.846859476063401 ], [ 645684.00163030042313, 2498353.638962277211249 ], [ 645683.916402568225749, 2498353.439357342198491 ], [ 645683.813922649947926, 2498353.249966975767165 ], [ 645683.69517748337239, 2498353.072615110781044 ], [ 645683.561310649267398, 2498352.909009742550552 ], [ 645683.413611358497292, 2498352.760726479813457 ], [ 645683.253502035862766, 2498352.629193372093141 ], [ 645683.082524621626362, 2498352.515677154995501 ], [ 645682.902325722039677, 2498352.421271051745862 ], [ 645682.714640750666149, 2498352.346884244587272 ], [ 645682.521277216612361, 2498352.293233118951321 ], [ 645682.32409731624648, 2498352.260834365151823 ], [ 645682.125, 2498352.25 ], [ 645681.92590268375352, 2498352.260834365151823 ], [ 645681.728722783387639, 2498352.293233118951321 ], [ 645681.535359249333851, 2498352.346884244587272 ], [ 645681.347674277960323, 2498352.421271051745862 ], [ 645681.167475378373638, 2498352.515677154995501 ], [ 645680.996497964137234, 2498352.629193372093141 ], [ 645680.836388641502708, 2498352.760726479813457 ], [ 645680.688689350732602, 2498352.909009742550552 ], [ 645680.55482251662761, 2498353.072615110781044 ], [ 645680.436077350052074, 2498353.249966975767165 ], [ 645680.333597431774251, 2498353.439357342198491 ], [ 645680.24836969957687, 2498353.638962277211249 ], [ 645680.181214943062514, 2498353.846859476063401 ], [ 645680.132779899169691, 2498354.061046775430441 ], [ 645680.10353102395311, 2498354.279461434110999 ], [ 645680.09375, 2498354.5 ], [ 645680.10353102395311, 2498354.720538565889001 ], [ 645680.132779899169691, 2498354.938953224569559 ], [ 645680.181214943062514, 2498355.153140523936599 ], [ 645680.24836969957687, 2498355.361037722788751 ], [ 645680.333597431774251, 2498355.560642657801509 ], [ 645680.436077350052074, 2498355.750033024232835 ], [ 645680.55482251662761, 2498355.927384889218956 ], [ 645680.688689350732602, 2498356.090990257449448 ], [ 645680.836388641502708, 2498356.239273520186543 ], [ 645680.996497964137234, 2498356.370806627906859 ], [ 645681.167475378373638, 2498356.484322845004499 ], [ 645681.347674277960323, 2498356.578728948254138 ], [ 645681.535359249333851, 2498356.653115755412728 ], [ 645681.728722783387639, 2498356.706766881048679 ], [ 645681.92590268375352, 2498356.739165634848177 ], [ 645682.125, 2498356.75 ], [ 645682.32409731624648, 2498356.739165634848177 ], [ 645682.521277216612361, 2498356.706766881048679 ], [ 645682.714640750666149, 2498356.653115755412728 ], [ 645682.902325722039677, 2498356.578728948254138 ], [ 645683.082524621626362, 2498356.484322845004499 ], [ 645683.253502035862766, 2498356.370806627906859 ], [ 645683.413611358497292, 2498356.239273520186543 ], [ 645683.561310649267398, 2498356.090990257449448 ], [ 645683.69517748337239, 2498355.927384889218956 ], [ 645683.813922649947926, 2498355.750033024232835 ], [ 645683.916402568225749, 2498355.560642657801509 ], [ 645684.00163030042313, 2498355.361037722788751 ], [ 645684.068785056937486, 2498355.153140523936599 ], [ 645684.117220100830309, 2498354.938953224569559 ], [ 645684.14646897604689, 2498354.720538565889001 ], [ 645684.15625, 2498354.5 ] ] ] } },
{ "type": "Feature", "properties": { "xmin": 828.78351, "ymin": 59.455055, "xmax": 852.1452, "ymax": 81.99575, "score": 0.29108408, "label": "Tree", "tile_idx": 2, "geo_xmin": 645846.62, "geo_ymin": 2498516.8, "geo_xmax": 645852.94, "geo_ymax": 2498523.0, "center_x": 645849.75, "center_y": 2498520.0, "width_m": 6.3125, "height_m": 6.25, "crown_diameter_m": 6.2811723, "lon": 88.418800238152784, "lat": 22.58721986922821, "crown_area_raw_m2": 30.986414, "crown_area_calibrated_m2": 37.183697, "agb_tree_kg": 59.709201724520518 }, "geometry": { "type": "Polygon", "coordinates": [ [ [ 645852.90625, 2498520.0 ], [ 645852.891051793587394, 2498519.693696436472237 ], [ 645852.845603541238233, 2498519.39034274360165 ], [ 645852.77034293464385, 2498519.09286038344726 ], [ 645852.665994774433784, 2498518.804114273749292 ], [ 645852.533563990611583, 2498518.526885197497904 ], [ 645852.374325963784941, 2498518.263843021821231 ], [ 645852.189814243465662, 2498518.017520986963063 ], [ 645851.981805778108537, 2498517.790291308891028 ], [ 645851.75230380310677, 2498517.584342333022505 ], [ 645851.503518547979183, 2498517.401657461654395 ], [ 645851.237845950643532, 2498517.243996048811823 ], [ 645850.957844583434053, 2498517.112876460887492 ], [ 645850.666211012634449, 2498517.009561450686306 ], [ 645850.365753828897141, 2498516.935045998543501 ], [ 645850.05936659919098, 2498516.89004772901535 ], [ 645849.75, 2498516.875 ], [ 645849.44063340080902, 2498516.89004772901535 ], [ 645849.134246171102859, 2498516.935045998543501 ], [ 645848.833788987365551, 2498517.009561450686306 ], [ 645848.542155416565947, 2498517.112876460887492 ], [ 645848.262154049356468, 2498517.243996048811823 ], [ 645847.996481452020817, 2498517.401657461654395 ], [ 645847.74769619689323, 2498517.584342333022505 ], [ 645847.518194221891463, 2498517.790291308891028 ], [ 645847.310185756534338, 2498518.017520986963063 ], [ 645847.125674036215059, 2498518.263843021821231 ], [ 645846.966436009388417, 2498518.526885197497904 ], [ 645846.834005225566216, 2498518.804114273749292 ], [ 645846.72965706535615, 2498519.09286038344726 ], [ 645846.654396458761767, 2498519.39034274360165 ], [ 645846.608948206412606, 2498519.693696436472237 ], [ 645846.59375, 2498520.0 ], [ 645846.608948206412606, 2498520.306303563527763 ], [ 645846.654396458761767, 2498520.60965725639835 ], [ 645846.72965706535615, 2498520.90713961655274 ], [ 645846.834005225566216, 2498521.195885726250708 ], [ 645846.966436009388417, 2498521.473114802502096 ], [ 645847.125674036215059, 2498521.736156978178769 ], [ 645847.310185756534338, 2498521.982479013036937 ], [ 645847.518194221891463, 2498522.209708691108972 ], [ 645847.74769619689323, 2498522.415657666977495 ], [ 645847.996481452020817, 2498522.598342538345605 ], [ 645848.262154049356468, 2498522.756003951188177 ], [ 645848.542155416565947, 2498522.887123539112508 ], [ 645848.833788987365551, 2498522.990438549313694 ], [ 645849.134246171102859, 2498523.064954001456499 ], [ 645849.44063340080902, 2498523.10995227098465 ], [ 645849.75, 2498523.125 ], [ 645850.05936659919098, 2498523.10995227098465 ], [ 645850.365753828897141, 2498523.064954001456499 ], [ 645850.666211012634449, 2498522.990438549313694 ], [ 645850.957844583434053, 2498522.887123539112508 ], [ 645851.237845950643532, 2498522.756003951188177 ], [ 645851.503518547979183, 2498522.598342538345605 ], [ 645851.75230380310677, 2498522.415657666977495 ], [ 645851.981805778108537, 2498522.209708691108972 ], [ 645852.189814243465662, 2498521.982479013036937 ], [ 645852.374325963784941, 2498521.736156978178769 ], [ 645852.533563990611583, 2498521.473114802502096 ], [ 645852.665994774433784, 2498521.195885726250708 ], [ 645852.77034293464385, 2498520.90713961655274 ], [ 645852.845603541238233, 2498520.60965725639835 ], [ 645852.891051793587394, 2498520.306303563527763 ], [ 645852.90625, 2498520.0 ] ] ] } },
{ "type": "Feature", "properties": { "xmin": 842.13824, "ymin": 528.61694, "xmax": 862.80103, "ymax": 549.53735, "score": 0.29058123, "label": "Tree", "tile_idx": 7, "geo_xmin": 645850.25, "geo_ymin": 2498390.5, "geo_xmax": 645855.81, "geo_ymax": 2498396.2, "center_x": 645853.0, "center_y": 2498393.5, "width_m": 5.5625, "height_m": 5.75, "crown_diameter_m": 5.6554732, "lon": 88.418820142496131, "lat": 22.586077151825627, "crown_area_raw_m2": 25.12047, "crown_area_calibrated_m2": 30.144566, "agb_tree_kg": 46.396665433917157 }, "geometry": { "type": "Polygon", "coordinates": [ [ [ 645855.78125, 2498393.5 ], [ 645855.767857521073893, 2498393.218200721777976 ], [ 645855.727809061063454, 2498392.939115324057639 ], [ 645855.661490308702923, 2498392.665431553032249 ], [ 645855.569539949763566, 2498392.399785132147372 ], [ 645855.452843516482972, 2498392.144734381698072 ], [ 645855.312524859211408, 2498391.902735580224544 ], [ 645855.149935323395766, 2498391.676119307987392 ], [ 645854.966640735161491, 2498391.467068003956228 ], [ 645854.764406321570277, 2498391.277594946790487 ], [ 645854.545179710607044, 2498391.109524864703417 ], [ 645854.31107217434328, 2498390.964476365130395 ], [ 645854.064338296302594, 2498390.84384634392336 ], [ 645853.80735425860621, 2498390.748796534724534 ], [ 645853.542594958096743, 2498390.680242318660021 ], [ 645853.272610171581618, 2498390.638843910768628 ], [ 645853.0, 2498390.625 ], [ 645852.727389828418382, 2498390.638843910768628 ], [ 645852.457405041903257, 2498390.680242318660021 ], [ 645852.19264574139379, 2498390.748796534724534 ], [ 645851.935661703697406, 2498390.84384634392336 ], [ 645851.68892782565672, 2498390.964476365130395 ], [ 645851.454820289392956, 2498391.109524864703417 ], [ 645851.235593678429723, 2498391.277594946790487 ], [ 645851.033359264838509, 2498391.467068003956228 ], [ 645850.850064676604234, 2498391.676119307987392 ], [ 645850.687475140788592, 2498391.902735580224544 ], [ 645850.547156483517028, 2498392.144734381698072 ], [ 645850.430460050236434, 2498392.399785132147372 ], [ 645850.338509691297077, 2498392.665431553032249 ], [ 645850.272190938936546, 2498392.939115324057639 ], [ 645850.232142478926107, 2498393.218200721777976 ], [ 645850.21875, 2498393.5 ], [ 645850.232142478926107, 2498393.781799278222024 ], [ 645850.272190938936546, 2498394.060884675942361 ], [ 645850.338509691297077, 2498394.334568446967751 ], [ 645850.430460050236434, 2498394.600214867852628 ], [ 645850.547156483517028, 2498394.855265618301928 ], [ 645850.687475140788592, 2498395.097264419775456 ], [ 645850.850064676604234, 2498395.323880692012608 ], [ 645851.033359264838509, 2498395.532931996043772 ], [ 645851.235593678429723, 2498395.722405053209513 ], [ 645851.454820289392956, 2498395.890475135296583 ], [ 645851.68892782565672, 2498396.035523634869605 ], [ 645851.935661703697406, 2498396.15615365607664 ], [ 645852.19264574139379, 2498396.251203465275466 ], [ 645852.457405041903257, 2498396.319757681339979 ], [ 645852.727389828418382, 2498396.361156089231372 ], [ 645853.0, 2498396.375 ], [ 645853.272610171581618, 2498396.361156089231372 ], [ 645853.542594958096743, 2498396.319757681339979 ], [ 645853.80735425860621, 2498396.251203465275466 ], [ 645854.064338296302594, 2498396.15615365607664 ], [ 645854.31107217434328, 2498396.035523634869605 ], [ 645854.545179710607044, 2498395.890475135296583 ], [ 645854.764406321570277, 2498395.722405053209513 ], [ 645854.966640735161491, 2498395.532931996043772 ], [ 645855.149935323395766, 2498395.323880692012608 ], [ 645855.312524859211408, 2498395.097264419775456 ], [ 645855.452843516482972, 2498394.855265618301928 ], [ 645855.569539949763566, 2498394.600214867852628 ], [ 645855.661490308702923, 2498394.334568446967751 ], [ 645855.727809061063454, 2498394.060884675942361 ], [ 645855.767857521073893, 2498393.781799278222024 ], [ 645855.78125, 2498393.5 ] ] ] } },
{ "type": "Feature", "properties": { "xmin": 856.27728, "ymin": 397.19128, "xmax": 887.49316, "ymax": 429.09229, "score": 0.28865191, "label": "Tree", "tile_idx": 6, "geo_xmin": 645854.06, "geo_ymin": 2498423.2, "geo_xmax": 645862.5, "geo_ymax": 2498431.8, "center_x": 645858.25, "center_y": 2498427.5, "width_m": 8.4375, "height_m": 8.5, "crown_diameter_m": 8.4686928, "lon": 88.418874346781124, "lat": 22.586383759277791, "crown_area_raw_m2": 56.327778, "crown_area_calibrated_m2": 67.593338, "agb_tree_kg": 122.46781882469146 }, "geometry": { "type": "Polygon", "coordinates": [ [ [ 645862.46875, 2498427.5 ], [ 645862.448435565689579, 2498427.083427153527737 ], [ 645862.387687901733443, 2498426.67086613131687 ], [ 645862.287092041340657, 2498426.266290121711791 ], [ 645862.147616777801886, 2498425.873595412354916 ], [ 645861.970605333917774, 2498425.49656386859715 ], [ 645861.757762426859699, 2498425.138826509471983 ], [ 645861.511137850116938, 2498424.803828542120755 ], [ 645861.233106733183376, 2498424.494796180166304 ], [ 645860.926346667576581, 2498424.214705573394895 ], [ 645860.593811920494772, 2498423.966254147700965 ], [ 645860.238704983494245, 2498423.751834626309574 ], [ 645859.864445730345324, 2498423.573511986993253 ], [ 645859.474638482206501, 2498423.433003573212773 ], [ 645859.073037295951508, 2498423.331662558484823 ], [ 645858.663509810809046, 2498423.270464911591262 ], [ 645858.25, 2498423.25 ], [ 645857.836490189190954, 2498423.270464911591262 ], [ 645857.426962704048492, 2498423.331662558484823 ], [ 645857.025361517793499, 2498423.433003573212773 ], [ 645856.635554269654676, 2498423.573511986993253 ], [ 645856.261295016505755, 2498423.751834626309574 ], [ 645855.906188079505228, 2498423.966254147700965 ], [ 645855.573653332423419, 2498424.214705573394895 ], [ 645855.266893266816624, 2498424.494796180166304 ], [ 645854.988862149883062, 2498424.803828542120755 ], [ 645854.742237573140301, 2498425.138826509471983 ], [ 645854.529394666082226, 2498425.49656386859715 ], [ 645854.352383222198114, 2498425.873595412354916 ], [ 645854.212907958659343, 2498426.266290121711791 ], [ 645854.112312098266557, 2498426.67086613131687 ], [ 645854.051564434310421, 2498427.083427153527737 ], [ 645854.03125, 2498427.5 ], [ 645854.051564434310421, 2498427.916572846472263 ], [ 645854.112312098266557, 2498428.32913386868313 ], [ 645854.212907958659343, 2498428.733709878288209 ], [ 645854.352383222198114, 2498429.126404587645084 ], [ 645854.529394666082226, 2498429.50343613140285 ], [ 645854.742237573140301, 2498429.861173490528017 ], [ 645854.988862149883062, 2498430.196171457879245 ], [ 645855.266893266816624, 2498430.505203819833696 ], [ 645855.573653332423419, 2498430.785294426605105 ], [ 645855.906188079505228, 2498431.033745852299035 ], [ 645856.261295016505755, 2498431.248165373690426 ], [ 645856.635554269654676, 2498431.426488013006747 ], [ 645857.025361517793499, 2498431.566996426787227 ], [ 645857.426962704048492, 2498431.668337441515177 ], [ 645857.836490189190954, 2498431.729535088408738 ], [ 645858.25, 2498431.75 ], [ 645858.663509810809046, 2498431.729535088408738 ], [ 645859.073037295951508, 2498431.668337441515177 ], [ 645859.474638482206501, 2498431.566996426787227 ], [ 645859.864445730345324, 2498431.426488013006747 ], [ 645860.238704983494245, 2498431.248165373690426 ], [ 645860.593811920494772, 2498431.033745852299035 ], [ 645860.926346667576581, 2498430.785294426605105 ], [ 645861.233106733183376, 2498430.505203819833696 ], [ 645861.511137850116938, 2498430.196171457879245 ], [ 645861.757762426859699, 2498429.861173490528017 ], [ 645861.970605333917774, 2498429.50343613140285 ], [ 645862.147616777801886, 2498429.126404587645084 ], [ 645862.287092041340657, 2498428.733709878288209 ], [ 645862.387687901733443, 2498428.32913386868313 ], [ 645862.448435565689579, 2498427.916572846472263 ], [ 645862.46875, 2498427.5 ] ] ] } },
{ "type": "Feature", "properties": { "xmin": 751.59637, "ymin": 323.05334, "xmax": 782.99097, "ymax": 353.41736, "score": 0.28843296, "label": "Tree", "tile_idx": 2, "geo_xmin": 645825.81, "geo_ymin": 2498443.5, "geo_xmax": 645834.31, "geo_ymax": 2498451.8, "center_x": 645830.06, "center_y": 2498447.5, "width_m": 8.5, "height_m": 8.25, "crown_diameter_m": 8.3740673, "lon": 88.418602060132628, "lat": 22.586566803440967, "crown_area_raw_m2": 55.07605, "crown_area_calibrated_m2": 66.091263, "agb_tree_kg": 119.20394516639968 }, "geometry": { "type": "Polygon", "coordinates": [ [ [ 645834.3125, 2498447.5 ], [ 645834.292035088408738, 2498447.095679296180606 ], [ 645834.230837441748008, 2498446.695252421777695 ], [ 645834.129496426903643, 2498446.302575706504285 ], [ 645833.988988013123162, 2498445.921430841553956 ], [ 645833.810665373457596, 2498445.555488460697234 ], [ 645833.596245852299035, 2498445.208272788673639 ], [ 645833.347794426837936, 2498444.88312770286575 ], [ 645833.067703820066527, 2498444.583184527698904 ], [ 645832.758671457646415, 2498444.311331879813224 ], [ 645832.423673490295187, 2498444.070187849458307 ], [ 645832.065936131519265, 2498443.862074784468859 ], [ 645831.688904587528668, 2498443.688996928278357 ], [ 645831.296209878288209, 2498443.552621114999056 ], [ 645830.891633868566714, 2498443.454260718543082 ], [ 645830.479072846355848, 2498443.394863002467901 ], [ 645830.0625, 2498443.375 ], [ 645829.645927153644152, 2498443.394863002467901 ], [ 645829.233366131433286, 2498443.454260718543082 ], [ 645828.828790121711791, 2498443.552621114999056 ], [ 645828.436095412471332, 2498443.688996928278357 ], [ 645828.059063868480735, 2498443.862074784468859 ], [ 645827.701326509704813, 2498444.070187849458307 ], [ 645827.366328542353585, 2498444.311331879813224 ], [ 645827.057296179933473, 2498444.583184527698904 ], [ 645826.777205573162064, 2498444.88312770286575 ], [ 645826.528754147700965, 2498445.208272788673639 ], [ 645826.314334626542404, 2498445.555488460697234 ], [ 645826.136011986876838, 2498445.921430841553956 ], [ 645825.995503573096357, 2498446.302575706504285 ], [ 645825.894162558251992, 2498446.695252421777695 ], [ 645825.832964911591262, 2498447.095679296180606 ], [ 645825.8125, 2498447.5 ], [ 645825.832964911591262, 2498447.904320703819394 ], [ 645825.894162558251992, 2498448.304747578222305 ], [ 645825.995503573096357, 2498448.697424293495715 ], [ 645826.136011986876838, 2498449.078569158446044 ], [ 645826.314334626542404, 2498449.444511539302766 ], [ 645826.528754147700965, 2498449.791727211326361 ], [ 645826.777205573162064, 2498450.11687229713425 ], [ 645827.057296179933473, 2498450.416815472301096 ], [ 645827.366328542353585, 2498450.688668120186776 ], [ 645827.701326509704813, 2498450.929812150541693 ], [ 645828.059063868480735, 2498451.137925215531141 ], [ 645828.436095412471332, 2498451.311003071721643 ], [ 645828.828790121711791, 2498451.447378885000944 ], [ 645829.233366131433286, 2498451.545739281456918 ], [ 645829.645927153644152, 2498451.605136997532099 ], [ 645830.0625, 2498451.625 ], [ 645830.479072846355848, 2498451.605136997532099 ], [ 645830.891633868566714, 2498451.545739281456918 ], [ 645831.296209878288209, 2498451.447378885000944 ], [ 645831.688904587528668, 2498451.311003071721643 ], [ 645832.065936131519265, 2498451.137925215531141 ], [ 645832.423673490295187, 2498450.929812150541693 ], [ 645832.758671457646415, 2498450.688668120186776 ], [ 645833.067703820066527, 2498450.416815472301096 ], [ 645833.347794426837936, 2498450.11687229713425 ], [ 645833.596245852299035, 2498449.791727211326361 ], [ 645833.810665373457596, 2498449.444511539302766 ], [ 645833.988988013123162, 2498449.078569158446044 ], [ 645834.129496426903643, 2498448.697424293495715 ], [ 645834.230837441748008, 2498448.304747578222305 ], [ 645834.292035088408738, 2498447.904320703819394 ], [ 645834.3125, 2498447.5 ] ] ] } },
{ "type": "Feature", "properties": { "xmin": 287.75397, "ymin": 797.78113, "xmax": 310.49261, "ymax": 821.97266, "score": 0.2854161, "label": "Tree", "tile_idx": 8, "geo_xmin": 645700.56, "geo_ymin": 2498317.0, "geo_xmax": 645706.69, "geo_ymax": 2498323.5, "center_x": 645703.62, "center_y": 2498320.2, "width_m": 6.125, "height_m": 6.5, "crown_diameter_m": 6.3097148, "lon": 88.417360633287885, "lat": 22.585428447306867, "crown_area_raw_m2": 31.268665, "crown_area_calibrated_m2": 37.5224, "agb_tree_kg": 60.36355359587494 }, "geometry": { "type": "Polygon", "coordinates": [ [ [ 645706.6875, 2498320.25 ], [ 645706.672753225429915, 2498319.931444293819368 ], [ 645706.628654921194538, 2498319.615956453606486 ], [ 645706.555629778187722, 2498319.306574799120426 ], [ 645706.454381068353541, 2498319.006278845015913 ], [ 645706.325883872108534, 2498318.71796060539782 ], [ 645706.171375687699765, 2498318.444396742619574 ], [ 645705.992344513419084, 2498318.18822182668373 ], [ 645705.790514517342672, 2498317.951902961358428 ], [ 645705.567829432780854, 2498317.737716026604176 ], [ 645705.326433838577941, 2498317.547723759897053 ], [ 645705.068652506568469, 2498317.383755890652537 ], [ 645704.796968011651188, 2498317.247391519136727 ], [ 645704.513996824040078, 2498317.139943908900023 ], [ 645704.222464111167938, 2498317.062447838485241 ], [ 645703.925177492201328, 2498317.015649638138711 ], [ 645703.625, 2498317.0 ], [ 645703.324822507798672, 2498317.015649638138711 ], [ 645703.027535888832062, 2498317.062447838485241 ], [ 645702.736003175959922, 2498317.139943908900023 ], [ 645702.453031988348812, 2498317.247391519136727 ], [ 645702.181347493431531, 2498317.383755890652537 ], [ 645701.923566161422059, 2498317.547723759897053 ], [ 645701.682170567219146, 2498317.737716026604176 ], [ 645701.459485482657328, 2498317.951902961358428 ], [ 645701.257655486580916, 2498318.18822182668373 ], [ 645701.078624312300235, 2498318.444396742619574 ], [ 645700.924116127891466, 2498318.71796060539782 ], [ 645700.795618931646459, 2498319.006278845015913 ], [ 645700.694370221812278, 2498319.306574799120426 ], [ 645700.621345078805462, 2498319.615956453606486 ], [ 645700.577246774570085, 2498319.931444293819368 ], [ 645700.5625, 2498320.25 ], [ 645700.577246774570085, 2498320.568555706180632 ], [ 645700.621345078805462, 2498320.884043546393514 ], [ 645700.694370221812278, 2498321.193425200879574 ], [ 645700.795618931646459, 2498321.493721154984087 ], [ 645700.924116127891466, 2498321.78203939460218 ], [ 645701.078624312300235, 2498322.055603257380426 ], [ 645701.257655486580916, 2498322.31177817331627 ], [ 645701.459485482657328, 2498322.548097038641572 ], [ 645701.682170567219146, 2498322.762283973395824 ], [ 645701.923566161422059, 2498322.952276240102947 ], [ 645702.181347493431531, 2498323.116244109347463 ], [ 645702.453031988348812, 2498323.252608480863273 ], [ 645702.736003175959922, 2498323.360056091099977 ], [ 645703.027535888832062, 2498323.437552161514759 ], [ 645703.324822507798672, 2498323.484350361861289 ], [ 645703.625, 2498323.5 ], [ 645703.925177492201328, 2498323.484350361861289 ], [ 645704.222464111167938, 2498323.437552161514759 ], [ 645704.513996824040078, 2498323.360056091099977 ], [ 645704.796968011651188, 2498323.252608480863273 ], [ 645705.068652506568469, 2498323.116244109347463 ], [ 645705.326433838577941, 2498322.952276240102947 ], [ 645705.567829432780854, 2498322.762283973395824 ], [ 645705.790514517342672, 2498322.548097038641572 ], [ 645705.992344513419084, 2498322.31177817331627 ], [ 645706.171375687699765, 2498322.055603257380426 ], [ 645706.325883872108534, 2498321.78203939460218 ], [ 645706.454381068353541, 2498321.493721154984087 ], [ 645706.555629778187722, 2498321.193425200879574 ], [ 645706.628654921194538, 2498320.884043546393514 ], [ 645706.672753225429915, 2498320.568555706180632 ], [ 645706.6875, 2498320.25 ] ] ] } },
{ "type": "Feature", "properties": { "xmin": 862.53851, "ymin": 144.64104, "xmax": 879.41223, "ymax": 167.64757, "score": 0.28483233, "label": "Tree", "tile_idx": 2, "geo_xmin": 645855.75, "geo_ymin": 2498493.8, "geo_xmax": 645860.31, "geo_ymax": 2498500.0, "center_x": 645858.0, "center_y": 2498497.0, "width_m": 4.5625, "height_m": 6.25, "crown_diameter_m": 5.3400025, "lon": 88.418878345707668, "lat": 22.587011444403188, "crown_area_raw_m2": 22.39612, "crown_area_calibrated_m2": 26.875345, "agb_tree_kg": 40.416722062531242 }, "geometry": { "type": "Polygon", "coordinates": [ [ [ 645860.28125, 2498497.0 ], [ 645860.270265157683752, 2498496.693696436472237 ], [ 645860.237416420946829, 2498496.39034274360165 ], [ 645860.183020140859298, 2498496.09286038344726 ], [ 645860.107600183575414, 2498495.804114273749292 ], [ 645860.01188288431149, 2498495.526885197497904 ], [ 645859.896790053113364, 2498495.263843021821231 ], [ 645859.763430096791126, 2498495.017520986963063 ], [ 645859.613087344565429, 2498494.790291308891028 ], [ 645859.44720967952162, 2498494.584342333022505 ], [ 645859.267394594033249, 2498494.401657461654395 ], [ 645859.07537380582653, 2498494.243996048811823 ], [ 645858.872996580088511, 2498494.112876460887492 ], [ 645858.662211920018308, 2498494.009561450686306 ], [ 645858.44504979706835, 2498493.935045998543501 ], [ 645858.223601601319388, 2498493.89004772901535 ], [ 645858.0, 2498493.875 ], [ 645857.776398398680612, 2498493.89004772901535 ], [ 645857.55495020293165, 2498493.935045998543501 ], [ 645857.337788079981692, 2498494.009561450686306 ], [ 645857.127003419911489, 2498494.112876460887492 ], [ 645856.92462619417347, 2498494.243996048811823 ], [ 645856.732605405966751, 2498494.401657461654395 ], [ 645856.55279032047838, 2498494.584342333022505 ], [ 645856.386912655434571, 2498494.790291308891028 ], [ 645856.236569903208874, 2498495.017520986963063 ], [ 645856.103209946886636, 2498495.263843021821231 ], [ 645855.98811711568851, 2498495.526885197497904 ], [ 645855.892399816424586, 2498495.804114273749292 ], [ 645855.816979859140702, 2498496.09286038344726 ], [ 645855.762583579053171, 2498496.39034274360165 ], [ 645855.729734842316248, 2498496.693696436472237 ], [ 645855.71875, 2498497.0 ], [ 645855.729734842316248, 2498497.306303563527763 ], [ 645855.762583579053171, 2498497.60965725639835 ], [ 645855.816979859140702, 2498497.90713961655274 ], [ 645855.892399816424586, 2498498.195885726250708 ], [ 645855.98811711568851, 2498498.473114802502096 ], [ 645856.103209946886636, 2498498.736156978178769 ], [ 645856.236569903208874, 2498498.982479013036937 ], [ 645856.386912655434571, 2498499.209708691108972 ], [ 645856.55279032047838, 2498499.415657666977495 ], [ 645856.732605405966751, 2498499.598342538345605 ], [ 645856.92462619417347, 2498499.756003951188177 ], [ 645857.127003419911489, 2498499.887123539112508 ], [ 645857.337788079981692, 2498499.990438549313694 ], [ 645857.55495020293165, 2498500.064954001456499 ], [ 645857.776398398680612, 2498500.10995227098465 ], [ 645858.0, 2498500.125 ], [ 645858.223601601319388, 2498500.10995227098465 ], [ 645858.44504979706835, 2498500.064954001456499 ], [ 645858.662211920018308, 2498499.990438549313694 ], [ 645858.872996580088511, 2498499.887123539112508 ], [ 645859.07537380582653, 2498499.756003951188177 ], [ 645859.267394594033249, 2498499.598342538345605 ], [ 645859.44720967952162, 2498499.415657666977495 ], [ 645859.613087344565429, 2498499.209708691108972 ], [ 645859.763430096791126, 2498498.982479013036937 ], [ 645859.896790053113364, 2498498.736156978178769 ], [ 645860.01188288431149, 2498498.473114802502096 ], [ 645860.107600183575414, 2498498.195885726250708 ], [ 645860.183020140859298, 2498497.90713961655274 ], [ 645860.237416420946829, 2498497.60965725639835 ], [ 645860.270265157683752, 2498497.306303563527763 ], [ 645860.28125, 2498497.0 ] ] ] } },
{ "type": "Feature", "properties": { "xmin": 844.65533, "ymin": 169.88382, "xmax": 869.72943, "ymax": 196.18225, "score": 0.28391418, "label": "Tree", "tile_idx": 3, "geo_xmin": 645850.94, "geo_ymin": 2498486.0, "geo_xmax": 645857.69, "geo_ymax": 2498493.2, "center_x": 645854.31, "center_y": 2498489.5, "width_m": 6.75, "height_m": 7.25, "crown_diameter_m": 6.9955344, "lon": 88.418841788962766, "lat": 22.586944027735527, "crown_area_raw_m2": 38.435425, "crown_area_calibrated_m2": 46.122513, "agb_tree_kg": 77.357218961512245 }, "geometry": { "type": "Polygon", "coordinates": [ [ [ 645857.6875, 2498489.5 ], [ 645857.671248452505097, 2498489.144687866326421 ], [ 645857.622650321340188, 2498488.792797582689673 ], [ 645857.542173633119091, 2498488.447718044742942 ], [ 645857.430593422264792, 2498488.112772557884455 ], [ 645857.288984267157502, 2498487.791186829097569 ], [ 645857.118709941511042, 2498487.486057905480266 ], [ 645856.921410280046985, 2498487.200324344914407 ], [ 645856.698985386523418, 2498486.936737918294966 ], [ 645856.453577334061265, 2498486.697837106417865 ], [ 645856.187549536465667, 2498486.485922655556351 ], [ 645855.903463986818679, 2498486.303035416640341 ], [ 645855.604056584183127, 2498486.150936694815755 ], [ 645855.292210785788484, 2498486.031091283075511 ], [ 645854.970929836854339, 2498485.944653358310461 ], [ 645854.643307848600671, 2498485.892455365974456 ], [ 645854.3125, 2498485.875 ], [ 645853.981692151399329, 2498485.892455365974456 ], [ 645853.654070163145661, 2498485.944653358310461 ], [ 645853.332789214211516, 2498486.031091283075511 ], [ 645853.020943415816873, 2498486.150936694815755 ], [ 645852.721536013181321, 2498486.303035416640341 ], [ 645852.437450463534333, 2498486.485922655556351 ], [ 645852.171422665938735, 2498486.697837106417865 ], [ 645851.926014613476582, 2498486.936737918294966 ], [ 645851.703589719953015, 2498487.200324344914407 ], [ 645851.506290058488958, 2498487.486057905480266 ], [ 645851.336015732842498, 2498487.791186829097569 ], [ 645851.194406577735208, 2498488.112772557884455 ], [ 645851.082826366880909, 2498488.447718044742942 ], [ 645851.002349678659812, 2498488.792797582689673 ], [ 645850.953751547494903, 2498489.144687866326421 ], [ 645850.9375, 2498489.5 ], [ 645850.953751547494903, 2498489.855312133673579 ], [ 645851.002349678659812, 2498490.207202417310327 ], [ 645851.082826366880909, 2498490.552281955257058 ], [ 645851.194406577735208, 2498490.887227442115545 ], [ 645851.336015732842498, 2498491.208813170902431 ], [ 645851.506290058488958, 2498491.513942094519734 ], [ 645851.703589719953015, 2498491.799675655085593 ], [ 645851.926014613476582, 2498492.063262081705034 ], [ 645852.171422665938735, 2498492.302162893582135 ], [ 645852.437450463534333, 2498492.514077344443649 ], [ 645852.721536013181321, 2498492.696964583359659 ], [ 645853.020943415816873, 2498492.849063305184245 ], [ 645853.332789214211516, 2498492.968908716924489 ], [ 645853.654070163145661, 2498493.055346641689539 ], [ 645853.981692151399329, 2498493.107544634025544 ], [ 645854.3125, 2498493.125 ], [ 645854.643307848600671, 2498493.107544634025544 ], [ 645854.970929836854339, 2498493.055346641689539 ], [ 645855.292210785788484, 2498492.968908716924489 ], [ 645855.604056584183127, 2498492.849063305184245 ], [ 645855.903463986818679, 2498492.696964583359659 ], [ 645856.187549536465667, 2498492.514077344443649 ], [ 645856.453577334061265, 2498492.302162893582135 ], [ 645856.698985386523418, 2498492.063262081705034 ], [ 645856.921410280046985, 2498491.799675655085593 ], [ 645857.118709941511042, 2498491.513942094519734 ], [ 645857.288984267157502, 2498491.208813170902431 ], [ 645857.430593422264792, 2498490.887227442115545 ], [ 645857.542173633119091, 2498490.552281955257058 ], [ 645857.622650321340188, 2498490.207202417310327 ], [ 645857.671248452505097, 2498489.855312133673579 ], [ 645857.6875, 2498489.5 ] ] ] } },
{ "type": "Feature", "properties": { "xmin": 162.99687, "ymin": 893.19141, "xmax": 179.13121, "ymax": 907.8075, "score": 0.28232726, "label": "Tree", "tile_idx": 8, "geo_xmin": 645666.88, "geo_ymin": 2498294.0, "geo_xmax": 645671.25, "geo_ymax": 2498297.8, "center_x": 645669.06, "center_y": 2498296.0, "width_m": 4.375, "height_m": 3.75, "crown_diameter_m": 4.0504627, "lon": 88.417022258201712, "lat": 22.585212407963212, "crown_area_raw_m2": 12.885439, "crown_area_calibrated_m2": 15.462527, "agb_tree_kg": 20.796610768751705 }, "geometry": { "type": "Polygon", "coordinates": [ [ [ 645671.25, 2498296.0 ], [ 645671.239466589642689, 2498295.816217862069607 ], [ 645671.207967800903134, 2498295.634205646347255 ], [ 645671.155806984403171, 2498295.455716229975224 ], [ 645671.083486477378756, 2498295.282468564342707 ], [ 645670.991702765808441, 2498295.116131118498743 ], [ 645670.881339776911773, 2498294.958305812906474 ], [ 645670.753460366744548, 2498294.810512592084706 ], [ 645670.609296083799563, 2498294.674174785148352 ], [ 645670.450235309079289, 2498294.550605399999768 ], [ 645670.277809884748422, 2498294.440994476899505 ], [ 645670.093680361751467, 2498294.346397629473358 ], [ 645669.899620008305646, 2498294.267725876532495 ], [ 645669.697497731540352, 2498294.205736870411783 ], [ 645669.489260079455562, 2498294.161027599126101 ], [ 645669.276912494446151, 2498294.134028637316078 ], [ 645669.0625, 2498294.125 ], [ 645668.848087505553849, 2498294.134028637316078 ], [ 645668.635739920544438, 2498294.161027599126101 ], [ 645668.427502268459648, 2498294.205736870411783 ], [ 645668.225379991694354, 2498294.267725876532495 ], [ 645668.031319638248533, 2498294.346397629473358 ], [ 645667.847190115251578, 2498294.440994476899505 ], [ 645667.674764690920711, 2498294.550605399999768 ], [ 645667.515703916200437, 2498294.674174785148352 ], [ 645667.371539633255452, 2498294.810512592084706 ], [ 645667.243660223088227, 2498294.958305812906474 ], [ 645667.133297234191559, 2498295.116131118498743 ], [ 645667.041513522621244, 2498295.282468564342707 ], [ 645666.969193015596829, 2498295.455716229975224 ], [ 645666.917032199096866, 2498295.634205646347255 ], [ 645666.885533410357311, 2498295.816217862069607 ], [ 645666.875, 2498296.0 ], [ 645666.885533410357311, 2498296.183782137930393 ], [ 645666.917032199096866, 2498296.365794353652745 ], [ 645666.969193015596829, 2498296.544283770024776 ], [ 645667.041513522621244, 2498296.717531435657293 ], [ 645667.133297234191559, 2498296.883868881501257 ], [ 645667.243660223088227, 2498297.041694187093526 ], [ 645667.371539633255452, 2498297.189487407915294 ], [ 645667.515703916200437, 2498297.325825214851648 ], [ 645667.674764690920711, 2498297.449394600000232 ], [ 645667.847190115251578, 2498297.559005523100495 ], [ 645668.031319638248533, 2498297.653602370526642 ], [ 645668.225379991694354, 2498297.732274123467505 ], [ 645668.427502268459648, 2498297.794263129588217 ], [ 645668.635739920544438, 2498297.838972400873899 ], [ 645668.848087505553849, 2498297.865971362683922 ], [ 645669.0625, 2498297.875 ], [ 645669.276912494446151, 2498297.865971362683922 ], [ 645669.489260079455562, 2498297.838972400873899 ], [ 645669.697497731540352, 2498297.794263129588217 ], [ 645669.899620008305646, 2498297.732274123467505 ], [ 645670.093680361751467, 2498297.653602370526642 ], [ 645670.277809884748422, 2498297.559005523100495 ], [ 645670.450235309079289, 2498297.449394600000232 ], [ 645670.609296083799563, 2498297.325825214851648 ], [ 645670.753460366744548, 2498297.189487407915294 ], [ 645670.881339776911773, 2498297.041694187093526 ], [ 645670.991702765808441, 2498296.883868881501257 ], [ 645671.083486477378756, 2498296.717531435657293 ], [ 645671.155806984403171, 2498296.544283770024776 ], [ 645671.207967800903134, 2498296.365794353652745 ], [ 645671.239466589642689, 2498296.183782137930393 ], [ 645671.25, 2498296.0 ] ] ] } },
{ "type": "Feature", "properties": { "xmin": 786.56482, "ymin": 367.63672, "xmax": 805.078, "ymax": 386.2016, "score": 0.28083339, "label": "Tree", "tile_idx": 7, "geo_xmin": 645835.25, "geo_ymin": 2498434.8, "geo_xmax": 645840.25, "geo_ymax": 2498439.8, "center_x": 645837.75, "center_y": 2498437.2, "width_m": 5.0, "height_m": 5.0, "crown_diameter_m": 5.0, "lon": 88.41867587658092, "lat": 22.586473573962142, "crown_area_raw_m2": 19.634954, "crown_area_calibrated_m2": 23.561947, "agb_tree_kg": 34.504465191102682 }, "geometry": { "type": "Polygon", "coordinates": [ [ [ 645840.25, 2498437.25 ], [ 645840.237961816717871, 2498437.004957149270922 ], [ 645840.201963201048784, 2498436.762274194974452 ], [ 645840.14235083933454, 2498436.524288306944072 ], [ 645840.059698831290007, 2498436.29329141927883 ], [ 645839.954803160857409, 2498436.071508157998323 ], [ 645839.82867403072305, 2498435.861074417363852 ], [ 645839.682526133372448, 2498435.664016789756715 ], [ 645839.51776695298031, 2498435.48223304701969 ], [ 645839.3359832103597, 2498435.317473866511136 ], [ 645839.138925582519732, 2498435.171325969044119 ], [ 645838.928491842118092, 2498435.045196839142591 ], [ 645838.706708580954, 2498434.940301168709993 ], [ 645838.475711693172343, 2498434.857649160549045 ], [ 645838.237725805025548, 2498434.798036798834801 ], [ 645837.995042850845493, 2498434.762038183398545 ], [ 645837.75, 2498434.75 ], [ 645837.504957149154507, 2498434.762038183398545 ], [ 645837.262274194974452, 2498434.798036798834801 ], [ 645837.024288306827657, 2498434.857649160549045 ], [ 645836.793291419046, 2498434.940301168709993 ], [ 645836.571508157881908, 2498435.045196839142591 ], [ 645836.361074417480268, 2498435.171325969044119 ], [ 645836.1640167896403, 2498435.317473866511136 ], [ 645835.98223304701969, 2498435.48223304701969 ], [ 645835.817473866627552, 2498435.664016789756715 ], [ 645835.67132596927695, 2498435.861074417363852 ], [ 645835.545196839142591, 2498436.071508157998323 ], [ 645835.440301168709993, 2498436.29329141927883 ], [ 645835.35764916066546, 2498436.524288306944072 ], [ 645835.298036798951216, 2498436.762274194974452 ], [ 645835.262038183282129, 2498437.004957149270922 ], [ 645835.25, 2498437.25 ], [ 645835.262038183282129, 2498437.495042850729078 ], [ 645835.298036798951216, 2498437.737725805025548 ], [ 645835.35764916066546, 2498437.975711693055928 ], [ 645835.440301168709993, 2498438.20670858072117 ], [ 645835.545196839142591, 2498438.428491842001677 ], [ 645835.67132596927695, 2498438.638925582636148 ], [ 645835.817473866627552, 2498438.835983210243285 ], [ 645835.98223304701969, 2498439.01776695298031 ], [ 645836.1640167896403, 2498439.182526133488864 ], [ 645836.361074417480268, 2498439.328674030955881 ], [ 645836.571508157881908, 2498439.454803160857409 ], [ 645836.793291419046, 2498439.559698831290007 ], [ 645837.024288306827657, 2498439.642350839450955 ], [ 645837.262274194974452, 2498439.701963201165199 ], [ 645837.504957149154507, 2498439.737961816601455 ], [ 645837.75, 2498439.75 ], [ 645837.995042850845493, 2498439.737961816601455 ], [ 645838.237725805025548, 2498439.701963201165199 ], [ 645838.475711693172343, 2498439.642350839450955 ], [ 645838.706708580954, 2498439.559698831290007 ], [ 645838.928491842118092, 2498439.454803160857409 ], [ 645839.138925582519732, 2498439.328674030955881 ], [ 645839.3359832103597, 2498439.182526133488864 ], [ 645839.51776695298031, 2498439.01776695298031 ], [ 645839.682526133372448, 2498438.835983210243285 ], [ 645839.82867403072305, 2498438.638925582636148 ], [ 645839.954803160857409, 2498438.428491842001677 ], [ 645840.059698831290007, 2498438.20670858072117 ], [ 645840.14235083933454, 2498437.975711693055928 ], [ 645840.201963201048784, 2498437.737725805025548 ], [ 645840.237961816717871, 2498437.495042850729078 ], [ 645840.25, 2498437.25 ] ] ] } }
]
}
