{
"type": "FeatureCollection",
"name": "sundarbans_mangrove_crowns",
"crs": { "type": "name", "properties": { "name": "urn:ogc:def:crs:EPSG::32645" } },
"features": [
{ "type": "Feature", "properties": { "xmin": 925.11218, "ymin": 859.40887, "xmax": 948.42249, "ymax": 881.42346, "score": 0.58939642, "label": "Tree", "tile_idx": 15, "geo_xmin": 696248.88, "geo_ymin": 2428418.8, "geo_xmax": 696255.19, "geo_ymax": 2428424.8, "center_x": 696252.0, "center_y": 2428421.8, "width_m": 6.3125, "height_m": 6.0, "crown_diameter_m": 6.1542668, "lon": 88.900353737353683, "lat": 21.949207238471296, "crown_area_raw_m2": 29.746956, "crown_area_calibrated_m2": 35.69635, "agb_tree_kg": 56.85010729926492 }, "geometry": { "type": "Polygon", "coordinates": [ [ [ 696255.15625, 2428421.75 ], [ 696255.141051793587394, 2428421.455948579125106 ], [ 696255.095603541238233, 2428421.164729034062475 ], [ 696255.02034293464385, 2428420.879145968239754 ], [ 696254.915994774433784, 2428420.601949702948332 ], [ 696254.783563990611583, 2428420.335809789597988 ], [ 696254.624325963784941, 2428420.083289301022887 ], [ 696254.439814243465662, 2428419.846820147708058 ], [ 696254.231805778108537, 2428419.628679656423628 ], [ 696254.00230380310677, 2428419.430968639906496 ], [ 696253.753518547979183, 2428419.255591162946075 ], [ 696253.487845950643532, 2428419.104236206971109 ], [ 696253.207844583434053, 2428418.978361402638257 ], [ 696252.916211012634449, 2428418.87917899293825 ], [ 696252.615753828897141, 2428418.807644158601761 ], [ 696252.30936659919098, 2428418.764445819891989 ], [ 696252.0, 2428418.75 ], [ 696251.69063340080902, 2428418.764445819891989 ], [ 696251.384246171102859, 2428418.807644158601761 ], [ 696251.083788987365551, 2428418.87917899293825 ], [ 696250.792155416565947, 2428418.978361402638257 ], [ 696250.512154049356468, 2428419.104236206971109 ], [ 696250.246481452020817, 2428419.255591162946075 ], [ 696249.99769619689323, 2428419.430968639906496 ], [ 696249.768194221891463, 2428419.628679656423628 ], [ 696249.560185756534338, 2428419.846820147708058 ], [ 696249.375674036215059, 2428420.083289301022887 ], [ 696249.216436009388417, 2428420.335809789597988 ], [ 696249.084005225566216, 2428420.601949702948332 ], [ 696248.97965706535615, 2428420.879145968239754 ], [ 696248.904396458761767, 2428421.164729034062475 ], [ 696248.858948206412606, 2428421.455948579125106 ], [ 696248.84375, 2428421.75 ], [ 696248.858948206412606, 2428422.044051420874894 ], [ 696248.904396458761767, 2428422.335270965937525 ], [ 696248.97965706535615, 2428422.620854031760246 ], [ 696249.084005225566216, 2428422.898050297051668 ], [ 696249.216436009388417, 2428423.164190210402012 ], [ 696249.375674036215059, 2428423.416710698977113 ], [ 696249.560185756534338, 2428423.653179852291942 ], [ 696249.768194221891463, 2428423.871320343576372 ], [ 696249.99769619689323, 2428424.069031360093504 ], [ 696250.246481452020817, 2428424.244408837053925 ], [ 696250.512154049356468, 2428424.395763793028891 ], [ 696250.792155416565947, 2428424.521638597361743 ], [ 696251.083788987365551, 2428424.62082100706175 ], [ 696251.384246171102859, 2428424.692355841398239 ], [ 696251.69063340080902, 2428424.735554180108011 ], [ 696252.0, 2428424.75 ], [ 696252.30936659919098, 2428424.735554180108011 ], [ 696252.615753828897141, 2428424.692355841398239 ], [ 696252.916211012634449, 2428424.62082100706175 ], [ 696253.207844583434053, 2428424.521638597361743 ], [ 696253.487845950643532, 2428424.395763793028891 ], [ 696253.753518547979183, 2428424.244408837053925 ], [ 696254.00230380310677, 2428424.069031360093504 ], [ 696254.231805778108537, 2428423.871320343576372 ], [ 696254.439814243465662, 2428423.653179852291942 ], [ 696254.624325963784941, 2428423.416710698977113 ], [ 696254.783563990611583, 2428423.164190210402012 ], [ 696254.915994774433784, 2428422.898050297051668 ], [ 696255.02034293464385, 2428422.620854031760246 ], [ 696255.095603541238233, 2428422.335270965937525 ], [ 696255.141051793587394, 2428422.044051420874894 ], [ 696255.15625, 2428421.75 ] ] ] } },
{ "type": "Feature", "properties": { "xmin": 455.89307, "ymin": 759.95746, "xmax": 477.65091, "ymax": 782.10986, "score": 0.53283942, "label": "Tree", "tile_idx": 13, "geo_xmin": 696122.19, "geo_ymin": 2428445.5, "geo_xmax": 696128.06, "geo_ymax": 2428451.5, "center_x": 696125.12, "center_y": 2428448.5, "width_m": 5.875, "height_m": 6.0, "crown_diameter_m": 5.937171, "lon": 88.899128901508064, "lat": 21.949462984912742, "crown_area_raw_m2": 27.685287, "crown_area_calibrated_m2": 33.222347, "agb_tree_kg": 52.147880664892632 }, "geometry": { "type": "Polygon", "coordinates": [ [ [ 696128.0625, 2428448.5 ], [ 696128.048355134553276, 2428448.205948579125106 ], [ 696128.006056761136279, 2428447.914729034062475 ], [ 696127.936012236168608, 2428447.629145968239754 ], [ 696127.838896126719192, 2428447.351949702948332 ], [ 696127.715643714065664, 2428447.085809789597988 ], [ 696127.567441986175254, 2428446.833289301022887 ], [ 696127.395718206767924, 2428446.596820147708058 ], [ 696127.202126169693656, 2428446.378679656423628 ], [ 696126.98853027226869, 2428446.180968639906496 ], [ 696126.7569875594927, 2428446.005591162946075 ], [ 696126.509727914468385, 2428445.854236206971109 ], [ 696126.249132582568564, 2428445.728361402638257 ], [ 696125.977711239480413, 2428445.62917899293825 ], [ 696125.698077820939943, 2428445.557644158601761 ], [ 696125.412925349664874, 2428445.514445819891989 ], [ 696125.125, 2428445.5 ], [ 696124.837074650335126, 2428445.514445819891989 ], [ 696124.551922179060057, 2428445.557644158601761 ], [ 696124.272288760519587, 2428445.62917899293825 ], [ 696124.000867417431436, 2428445.728361402638257 ], [ 696123.740272085531615, 2428445.854236206971109 ], [ 696123.4930124405073, 2428446.005591162946075 ], [ 696123.26146972773131, 2428446.180968639906496 ], [ 696123.047873830306344, 2428446.378679656423628 ], [ 696122.854281793232076, 2428446.596820147708058 ], [ 696122.682558013824746, 2428446.833289301022887 ], [ 696122.534356285934336, 2428447.085809789597988 ], [ 696122.411103873280808, 2428447.351949702948332 ], [ 696122.313987763831392, 2428447.629145968239754 ], [ 696122.243943238863721, 2428447.914729034062475 ], [ 696122.201644865446724, 2428448.205948579125106 ], [ 696122.1875, 2428448.5 ], [ 696122.201644865446724, 2428448.794051420874894 ], [ 696122.243943238863721, 2428449.085270965937525 ], [ 696122.313987763831392, 2428449.370854031760246 ], [ 696122.411103873280808, 2428449.648050297051668 ], [ 696122.534356285934336, 2428449.914190210402012 ], [ 696122.682558013824746, 2428450.166710698977113 ], [ 696122.854281793232076, 2428450.403179852291942 ], [ 696123.047873830306344, 2428450.621320343576372 ], [ 696123.26146972773131, 2428450.819031360093504 ], [ 696123.4930124405073, 2428450.994408837053925 ], [ 696123.740272085531615, 2428451.145763793028891 ], [ 696124.000867417431436, 2428451.271638597361743 ], [ 696124.272288760519587, 2428451.37082100706175 ], [ 696124.551922179060057, 2428451.442355841398239 ], [ 696124.837074650335126, 2428451.485554180108011 ], [ 696125.125, 2428451.5 ], [ 696125.412925349664874, 2428451.485554180108011 ], [ 696125.698077820939943, 2428451.442355841398239 ], [ 696125.977711239480413, 2428451.37082100706175 ], [ 696126.249132582568564, 2428451.271638597361743 ], [ 696126.509727914468385, 2428451.145763793028891 ], [ 696126.7569875594927, 2428450.994408837053925 ], [ 696126.98853027226869, 2428450.819031360093504 ], [ 696127.202126169693656, 2428450.621320343576372 ], [ 696127.395718206767924, 2428450.403179852291942 ], [ 696127.567441986175254, 2428450.166710698977113 ], [ 696127.715643714065664, 2428449.914190210402012 ], [ 696127.838896126719192, 2428449.648050297051668 ], [ 696127.936012236168608, 2428449.370854031760246 ], [ 696128.006056761136279, 2428449.085270965937525 ], [ 696128.048355134553276, 2428448.794051420874894 ], [ 696128.0625, 2428448.5 ] ] ] } },
{ "type": "Feature", "properties": { "xmin": 195.91362, "ymin": 269.3403, "xmax": 214.69344, "ymax": 288.87851, "score": 0.49777141, "label": "Tree", "tile_idx": 0, "geo_xmin": 696052.0, "geo_ymin": 2428578.8, "geo_xmax": 696057.06, "geo_ymax": 2428584.0, "center_x": 696054.5, "center_y": 2428581.5, "width_m": 5.0625, "height_m": 5.25, "crown_diameter_m": 5.1553979, "lon": 88.898461258720076, "lat": 21.950671829497828, "crown_area_raw_m2": 20.874411, "crown_area_calibrated_m2": 25.049294, "agb_tree_kg": 37.138957925637278 }, "geometry": { "type": "Polygon", "coordinates": [ [ [ 696057.03125, 2428581.5 ], [ 696057.01906133943703, 2428581.242705006618053 ], [ 696056.982612741063349, 2428580.987887904513627 ], [ 696056.922255224781111, 2428580.738002722151577 ], [ 696056.838570066611283, 2428580.49545599007979 ], [ 696056.732363200397231, 2428580.26258356589824 ], [ 696056.604657456162386, 2428580.041628138162196 ], [ 696056.456682710093446, 2428579.83471762901172 ], [ 696056.28986403986346, 2428579.64384469948709 ], [ 696056.105808000545949, 2428579.470847560092807 ], [ 696055.906287152320147, 2428579.317392267752439 ], [ 696055.693222990143113, 2428579.184956680983305 ], [ 696055.468667438137345, 2428579.074816226959229 ], [ 696055.234783089254051, 2428578.988031618762761 ], [ 696054.993822377640754, 2428578.925438638776541 ], [ 696054.748105886508711, 2428578.887640092521906 ], [ 696054.5, 2428578.875 ], [ 696054.251894113491289, 2428578.887640092521906 ], [ 696054.006177622359246, 2428578.925438638776541 ], [ 696053.765216910745949, 2428578.988031618762761 ], [ 696053.531332561862655, 2428579.074816226959229 ], [ 696053.306777009856887, 2428579.184956680983305 ], [ 696053.093712847679853, 2428579.317392267752439 ], [ 696052.894191999454051, 2428579.470847560092807 ], [ 696052.71013596013654, 2428579.64384469948709 ], [ 696052.543317289906554, 2428579.83471762901172 ], [ 696052.395342543837614, 2428580.041628138162196 ], [ 696052.267636799602769, 2428580.26258356589824 ], [ 696052.161429933388717, 2428580.49545599007979 ], [ 696052.077744775218889, 2428580.738002722151577 ], [ 696052.017387258936651, 2428580.987887904513627 ], [ 696051.98093866056297, 2428581.242705006618053 ], [ 696051.96875, 2428581.5 ], [ 696051.98093866056297, 2428581.757294993381947 ], [ 696052.017387258936651, 2428582.012112095486373 ], [ 696052.077744775218889, 2428582.261997277848423 ], [ 696052.161429933388717, 2428582.50454400992021 ], [ 696052.267636799602769, 2428582.73741643410176 ], [ 696052.395342543837614, 2428582.958371861837804 ], [ 696052.543317289906554, 2428583.16528237098828 ], [ 696052.71013596013654, 2428583.35615530051291 ], [ 696052.894191999454051, 2428583.529152439907193 ], [ 696053.093712847679853, 2428583.682607732247561 ], [ 696053.306777009856887, 2428583.815043319016695 ], [ 696053.531332561862655, 2428583.925183773040771 ], [ 696053.765216910745949, 2428584.011968381237239 ], [ 696054.006177622359246, 2428584.074561361223459 ], [ 696054.251894113491289, 2428584.112359907478094 ], [ 696054.5, 2428584.125 ], [ 696054.748105886508711, 2428584.112359907478094 ], [ 696054.993822377640754, 2428584.074561361223459 ], [ 696055.234783089254051, 2428584.011968381237239 ], [ 696055.468667438137345, 2428583.925183773040771 ], [ 696055.693222990143113, 2428583.815043319016695 ], [ 696055.906287152320147, 2428583.682607732247561 ], [ 696056.105808000545949, 2428583.529152439907193 ], [ 696056.28986403986346, 2428583.35615530051291 ], [ 696056.456682710093446, 2428583.16528237098828 ], [ 696056.604657456162386, 2428582.958371861837804 ], [ 696056.732363200397231, 2428582.73741643410176 ], [ 696056.838570066611283, 2428582.50454400992021 ], [ 696056.922255224781111, 2428582.261997277848423 ], [ 696056.982612741063349, 2428582.012112095486373 ], [ 696057.01906133943703, 2428581.757294993381947 ], [ 696057.03125, 2428581.5 ] ] ] } },
{ "type": "Feature", "properties": { "xmin": 694.0249, "ymin": 382.36548, "xmax": 714.35632, "ymax": 402.90265, "score": 0.46889025, "label": "Tree", "tile_idx": 6, "geo_xmin": 696186.5, "geo_ymin": 2428548.0, "geo_xmax": 696192.0, "geo_ymax": 2428553.5, "center_x": 696189.25, "center_y": 2428550.8, "width_m": 5.5, "height_m": 5.5, "crown_diameter_m": 5.5, "lon": 88.899761850428874, "lat": 21.950379087073941, "crown_area_raw_m2": 23.758297, "crown_area_calibrated_m2": 28.509958, "agb_tree_kg": 43.389367115078066 }, "geometry": { "type": "Polygon", "coordinates": [ [ [ 696192.0, 2428550.75 ], [ 696191.986757998354733, 2428550.480452863965183 ], [ 696191.947159521165304, 2428550.213501614518464 ], [ 696191.881585923256353, 2428549.951717137359083 ], [ 696191.79066871444229, 2428549.69762056088075 ], [ 696191.67528347694315, 2428549.453658973798156 ], [ 696191.536541433888488, 2428549.2221818594262 ], [ 696191.375778746791184, 2428549.005418468732387 ], [ 696191.194543648278341, 2428548.80545635195449 ], [ 696190.994581531500444, 2428548.624221253208816 ], [ 696190.77781814080663, 2428548.463458565995097 ], [ 696190.54634102631826, 2428548.324716522824019 ], [ 696190.302379439002834, 2428548.209331285674125 ], [ 696190.048282862408087, 2428548.118414076510817 ], [ 696189.786498385597952, 2428548.052840478718281 ], [ 696189.519547135918401, 2428548.013242001645267 ], [ 696189.25, 2428548.0 ], [ 696188.980452864081599, 2428548.013242001645267 ], [ 696188.713501614402048, 2428548.052840478718281 ], [ 696188.451717137591913, 2428548.118414076510817 ], [ 696188.197620560997166, 2428548.209331285674125 ], [ 696187.95365897368174, 2428548.324716522824019 ], [ 696187.72218185919337, 2428548.463458565995097 ], [ 696187.505418468499556, 2428548.624221253208816 ], [ 696187.305456351721659, 2428548.80545635195449 ], [ 696187.124221253208816, 2428549.005418468732387 ], [ 696186.963458566111512, 2428549.2221818594262 ], [ 696186.82471652305685, 2428549.453658973798156 ], [ 696186.70933128555771, 2428549.69762056088075 ], [ 696186.618414076743647, 2428549.951717137359083 ], [ 696186.552840478834696, 2428550.213501614518464 ], [ 696186.513242001645267, 2428550.480452863965183 ], [ 696186.5, 2428550.75 ], [ 696186.513242001645267, 2428551.019547136034817 ], [ 696186.552840478834696, 2428551.286498385481536 ], [ 696186.618414076743647, 2428551.548282862640917 ], [ 696186.70933128555771, 2428551.80237943911925 ], [ 696186.82471652305685, 2428552.046341026201844 ], [ 696186.963458566111512, 2428552.2778181405738 ], [ 696187.124221253208816, 2428552.494581531267613 ], [ 696187.305456351721659, 2428552.69454364804551 ], [ 696187.505418468499556, 2428552.875778746791184 ], [ 696187.72218185919337, 2428553.036541434004903 ], [ 696187.95365897368174, 2428553.175283477175981 ], [ 696188.197620560997166, 2428553.290668714325875 ], [ 696188.451717137591913, 2428553.381585923489183 ], [ 696188.713501614402048, 2428553.447159521281719 ], [ 696188.980452864081599, 2428553.486757998354733 ], [ 696189.25, 2428553.5 ], [ 696189.519547135918401, 2428553.486757998354733 ], [ 696189.786498385597952, 2428553.447159521281719 ], [ 696190.048282862408087, 2428553.381585923489183 ], [ 696190.302379439002834, 2428553.290668714325875 ], [ 696190.54634102631826, 2428553.175283477175981 ], [ 696190.77781814080663, 2428553.036541434004903 ], [ 696190.994581531500444, 2428552.875778746791184 ], [ 696191.194543648278341, 2428552.69454364804551 ], [ 696191.375778746791184, 2428552.494581531267613 ], [ 696191.536541433888488, 2428552.2778181405738 ], [ 696191.67528347694315, 2428552.046341026201844 ], [ 696191.79066871444229, 2428551.80237943911925 ], [ 696191.881585923256353, 2428551.548282862640917 ], [ 696191.947159521165304, 2428551.286498385481536 ], [ 696191.986757998354733, 2428551.019547136034817 ], [ 696192.0, 2428550.75 ] ] ] } },
{ "type": "Feature", "properties": { "xmin": 564.48627, "ymin": 921.68799, "xmax": 579.29315, "ymax": 936.63599, "score": 0.4457494, "label": "Tree", "tile_idx": 9, "geo_xmin": 696151.56, "geo_ymin": 2428403.8, "geo_xmax": 696155.56, "geo_ymax": 2428408.0, "center_x": 696153.56, "center_y": 2428406.0, "width_m": 4.0, "height_m": 4.25, "crown_diameter_m": 4.1231055, "lon": 88.899399054265643, "lat": 21.949076042607249, "crown_area_raw_m2": 13.351769, "crown_area_calibrated_m2": 16.022123, "agb_tree_kg": 21.70456010280137 }, "geometry": { "type": "Polygon", "coordinates": [ [ [ 696155.5625, 2428406.0 ], [ 696155.55286945332773, 2428405.791713576763868 ], [ 696155.524070560815744, 2428405.585433065891266 ], [ 696155.476380671490915, 2428405.383145060855895 ], [ 696155.410259064985439, 2428405.186797706410289 ], [ 696155.326342528685927, 2428404.998281934298575 ], [ 696155.225439224625006, 2428404.819413254968822 ], [ 696155.108520906767808, 2428404.651914271060377 ], [ 696154.976713562384248, 2428404.497398090083152 ], [ 696154.831286568311043, 2428404.357352786697447 ], [ 696154.673640466062352, 2428404.233127073850483 ], [ 696154.505293473601341, 2428404.125917313154787 ], [ 696154.327866864739917, 2428404.036755993496627 ], [ 696154.143069354468025, 2428403.966501786373556 ], [ 696153.952680643997155, 2428403.915831279009581 ], [ 696153.758534280699678, 2428403.885232456028461 ], [ 696153.5625, 2428403.875 ], [ 696153.366465719300322, 2428403.885232456028461 ], [ 696153.172319356002845, 2428403.915831279009581 ], [ 696152.981930645531975, 2428403.966501786373556 ], [ 696152.797133135260083, 2428404.036755993496627 ], [ 696152.619706526398659, 2428404.125917313154787 ], [ 696152.451359533937648, 2428404.233127073850483 ], [ 696152.293713431688957, 2428404.357352786697447 ], [ 696152.148286437615752, 2428404.497398090083152 ], [ 696152.016479093232192, 2428404.651914271060377 ], [ 696151.899560775374994, 2428404.819413254968822 ], [ 696151.798657471314073, 2428404.998281934298575 ], [ 696151.714740935014561, 2428405.186797706410289 ], [ 696151.648619328509085, 2428405.383145060855895 ], [ 696151.600929439184256, 2428405.585433065891266 ], [ 696151.57213054667227, 2428405.791713576763868 ], [ 696151.5625, 2428406.0 ], [ 696151.57213054667227, 2428406.208286423236132 ], [ 696151.600929439184256, 2428406.414566934108734 ], [ 696151.648619328509085, 2428406.616854939144105 ], [ 696151.714740935014561, 2428406.813202293589711 ], [ 696151.798657471314073, 2428407.001718065701425 ], [ 696151.899560775374994, 2428407.180586745031178 ], [ 696152.016479093232192, 2428407.348085728939623 ], [ 696152.148286437615752, 2428407.502601909916848 ], [ 696152.293713431688957, 2428407.642647213302553 ], [ 696152.451359533937648, 2428407.766872926149517 ], [ 696152.619706526398659, 2428407.874082686845213 ], [ 696152.797133135260083, 2428407.963244006503373 ], [ 696152.981930645531975, 2428408.033498213626444 ], [ 696153.172319356002845, 2428408.084168720990419 ], [ 696153.366465719300322, 2428408.114767543971539 ], [ 696153.5625, 2428408.125 ], [ 696153.758534280699678, 2428408.114767543971539 ], [ 696153.952680643997155, 2428408.084168720990419 ], [ 696154.143069354468025, 2428408.033498213626444 ], [ 696154.327866864739917, 2428407.963244006503373 ], [ 696154.505293473601341, 2428407.874082686845213 ], [ 696154.673640466062352, 2428407.766872926149517 ], [ 696154.831286568311043, 2428407.642647213302553 ], [ 696154.976713562384248, 2428407.502601909916848 ], [ 696155.108520906767808, 2428407.348085728939623 ], [ 696155.225439224625006, 2428407.180586745031178 ], [ 696155.326342528685927, 2428407.001718065701425 ], [ 696155.410259064985439, 2428406.813202293589711 ], [ 696155.476380671490915, 2428406.616854939144105 ], [ 696155.524070560815744, 2428406.414566934108734 ], [ 696155.55286945332773, 2428406.208286423236132 ], [ 696155.5625, 2428406.0 ] ] ] } },
{ "type": "Feature", "properties": { "xmin": 1031.6202, "ymin": 73.002258, "xmax": 1040.0, "ymax": 94.992386, "score": 0.4398351, "label": "Tree", "tile_idx": 2, "geo_xmin": 696277.69, "geo_ymin": 2428631.0, "geo_xmax": 696279.94, "geo_ymax": 2428637.0, "center_x": 696278.81, "center_y": 2428634.0, "width_m": 2.25, "height_m": 6.0, "crown_diameter_m": 3.6742346, "lon": 88.900638743782139, "lat": 21.951120774065235, "crown_area_raw_m2": 10.602875, "crown_area_calibrated_m2": 12.723451, "agb_tree_kg": 16.4517690324016 }, "geometry": { "type": "Polygon", "coordinates": [ [ [ 696279.9375, 2428634.0 ], [ 696279.932082817540504, 2428633.705948579125106 ], [ 696279.915883440407924, 2428633.414729034062475 ], [ 696279.889057877706364, 2428633.129145968239754 ], [ 696279.851864474127069, 2428632.851949702948332 ], [ 696279.804661422385834, 2428632.585809789597988 ], [ 696279.747903313837014, 2428632.333289301022887 ], [ 696279.682136759976856, 2428632.096820147708058 ], [ 696279.607995128841139, 2428631.878679656423628 ], [ 696279.526192444725893, 2428631.680968639906496 ], [ 696279.437516512116417, 2428631.505591162946075 ], [ 696279.342821328900754, 2428631.354236206971109 ], [ 696279.243018861394376, 2428631.228361402638257 ], [ 696279.1390702619683, 2428631.12917899293825 ], [ 696279.03197661228478, 2428631.057644158601761 ], [ 696278.922769282828085, 2428631.014445819891989 ], [ 696278.8125, 2428631.0 ], [ 696278.702230717171915, 2428631.014445819891989 ], [ 696278.59302338771522, 2428631.057644158601761 ], [ 696278.4859297380317, 2428631.12917899293825 ], [ 696278.381981138605624, 2428631.228361402638257 ], [ 696278.282178671099246, 2428631.354236206971109 ], [ 696278.187483487883583, 2428631.505591162946075 ], [ 696278.098807555274107, 2428631.680968639906496 ], [ 696278.017004871158861, 2428631.878679656423628 ], [ 696277.942863240023144, 2428632.096820147708058 ], [ 696277.877096686162986, 2428632.333289301022887 ], [ 696277.820338577614166, 2428632.585809789597988 ], [ 696277.773135525872931, 2428632.851949702948332 ], [ 696277.735942122293636, 2428633.129145968239754 ], [ 696277.709116559592076, 2428633.414729034062475 ], [ 696277.692917182459496, 2428633.705948579125106 ], [ 696277.6875, 2428634.0 ], [ 696277.692917182459496, 2428634.294051420874894 ], [ 696277.709116559592076, 2428634.585270965937525 ], [ 696277.735942122293636, 2428634.870854031760246 ], [ 696277.773135525872931, 2428635.148050297051668 ], [ 696277.820338577614166, 2428635.414190210402012 ], [ 696277.877096686162986, 2428635.666710698977113 ], [ 696277.942863240023144, 2428635.903179852291942 ], [ 696278.017004871158861, 2428636.121320343576372 ], [ 696278.098807555274107, 2428636.319031360093504 ], [ 696278.187483487883583, 2428636.494408837053925 ], [ 696278.282178671099246, 2428636.645763793028891 ], [ 696278.381981138605624, 2428636.771638597361743 ], [ 696278.4859297380317, 2428636.87082100706175 ], [ 696278.59302338771522, 2428636.942355841398239 ], [ 696278.702230717171915, 2428636.985554180108011 ], [ 696278.8125, 2428637.0 ], [ 696278.922769282828085, 2428636.985554180108011 ], [ 696279.03197661228478, 2428636.942355841398239 ], [ 696279.1390702619683, 2428636.87082100706175 ], [ 696279.243018861394376, 2428636.771638597361743 ], [ 696279.342821328900754, 2428636.645763793028891 ], [ 696279.437516512116417, 2428636.494408837053925 ], [ 696279.526192444725893, 2428636.319031360093504 ], [ 696279.607995128841139, 2428636.121320343576372 ], [ 696279.682136759976856, 2428635.903179852291942 ], [ 696279.747903313837014, 2428635.666710698977113 ], [ 696279.804661422385834, 2428635.414190210402012 ], [ 696279.851864474127069, 2428635.148050297051668 ], [ 696279.889057877706364, 2428634.870854031760246 ], [ 696279.915883440407924, 2428634.585270965937525 ], [ 696279.932082817540504, 2428634.294051420874894 ], [ 696279.9375, 2428634.0 ] ] ] } },
{ "type": "Feature", "properties": { "xmin": 832.85223, "ymin": 842.57928, "xmax": 851.71716, "ymax": 861.58978, "score": 0.43829185, "label": "Tree", "tile_idx": 11, "geo_xmin": 696224.0, "geo_ymin": 2428424.0, "geo_xmax": 696229.06, "geo_ymax": 2428429.2, "center_x": 696226.5, "center_y": 2428426.5, "width_m": 5.0625, "height_m": 5.25, "crown_diameter_m": 5.1553979, "lon": 88.900107488679936, "lat": 21.949252984684009, "crown_area_raw_m2": 20.874411, "crown_area_calibrated_m2": 25.049294, "agb_tree_kg": 37.138957925637278 }, "geometry": { "type": "Polygon", "coordinates": [ [ [ 696229.03125, 2428426.5 ], [ 696229.01906133943703, 2428426.242705006618053 ], [ 696228.982612741063349, 2428425.987887904513627 ], [ 696228.922255224781111, 2428425.738002722151577 ], [ 696228.838570066611283, 2428425.49545599007979 ], [ 696228.732363200397231, 2428425.26258356589824 ], [ 696228.604657456162386, 2428425.041628138162196 ], [ 696228.456682710093446, 2428424.83471762901172 ], [ 696228.28986403986346, 2428424.64384469948709 ], [ 696228.105808000545949, 2428424.470847560092807 ], [ 696227.906287152320147, 2428424.317392267752439 ], [ 696227.693222990143113, 2428424.184956680983305 ], [ 696227.468667438137345, 2428424.074816226959229 ], [ 696227.234783089254051, 2428423.988031618762761 ], [ 696226.993822377640754, 2428423.925438638776541 ], [ 696226.748105886508711, 2428423.887640092521906 ], [ 696226.5, 2428423.875 ], [ 696226.251894113491289, 2428423.887640092521906 ], [ 696226.006177622359246, 2428423.925438638776541 ], [ 696225.765216910745949, 2428423.988031618762761 ], [ 696225.531332561862655, 2428424.074816226959229 ], [ 696225.306777009856887, 2428424.184956680983305 ], [ 696225.093712847679853, 2428424.317392267752439 ], [ 696224.894191999454051, 2428424.470847560092807 ], [ 696224.71013596013654, 2428424.64384469948709 ], [ 696224.543317289906554, 2428424.83471762901172 ], [ 696224.395342543837614, 2428425.041628138162196 ], [ 696224.267636799602769, 2428425.26258356589824 ], [ 696224.161429933388717, 2428425.49545599007979 ], [ 696224.077744775218889, 2428425.738002722151577 ], [ 696224.017387258936651, 2428425.987887904513627 ], [ 696223.98093866056297, 2428426.242705006618053 ], [ 696223.96875, 2428426.5 ], [ 696223.98093866056297, 2428426.757294993381947 ], [ 696224.017387258936651, 2428427.012112095486373 ], [ 696224.077744775218889, 2428427.261997277848423 ], [ 696224.161429933388717, 2428427.50454400992021 ], [ 696224.267636799602769, 2428427.73741643410176 ], [ 696224.395342543837614, 2428427.958371861837804 ], [ 696224.543317289906554, 2428428.16528237098828 ], [ 696224.71013596013654, 2428428.35615530051291 ], [ 696224.894191999454051, 2428428.529152439907193 ], [ 696225.093712847679853, 2428428.682607732247561 ], [ 696225.306777009856887, 2428428.815043319016695 ], [ 696225.531332561862655, 2428428.925183773040771 ], [ 696225.765216910745949, 2428429.011968381237239 ], [ 696226.006177622359246, 2428429.074561361223459 ], [ 696226.251894113491289, 2428429.112359907478094 ], [ 696226.5, 2428429.125 ], [ 696226.748105886508711, 2428429.112359907478094 ], [ 696226.993822377640754, 2428429.074561361223459 ], [ 696227.234783089254051, 2428429.011968381237239 ], [ 696227.468667438137345, 2428428.925183773040771 ], [ 696227.693222990143113, 2428428.815043319016695 ], [ 696227.906287152320147, 2428428.682607732247561 ], [ 696228.105808000545949, 2428428.529152439907193 ], [ 696228.28986403986346, 2428428.35615530051291 ], [ 696228.456682710093446, 2428428.16528237098828 ], [ 696228.604657456162386, 2428427.958371861837804 ], [ 696228.732363200397231, 2428427.73741643410176 ], [ 696228.838570066611283, 2428427.50454400992021 ], [ 696228.922255224781111, 2428427.261997277848423 ], [ 696228.982612741063349, 2428427.012112095486373 ], [ 696229.01906133943703, 2428426.757294993381947 ], [ 696229.03125, 2428426.5 ] ] ] } },
{ "type": "Feature", "properties": { "xmin": 855.99646, "ymin": 618.48169, "xmax": 874.84729, "ymax": 638.40271, "score": 0.43735591, "label": "Tree", "tile_idx": 7, "geo_xmin": 696230.25, "geo_ymin": 2428484.5, "geo_xmax": 696235.31, "geo_ymax": 2428489.8, "center_x": 696232.75, "center_y": 2428487.0, "width_m": 5.0625, "height_m": 5.25, "crown_diameter_m": 5.1553979, "lon": 88.900175245460119, "lat": 21.949798577496683, "crown_area_raw_m2": 20.874411, "crown_area_calibrated_m2": 25.049294, "agb_tree_kg": 37.138957925637278 }, "geometry": { "type": "Polygon", "coordinates": [ [ [ 696235.28125, 2428487.0 ], [ 696235.26906133943703, 2428486.742705006618053 ], [ 696235.232612741063349, 2428486.487887904513627 ], [ 696235.172255224781111, 2428486.238002722151577 ], [ 696235.088570066611283, 2428485.99545599007979 ], [ 696234.982363200397231, 2428485.76258356589824 ], [ 696234.854657456162386, 2428485.541628138162196 ], [ 696234.706682710093446, 2428485.33471762901172 ], [ 696234.53986403986346, 2428485.14384469948709 ], [ 696234.355808000545949, 2428484.970847560092807 ], [ 696234.156287152320147, 2428484.817392267752439 ], [ 696233.943222990143113, 2428484.684956680983305 ], [ 696233.718667438137345, 2428484.574816226959229 ], [ 696233.484783089254051, 2428484.488031618762761 ], [ 696233.243822377640754, 2428484.425438638776541 ], [ 696232.998105886508711, 2428484.387640092521906 ], [ 696232.75, 2428484.375 ], [ 696232.501894113491289, 2428484.387640092521906 ], [ 696232.256177622359246, 2428484.425438638776541 ], [ 696232.015216910745949, 2428484.488031618762761 ], [ 696231.781332561862655, 2428484.574816226959229 ], [ 696231.556777009856887, 2428484.684956680983305 ], [ 696231.343712847679853, 2428484.817392267752439 ], [ 696231.144191999454051, 2428484.970847560092807 ], [ 696230.96013596013654, 2428485.14384469948709 ], [ 696230.793317289906554, 2428485.33471762901172 ], [ 696230.645342543837614, 2428485.541628138162196 ], [ 696230.517636799602769, 2428485.76258356589824 ], [ 696230.411429933388717, 2428485.99545599007979 ], [ 696230.327744775218889, 2428486.238002722151577 ], [ 696230.267387258936651, 2428486.487887904513627 ], [ 696230.23093866056297, 2428486.742705006618053 ], [ 696230.21875, 2428487.0 ], [ 696230.23093866056297, 2428487.257294993381947 ], [ 696230.267387258936651, 2428487.512112095486373 ], [ 696230.327744775218889, 2428487.761997277848423 ], [ 696230.411429933388717, 2428488.00454400992021 ], [ 696230.517636799602769, 2428488.23741643410176 ], [ 696230.645342543837614, 2428488.458371861837804 ], [ 696230.793317289906554, 2428488.66528237098828 ], [ 696230.96013596013654, 2428488.85615530051291 ], [ 696231.144191999454051, 2428489.029152439907193 ], [ 696231.343712847679853, 2428489.182607732247561 ], [ 696231.556777009856887, 2428489.315043319016695 ], [ 696231.781332561862655, 2428489.425183773040771 ], [ 696232.015216910745949, 2428489.511968381237239 ], [ 696232.256177622359246, 2428489.574561361223459 ], [ 696232.501894113491289, 2428489.612359907478094 ], [ 696232.75, 2428489.625 ], [ 696232.998105886508711, 2428489.612359907478094 ], [ 696233.243822377640754, 2428489.574561361223459 ], [ 696233.484783089254051, 2428489.511968381237239 ], [ 696233.718667438137345, 2428489.425183773040771 ], [ 696233.943222990143113, 2428489.315043319016695 ], [ 696234.156287152320147, 2428489.182607732247561 ], [ 696234.355808000545949, 2428489.029152439907193 ], [ 696234.53986403986346, 2428488.85615530051291 ], [ 696234.706682710093446, 2428488.66528237098828 ], [ 696234.854657456162386, 2428488.458371861837804 ], [ 696234.982363200397231, 2428488.23741643410176 ], [ 696235.088570066611283, 2428488.00454400992021 ], [ 696235.172255224781111, 2428487.761997277848423 ], [ 696235.232612741063349, 2428487.512112095486373 ], [ 696235.26906133943703, 2428487.257294993381947 ], [ 696235.28125, 2428487.0 ] ] ] } },
{ "type": "Feature", "properties": { "xmin": 245.9601, "ymin": 367.14743, "xmax": 265.97366, "ymax": 387.26318, "score": 0.42758915, "label": "Tree", "tile_idx": 4, "geo_xmin": 696065.56, "geo_ymin": 2428552.2, "geo_xmax": 696070.94, "geo_ymax": 2428557.5, "center_x": 696068.25, "center_y": 2428555.0, "width_m": 5.375, "height_m": 5.25, "crown_diameter_m": 5.3121324, "lon": 88.898591170403321, "lat": 21.950431005668808, "crown_area_raw_m2": 22.162954, "crown_area_calibrated_m2": 26.595547, "agb_tree_kg": 39.911478424586385 }, "geometry": { "type": "Polygon", "coordinates": [ [ [ 696070.9375, 2428555.0 ], [ 696070.924558952916414, 2428554.742705006618053 ], [ 696070.885860441136174, 2428554.487887904513627 ], [ 696070.821777152246796, 2428554.238002722151577 ], [ 696070.732926243566908, 2428553.99545599007979 ], [ 696070.620163397979923, 2428553.76258356589824 ], [ 696070.484574583009817, 2428553.541628138162196 ], [ 696070.327465593465604, 2428553.33471762901172 ], [ 696070.150349474395625, 2428553.14384469948709 ], [ 696069.954931951244362, 2428552.970847560092807 ], [ 696069.743095001205802, 2428552.817392267752439 ], [ 696069.516878730268218, 2428552.684956680983305 ], [ 696069.27846172451973, 2428552.574816226959229 ], [ 696069.030140070128255, 2428552.488031618762761 ], [ 696068.774305240367539, 2428552.425438638776541 ], [ 696068.513421064591967, 2428552.387640092521906 ], [ 696068.25, 2428552.375 ], [ 696067.986578935408033, 2428552.387640092521906 ], [ 696067.725694759632461, 2428552.425438638776541 ], [ 696067.469859929871745, 2428552.488031618762761 ], [ 696067.22153827548027, 2428552.574816226959229 ], [ 696066.983121269731782, 2428552.684956680983305 ], [ 696066.756904998794198, 2428552.817392267752439 ], [ 696066.545068048755638, 2428552.970847560092807 ], [ 696066.349650525604375, 2428553.14384469948709 ], [ 696066.172534406534396, 2428553.33471762901172 ], [ 696066.015425416990183, 2428553.541628138162196 ], [ 696065.879836602020077, 2428553.76258356589824 ], [ 696065.767073756433092, 2428553.99545599007979 ], [ 696065.678222847753204, 2428554.238002722151577 ], [ 696065.614139558863826, 2428554.487887904513627 ], [ 696065.575441047083586, 2428554.742705006618053 ], [ 696065.5625, 2428555.0 ], [ 696065.575441047083586, 2428555.257294993381947 ], [ 696065.614139558863826, 2428555.512112095486373 ], [ 696065.678222847753204, 2428555.761997277848423 ], [ 696065.767073756433092, 2428556.00454400992021 ], [ 696065.879836602020077, 2428556.23741643410176 ], [ 696066.015425416990183, 2428556.458371861837804 ], [ 696066.172534406534396, 2428556.66528237098828 ], [ 696066.349650525604375, 2428556.85615530051291 ], [ 696066.545068048755638, 2428557.029152439907193 ], [ 696066.756904998794198, 2428557.182607732247561 ], [ 696066.983121269731782, 2428557.315043319016695 ], [ 696067.22153827548027, 2428557.425183773040771 ], [ 696067.469859929871745, 2428557.511968381237239 ], [ 696067.725694759632461, 2428557.574561361223459 ], [ 696067.986578935408033, 2428557.612359907478094 ], [ 696068.25, 2428557.625 ], [ 696068.513421064591967, 2428557.612359907478094 ], [ 696068.774305240367539, 2428557.574561361223459 ], [ 696069.030140070128255, 2428557.511968381237239 ], [ 696069.27846172451973, 2428557.425183773040771 ], [ 696069.516878730268218, 2428557.315043319016695 ], [ 696069.743095001205802, 2428557.182607732247561 ], [ 696069.954931951244362, 2428557.029152439907193 ], [ 696070.150349474395625, 2428556.85615530051291 ], [ 696070.327465593465604, 2428556.66528237098828 ], [ 696070.484574583009817, 2428556.458371861837804 ], [ 696070.620163397979923, 2428556.23741643410176 ], [ 696070.732926243566908, 2428556.00454400992021 ], [ 696070.821777152246796, 2428555.761997277848423 ], [ 696070.885860441136174, 2428555.512112095486373 ], [ 696070.924558952916414, 2428555.257294993381947 ], [ 696070.9375, 2428555.0 ] ] ] } },
{ "type": "Feature", "properties": { "xmin": 758.00311, "ymin": 43.540985, "xmax": 778.41217, "ymax": 64.954651, "score": 0.42702433, "label": "Tree", "tile_idx": 2, "geo_xmin": 696203.81, "geo_ymin": 2428639.2, "geo_xmax": 696209.31, "geo_ymax": 2428645.0, "center_x": 696206.56, "center_y": 2428642.0, "width_m": 5.5, "height_m": 5.75, "crown_diameter_m": 5.623611, "lon": 88.899940374723471, "lat": 21.951201102507152, "crown_area_raw_m2": 24.838219, "crown_area_calibrated_m2": 29.805864, "agb_tree_kg": 45.770759427467326 }, "geometry": { "type": "Polygon", "coordinates": [ [ [ 696209.3125, 2428642.0 ], [ 696209.299257998354733, 2428641.718200721777976 ], [ 696209.259659521165304, 2428641.439115324057639 ], [ 696209.194085923256353, 2428641.165431553032249 ], [ 696209.10316871444229, 2428640.899785132147372 ], [ 696208.98778347694315, 2428640.644734381698072 ], [ 696208.849041433888488, 2428640.402735580224544 ], [ 696208.688278746791184, 2428640.176119307987392 ], [ 696208.507043648278341, 2428639.967068003956228 ], [ 696208.307081531500444, 2428639.777594946790487 ], [ 696208.09031814080663, 2428639.609524864703417 ], [ 696207.85884102631826, 2428639.464476365130395 ], [ 696207.614879439002834, 2428639.34384634392336 ], [ 696207.360782862408087, 2428639.248796534724534 ], [ 696207.098998385597952, 2428639.180242318660021 ], [ 696206.832047135918401, 2428639.138843910768628 ], [ 696206.5625, 2428639.125 ], [ 696206.292952864081599, 2428639.138843910768628 ], [ 696206.026001614402048, 2428639.180242318660021 ], [ 696205.764217137591913, 2428639.248796534724534 ], [ 696205.510120560997166, 2428639.34384634392336 ], [ 696205.26615897368174, 2428639.464476365130395 ], [ 696205.03468185919337, 2428639.609524864703417 ], [ 696204.817918468499556, 2428639.777594946790487 ], [ 696204.617956351721659, 2428639.967068003956228 ], [ 696204.436721253208816, 2428640.176119307987392 ], [ 696204.275958566111512, 2428640.402735580224544 ], [ 696204.13721652305685, 2428640.644734381698072 ], [ 696204.02183128555771, 2428640.899785132147372 ], [ 696203.930914076743647, 2428641.165431553032249 ], [ 696203.865340478834696, 2428641.439115324057639 ], [ 696203.825742001645267, 2428641.718200721777976 ], [ 696203.8125, 2428642.0 ], [ 696203.825742001645267, 2428642.281799278222024 ], [ 696203.865340478834696, 2428642.560884675942361 ], [ 696203.930914076743647, 2428642.834568446967751 ], [ 696204.02183128555771, 2428643.100214867852628 ], [ 696204.13721652305685, 2428643.355265618301928 ], [ 696204.275958566111512, 2428643.597264419775456 ], [ 696204.436721253208816, 2428643.823880692012608 ], [ 696204.617956351721659, 2428644.032931996043772 ], [ 696204.817918468499556, 2428644.222405053209513 ], [ 696205.03468185919337, 2428644.390475135296583 ], [ 696205.26615897368174, 2428644.535523634869605 ], [ 696205.510120560997166, 2428644.65615365607664 ], [ 696205.764217137591913, 2428644.751203465275466 ], [ 696206.026001614402048, 2428644.819757681339979 ], [ 696206.292952864081599, 2428644.861156089231372 ], [ 696206.5625, 2428644.875 ], [ 696206.832047135918401, 2428644.861156089231372 ], [ 696207.098998385597952, 2428644.819757681339979 ], [ 696207.360782862408087, 2428644.751203465275466 ], [ 696207.614879439002834, 2428644.65615365607664 ], [ 696207.85884102631826, 2428644.535523634869605 ], [ 696208.09031814080663, 2428644.390475135296583 ], [ 696208.307081531500444, 2428644.222405053209513 ], [ 696208.507043648278341, 2428644.032931996043772 ], [ 696208.688278746791184, 2428643.823880692012608 ], [ 696208.849041433888488, 2428643.597264419775456 ], [ 696208.98778347694315, 2428643.355265618301928 ], [ 696209.10316871444229, 2428643.100214867852628 ], [ 696209.194085923256353, 2428642.834568446967751 ], [ 696209.259659521165304, 2428642.560884675942361 ], [ 696209.299257998354733, 2428642.281799278222024 ], [ 696209.3125, 2428642.0 ] ] ] } },
{ "type": "Feature", "properties": { "xmin": 856.45721, "ymin": 410.6438, "xmax": 876.0379, "ymax": 430.71671, "score": 0.4179005, "label": "Tree", "tile_idx": 7, "geo_xmin": 696230.38, "geo_ymin": 2428540.5, "geo_xmax": 696235.62, "geo_ymax": 2428546.0, "center_x": 696233.0, "center_y": 2428543.2, "width_m": 5.25, "height_m": 5.5, "crown_diameter_m": 5.3735461, "lon": 88.900184417292067, "lat": 21.95030646618547, "crown_area_raw_m2": 22.678373, "crown_area_calibrated_m2": 27.214048, "agb_tree_kg": 41.029744088501019 }, "geometry": { "type": "Polygon", "coordinates": [ [ [ 696235.625, 2428543.25 ], [ 696235.612359907478094, 2428542.980452863965183 ], [ 696235.574561361107044, 2428542.713501614518464 ], [ 696235.511968381353654, 2428542.451717137359083 ], [ 696235.425183772807941, 2428542.19762056088075 ], [ 696235.31504331890028, 2428541.953658973798156 ], [ 696235.182607732247561, 2428541.7221818594262 ], [ 696235.029152440023609, 2428541.505418468732387 ], [ 696234.856155300629325, 2428541.30545635195449 ], [ 696234.665282370871864, 2428541.124221253208816 ], [ 696234.458371861721389, 2428540.963458565995097 ], [ 696234.237416434218176, 2428540.824716522824019 ], [ 696234.00454400992021, 2428540.709331285674125 ], [ 696233.761997277848423, 2428540.618414076510817 ], [ 696233.512112095253542, 2428540.552840478718281 ], [ 696233.257294993381947, 2428540.513242001645267 ], [ 696233.0, 2428540.5 ], [ 696232.742705006618053, 2428540.513242001645267 ], [ 696232.487887904746458, 2428540.552840478718281 ], [ 696232.238002722151577, 2428540.618414076510817 ], [ 696231.99545599007979, 2428540.709331285674125 ], [ 696231.762583565781824, 2428540.824716522824019 ], [ 696231.541628138278611, 2428540.963458565995097 ], [ 696231.334717629128136, 2428541.124221253208816 ], [ 696231.143844699370675, 2428541.30545635195449 ], [ 696230.970847559976391, 2428541.505418468732387 ], [ 696230.817392267752439, 2428541.7221818594262 ], [ 696230.68495668109972, 2428541.953658973798156 ], [ 696230.574816227192059, 2428542.19762056088075 ], [ 696230.488031618646346, 2428542.451717137359083 ], [ 696230.425438638892956, 2428542.713501614518464 ], [ 696230.387640092521906, 2428542.980452863965183 ], [ 696230.375, 2428543.25 ], [ 696230.387640092521906, 2428543.519547136034817 ], [ 696230.425438638892956, 2428543.786498385481536 ], [ 696230.488031618646346, 2428544.048282862640917 ], [ 696230.574816227192059, 2428544.30237943911925 ], [ 696230.68495668109972, 2428544.546341026201844 ], [ 696230.817392267752439, 2428544.7778181405738 ], [ 696230.970847559976391, 2428544.994581531267613 ], [ 696231.143844699370675, 2428545.19454364804551 ], [ 696231.334717629128136, 2428545.375778746791184 ], [ 696231.541628138278611, 2428545.536541434004903 ], [ 696231.762583565781824, 2428545.675283477175981 ], [ 696231.99545599007979, 2428545.790668714325875 ], [ 696232.238002722151577, 2428545.881585923489183 ], [ 696232.487887904746458, 2428545.947159521281719 ], [ 696232.742705006618053, 2428545.986757998354733 ], [ 696233.0, 2428546.0 ], [ 696233.257294993381947, 2428545.986757998354733 ], [ 696233.512112095253542, 2428545.947159521281719 ], [ 696233.761997277848423, 2428545.881585923489183 ], [ 696234.00454400992021, 2428545.790668714325875 ], [ 696234.237416434218176, 2428545.675283477175981 ], [ 696234.458371861721389, 2428545.536541434004903 ], [ 696234.665282370871864, 2428545.375778746791184 ], [ 696234.856155300629325, 2428545.19454364804551 ], [ 696235.029152440023609, 2428544.994581531267613 ], [ 696235.182607732247561, 2428544.7778181405738 ], [ 696235.31504331890028, 2428544.546341026201844 ], [ 696235.425183772807941, 2428544.30237943911925 ], [ 696235.511968381353654, 2428544.048282862640917 ], [ 696235.574561361107044, 2428543.786498385481536 ], [ 696235.612359907478094, 2428543.519547136034817 ], [ 696235.625, 2428543.25 ] ] ] } },
{ "type": "Feature", "properties": { "xmin": 647.72351, "ymin": 910.9176, "xmax": 666.62354, "ymax": 929.83228, "score": 0.41683072, "label": "Tree", "tile_idx": 9, "geo_xmin": 696174.0, "geo_ymin": 2428405.8, "geo_xmax": 696179.12, "geo_ymax": 2428410.8, "center_x": 696176.56, "center_y": 2428408.2, "width_m": 5.125, "height_m": 5.0, "crown_diameter_m": 5.0621142, "lon": 88.899621945016946, "lat": 21.949093784757007, "crown_area_raw_m2": 20.125828, "crown_area_calibrated_m2": 24.150995, "agb_tree_kg": 35.543926166061489 }, "geometry": { "type": "Polygon", "coordinates": [ [ [ 696179.125, 2428408.25 ], [ 696179.112660862039775, 2428408.004957149270922 ], [ 696179.075762281077914, 2428407.762274194974452 ], [ 696179.014659610344097, 2428407.524288306944072 ], [ 696178.929941302048974, 2428407.29329141927883 ], [ 696178.822423239937052, 2428407.071508157998323 ], [ 696178.693140881485306, 2428406.861074417363852 ], [ 696178.543339286698028, 2428406.664016789756715 ], [ 696178.37446112674661, 2428406.48223304701969 ], [ 696178.188132790615782, 2428406.317473866511136 ], [ 696177.986148722120561, 2428406.171325969044119 ], [ 696177.770454138168134, 2428406.045196839142591 ], [ 696177.543126295437105, 2428405.940301168709993 ], [ 696177.306354485452175, 2428405.857649160549045 ], [ 696177.062418950139545, 2428405.798036798834801 ], [ 696176.813668922055513, 2428405.762038183398545 ], [ 696176.5625, 2428405.75 ], [ 696176.311331077944487, 2428405.762038183398545 ], [ 696176.062581049860455, 2428405.798036798834801 ], [ 696175.818645514547825, 2428405.857649160549045 ], [ 696175.581873704562895, 2428405.940301168709993 ], [ 696175.354545861831866, 2428406.045196839142591 ], [ 696175.138851277879439, 2428406.171325969044119 ], [ 696174.936867209384218, 2428406.317473866511136 ], [ 696174.75053887325339, 2428406.48223304701969 ], [ 696174.581660713301972, 2428406.664016789756715 ], [ 696174.431859118514694, 2428406.861074417363852 ], [ 696174.302576760062948, 2428407.071508157998323 ], [ 696174.195058697951026, 2428407.29329141927883 ], [ 696174.110340389655903, 2428407.524288306944072 ], [ 696174.049237718922086, 2428407.762274194974452 ], [ 696174.012339137960225, 2428408.004957149270922 ], [ 696174.0, 2428408.25 ], [ 696174.012339137960225, 2428408.495042850729078 ], [ 696174.049237718922086, 2428408.737725805025548 ], [ 696174.110340389655903, 2428408.975711693055928 ], [ 696174.195058697951026, 2428409.20670858072117 ], [ 696174.302576760062948, 2428409.428491842001677 ], [ 696174.431859118514694, 2428409.638925582636148 ], [ 696174.581660713301972, 2428409.835983210243285 ], [ 696174.75053887325339, 2428410.01776695298031 ], [ 696174.936867209384218, 2428410.182526133488864 ], [ 696175.138851277879439, 2428410.328674030955881 ], [ 696175.354545861831866, 2428410.454803160857409 ], [ 696175.581873704562895, 2428410.559698831290007 ], [ 696175.818645514547825, 2428410.642350839450955 ], [ 696176.062581049860455, 2428410.701963201165199 ], [ 696176.311331077944487, 2428410.737961816601455 ], [ 696176.5625, 2428410.75 ], [ 696176.813668922055513, 2428410.737961816601455 ], [ 696177.062418950139545, 2428410.701963201165199 ], [ 696177.306354485452175, 2428410.642350839450955 ], [ 696177.543126295437105, 2428410.559698831290007 ], [ 696177.770454138168134, 2428410.454803160857409 ], [ 696177.986148722120561, 2428410.328674030955881 ], [ 696178.188132790615782, 2428410.182526133488864 ], [ 696178.37446112674661, 2428410.01776695298031 ], [ 696178.543339286698028, 2428409.835983210243285 ], [ 696178.693140881485306, 2428409.638925582636148 ], [ 696178.822423239937052, 2428409.428491842001677 ], [ 696178.929941302048974, 2428409.20670858072117 ], [ 696179.014659610344097, 2428408.975711693055928 ], [ 696179.075762281077914, 2428408.737725805025548 ], [ 696179.112660862039775, 2428408.495042850729078 ], [ 696179.125, 2428408.25 ] ] ] } },
{ "type": "Feature", "properties": { "xmin": 941.50354, "ymin": 693.10052, "xmax": 961.54181, "ymax": 713.29193, "score": 0.41594648, "label": "Tree", "tile_idx": 14, "geo_xmin": 696253.31, "geo_ymin": 2428464.2, "geo_xmax": 696258.75, "geo_ymax": 2428469.5, "center_x": 696256.0, "center_y": 2428467.0, "width_m": 5.4375, "height_m": 5.25, "crown_diameter_m": 5.3429275, "lon": 88.900397886093856, "lat": 21.949615381256887, "crown_area_raw_m2": 22.420664, "crown_area_calibrated_m2": 26.904799, "agb_tree_kg": 40.469961679464959 }, "geometry": { "type": "Polygon", "coordinates": [ [ [ 696258.71875, 2428467.0 ], [ 696258.705658475635573, 2428466.742705006618053 ], [ 696258.666509981150739, 2428466.487887904513627 ], [ 696258.601681537809782, 2428466.238002722151577 ], [ 696258.511797479004599, 2428465.99545599007979 ], [ 696258.397723437403329, 2428465.76258356589824 ], [ 696258.260558008449152, 2428465.541628138162196 ], [ 696258.101622170070186, 2428465.33471762901172 ], [ 696257.922446561395191, 2428465.14384469948709 ], [ 696257.724756741314195, 2428464.970847560092807 ], [ 696257.510456571006216, 2428464.817392267752439 ], [ 696257.281609878293239, 2428464.684956680983305 ], [ 696257.040420581703074, 2428464.574816226959229 ], [ 696256.789211466326378, 2428464.488031618762761 ], [ 696256.530401812982745, 2428464.425438638776541 ], [ 696256.266484100255184, 2428464.387640092521906 ], [ 696256.0, 2428464.375 ], [ 696255.733515899744816, 2428464.387640092521906 ], [ 696255.469598187017255, 2428464.425438638776541 ], [ 696255.210788533673622, 2428464.488031618762761 ], [ 696254.959579418296926, 2428464.574816226959229 ], [ 696254.718390121706761, 2428464.684956680983305 ], [ 696254.489543428993784, 2428464.817392267752439 ], [ 696254.275243258685805, 2428464.970847560092807 ], [ 696254.077553438604809, 2428465.14384469948709 ], [ 696253.898377829929814, 2428465.33471762901172 ], [ 696253.739441991550848, 2428465.541628138162196 ], [ 696253.602276562596671, 2428465.76258356589824 ], [ 696253.488202520995401, 2428465.99545599007979 ], [ 696253.398318462190218, 2428466.238002722151577 ], [ 696253.333490018849261, 2428466.487887904513627 ], [ 696253.294341524364427, 2428466.742705006618053 ], [ 696253.28125, 2428467.0 ], [ 696253.294341524364427, 2428467.257294993381947 ], [ 696253.333490018849261, 2428467.512112095486373 ], [ 696253.398318462190218, 2428467.761997277848423 ], [ 696253.488202520995401, 2428468.00454400992021 ], [ 696253.602276562596671, 2428468.23741643410176 ], [ 696253.739441991550848, 2428468.458371861837804 ], [ 696253.898377829929814, 2428468.66528237098828 ], [ 696254.077553438604809, 2428468.85615530051291 ], [ 696254.275243258685805, 2428469.029152439907193 ], [ 696254.489543428993784, 2428469.182607732247561 ], [ 696254.718390121706761, 2428469.315043319016695 ], [ 696254.959579418296926, 2428469.425183773040771 ], [ 696255.210788533673622, 2428469.511968381237239 ], [ 696255.469598187017255, 2428469.574561361223459 ], [ 696255.733515899744816, 2428469.612359907478094 ], [ 696256.0, 2428469.625 ], [ 696256.266484100255184, 2428469.612359907478094 ], [ 696256.530401812982745, 2428469.574561361223459 ], [ 696256.789211466326378, 2428469.511968381237239 ], [ 696257.040420581703074, 2428469.425183773040771 ], [ 696257.281609878293239, 2428469.315043319016695 ], [ 696257.510456571006216, 2428469.182607732247561 ], [ 696257.724756741314195, 2428469.029152439907193 ], [ 696257.922446561395191, 2428468.85615530051291 ], [ 696258.101622170070186, 2428468.66528237098828 ], [ 696258.260558008449152, 2428468.458371861837804 ], [ 696258.397723437403329, 2428468.23741643410176 ], [ 696258.511797479004599, 2428468.00454400992021 ], [ 696258.601681537809782, 2428467.761997277848423 ], [ 696258.666509981150739, 2428467.512112095486373 ], [ 696258.705658475635573, 2428467.257294993381947 ], [ 696258.71875, 2428467.0 ] ] ] } },
{ "type": "Feature", "properties": { "xmin": 706.34454, "ymin": 639.94348, "xmax": 725.50311, "ymax": 659.12939, "score": 0.41573921, "label": "Tree", "tile_idx": 7, "geo_xmin": 696189.81, "geo_ymin": 2428478.8, "geo_xmax": 696195.0, "geo_ymax": 2428484.0, "center_x": 696192.38, "center_y": 2428481.5, "width_m": 5.1875, "height_m": 5.25, "crown_diameter_m": 5.2186565, "lon": 88.899783787300819, "lat": 21.949753435190829, "crown_area_raw_m2": 21.389828, "crown_area_calibrated_m2": 25.667795, "agb_tree_kg": 38.243934106837898 }, "geometry": { "type": "Polygon", "coordinates": [ [ [ 696194.96875, 2428481.5 ], [ 696194.956260384758934, 2428481.242705006618053 ], [ 696194.918911821092479, 2428480.987887904513627 ], [ 696194.857063995790668, 2428480.738002722151577 ], [ 696194.771312537486665, 2428480.49545599007979 ], [ 696194.662483279360458, 2428480.26258356589824 ], [ 696194.531624306924641, 2428480.041628138162196 ], [ 696194.379995863419026, 2428479.83471762901172 ], [ 696194.209058213746175, 2428479.64384469948709 ], [ 696194.020457580802031, 2428479.470847560092807 ], [ 696193.816010291920975, 2428479.317392267752439 ], [ 696193.597685286193155, 2428479.184956680983305 ], [ 696193.367585152736865, 2428479.074816226959229 ], [ 696193.127925881650299, 2428478.988031618762761 ], [ 696192.881015522754751, 2428478.925438638776541 ], [ 696192.62923195771873, 2428478.887640092521906 ], [ 696192.375, 2428478.875 ], [ 696192.12076804228127, 2428478.887640092521906 ], [ 696191.868984477245249, 2428478.925438638776541 ], [ 696191.622074118349701, 2428478.988031618762761 ], [ 696191.382414847263135, 2428479.074816226959229 ], [ 696191.152314713806845, 2428479.184956680983305 ], [ 696190.933989708079025, 2428479.317392267752439 ], [ 696190.729542419197969, 2428479.470847560092807 ], [ 696190.540941786253825, 2428479.64384469948709 ], [ 696190.370004136580974, 2428479.83471762901172 ], [ 696190.218375693075359, 2428480.041628138162196 ], [ 696190.087516720639542, 2428480.26258356589824 ], [ 696189.978687462513335, 2428480.49545599007979 ], [ 696189.892936004209332, 2428480.738002722151577 ], [ 696189.831088178907521, 2428480.987887904513627 ], [ 696189.793739615241066, 2428481.242705006618053 ], [ 696189.78125, 2428481.5 ], [ 696189.793739615241066, 2428481.757294993381947 ], [ 696189.831088178907521, 2428482.012112095486373 ], [ 696189.892936004209332, 2428482.261997277848423 ], [ 696189.978687462513335, 2428482.50454400992021 ], [ 696190.087516720639542, 2428482.73741643410176 ], [ 696190.218375693075359, 2428482.958371861837804 ], [ 696190.370004136580974, 2428483.16528237098828 ], [ 696190.540941786253825, 2428483.35615530051291 ], [ 696190.729542419197969, 2428483.529152439907193 ], [ 696190.933989708079025, 2428483.682607732247561 ], [ 696191.152314713806845, 2428483.815043319016695 ], [ 696191.382414847263135, 2428483.925183773040771 ], [ 696191.622074118349701, 2428484.011968381237239 ], [ 696191.868984477245249, 2428484.074561361223459 ], [ 696192.12076804228127, 2428484.112359907478094 ], [ 696192.375, 2428484.125 ], [ 696192.62923195771873, 2428484.112359907478094 ], [ 696192.881015522754751, 2428484.074561361223459 ], [ 696193.127925881650299, 2428484.011968381237239 ], [ 696193.367585152736865, 2428483.925183773040771 ], [ 696193.597685286193155, 2428483.815043319016695 ], [ 696193.816010291920975, 2428483.682607732247561 ], [ 696194.020457580802031, 2428483.529152439907193 ], [ 696194.209058213746175, 2428483.35615530051291 ], [ 696194.379995863419026, 2428483.16528237098828 ], [ 696194.531624306924641, 2428482.958371861837804 ], [ 696194.662483279360458, 2428482.73741643410176 ], [ 696194.771312537486665, 2428482.50454400992021 ], [ 696194.857063995790668, 2428482.261997277848423 ], [ 696194.918911821092479, 2428482.012112095486373 ], [ 696194.956260384758934, 2428481.757294993381947 ], [ 696194.96875, 2428481.5 ] ] ] } },
{ "type": "Feature", "properties": { "xmin": 547.57367, "ymin": 904.34656, "xmax": 562.85809, "ymax": 920.41919, "score": 0.40915, "label": "Tree", "tile_idx": 9, "geo_xmin": 696147.0, "geo_ymin": 2428408.2, "geo_xmax": 696151.12, "geo_ymax": 2428412.5, "center_x": 696149.06, "center_y": 2428410.5, "width_m": 4.125, "height_m": 4.25, "crown_diameter_m": 4.1870337, "lon": 88.899356037927518, "lat": 21.949117179642634, "crown_area_raw_m2": 13.769012, "crown_area_calibrated_m2": 16.522816, "agb_tree_kg": 22.522392331615986 }, "geometry": { "type": "Polygon", "coordinates": [ [ [ 696151.125, 2428410.5 ], [ 696151.11506849876605, 2428410.291713576763868 ], [ 696151.085369640844874, 2428410.085433065891266 ], [ 696151.036189442500472, 2428409.883145060855895 ], [ 696150.968001535860822, 2428409.686797706410289 ], [ 696150.88146260776557, 2428409.498281934298575 ], [ 696150.777406075387262, 2428409.319413254968822 ], [ 696150.656834060093388, 2428409.151914271060377 ], [ 696150.520907736150548, 2428408.997398090083152 ], [ 696150.370936148567125, 2428408.857352786697447 ], [ 696150.208363605546765, 2428408.733127073850483 ], [ 696150.034755769651383, 2428408.625917313154787 ], [ 696149.851784579223022, 2428408.536755993496627 ], [ 696149.661212146864273, 2428408.466501786373556 ], [ 696149.464873789111152, 2428408.415831279009581 ], [ 696149.264660351909697, 2428408.385232456028461 ], [ 696149.0625, 2428408.375 ], [ 696148.860339648090303, 2428408.385232456028461 ], [ 696148.660126210888848, 2428408.415831279009581 ], [ 696148.463787853135727, 2428408.466501786373556 ], [ 696148.273215420776978, 2428408.536755993496627 ], [ 696148.090244230348617, 2428408.625917313154787 ], [ 696147.916636394453235, 2428408.733127073850483 ], [ 696147.754063851432875, 2428408.857352786697447 ], [ 696147.604092263849452, 2428408.997398090083152 ], [ 696147.468165939906612, 2428409.151914271060377 ], [ 696147.347593924612738, 2428409.319413254968822 ], [ 696147.24353739223443, 2428409.498281934298575 ], [ 696147.156998464139178, 2428409.686797706410289 ], [ 696147.088810557499528, 2428409.883145060855895 ], [ 696147.039630359155126, 2428410.085433065891266 ], [ 696147.00993150123395, 2428410.291713576763868 ], [ 696147.0, 2428410.5 ], [ 696147.00993150123395, 2428410.708286423236132 ], [ 696147.039630359155126, 2428410.914566934108734 ], [ 696147.088810557499528, 2428411.116854939144105 ], [ 696147.156998464139178, 2428411.313202293589711 ], [ 696147.24353739223443, 2428411.501718065701425 ], [ 696147.347593924612738, 2428411.680586745031178 ], [ 696147.468165939906612, 2428411.848085728939623 ], [ 696147.604092263849452, 2428412.002601909916848 ], [ 696147.754063851432875, 2428412.142647213302553 ], [ 696147.916636394453235, 2428412.266872926149517 ], [ 696148.090244230348617, 2428412.374082686845213 ], [ 696148.273215420776978, 2428412.463244006503373 ], [ 696148.463787853135727, 2428412.533498213626444 ], [ 696148.660126210888848, 2428412.584168720990419 ], [ 696148.860339648090303, 2428412.614767543971539 ], [ 696149.0625, 2428412.625 ], [ 696149.264660351909697, 2428412.614767543971539 ], [ 696149.464873789111152, 2428412.584168720990419 ], [ 696149.661212146864273, 2428412.533498213626444 ], [ 696149.851784579223022, 2428412.463244006503373 ], [ 696150.034755769651383, 2428412.374082686845213 ], [ 696150.208363605546765, 2428412.266872926149517 ], [ 696150.370936148567125, 2428412.142647213302553 ], [ 696150.520907736150548, 2428412.002601909916848 ], [ 696150.656834060093388, 2428411.848085728939623 ], [ 696150.777406075387262, 2428411.680586745031178 ], [ 696150.88146260776557, 2428411.501718065701425 ], [ 696150.968001535860822, 2428411.313202293589711 ], [ 696151.036189442500472, 2428411.116854939144105 ], [ 696151.085369640844874, 2428410.914566934108734 ], [ 696151.11506849876605, 2428410.708286423236132 ], [ 696151.125, 2428410.5 ] ] ] } },
{ "type": "Feature", "properties": { "xmin": 541.38348, "ymin": 705.99097, "xmax": 563.20636, "ymax": 727.60828, "score": 0.40717942, "label": "Tree", "tile_idx": 9, "geo_xmin": 696145.31, "geo_ymin": 2428460.2, "geo_xmax": 696151.19, "geo_ymax": 2428466.2, "center_x": 696148.25, "center_y": 2428463.2, "width_m": 5.875, "height_m": 6.0, "crown_diameter_m": 5.937171, "lon": 88.899354502521774, "lat": 21.949593583832172, "crown_area_raw_m2": 27.685287, "crown_area_calibrated_m2": 33.222347, "agb_tree_kg": 52.147880664892632 }, "geometry": { "type": "Polygon", "coordinates": [ [ [ 696151.1875, 2428463.25 ], [ 696151.173355134553276, 2428462.955948579125106 ], [ 696151.131056761136279, 2428462.664729034062475 ], [ 696151.061012236168608, 2428462.379145968239754 ], [ 696150.963896126719192, 2428462.101949702948332 ], [ 696150.840643714065664, 2428461.835809789597988 ], [ 696150.692441986175254, 2428461.583289301022887 ], [ 696150.520718206767924, 2428461.346820147708058 ], [ 696150.327126169693656, 2428461.128679656423628 ], [ 696150.11353027226869, 2428460.930968639906496 ], [ 696149.8819875594927, 2428460.755591162946075 ], [ 696149.634727914468385, 2428460.604236206971109 ], [ 696149.374132582568564, 2428460.478361402638257 ], [ 696149.102711239480413, 2428460.37917899293825 ], [ 696148.823077820939943, 2428460.307644158601761 ], [ 696148.537925349664874, 2428460.264445819891989 ], [ 696148.25, 2428460.25 ], [ 696147.962074650335126, 2428460.264445819891989 ], [ 696147.676922179060057, 2428460.307644158601761 ], [ 696147.397288760519587, 2428460.37917899293825 ], [ 696147.125867417431436, 2428460.478361402638257 ], [ 696146.865272085531615, 2428460.604236206971109 ], [ 696146.6180124405073, 2428460.755591162946075 ], [ 696146.38646972773131, 2428460.930968639906496 ], [ 696146.172873830306344, 2428461.128679656423628 ], [ 696145.979281793232076, 2428461.346820147708058 ], [ 696145.807558013824746, 2428461.583289301022887 ], [ 696145.659356285934336, 2428461.835809789597988 ], [ 696145.536103873280808, 2428462.101949702948332 ], [ 696145.438987763831392, 2428462.379145968239754 ], [ 696145.368943238863721, 2428462.664729034062475 ], [ 696145.326644865446724, 2428462.955948579125106 ], [ 696145.3125, 2428463.25 ], [ 696145.326644865446724, 2428463.544051420874894 ], [ 696145.368943238863721, 2428463.835270965937525 ], [ 696145.438987763831392, 2428464.120854031760246 ], [ 696145.536103873280808, 2428464.398050297051668 ], [ 696145.659356285934336, 2428464.664190210402012 ], [ 696145.807558013824746, 2428464.916710698977113 ], [ 696145.979281793232076, 2428465.153179852291942 ], [ 696146.172873830306344, 2428465.371320343576372 ], [ 696146.38646972773131, 2428465.569031360093504 ], [ 696146.6180124405073, 2428465.744408837053925 ], [ 696146.865272085531615, 2428465.895763793028891 ], [ 696147.125867417431436, 2428466.021638597361743 ], [ 696147.397288760519587, 2428466.12082100706175 ], [ 696147.676922179060057, 2428466.192355841398239 ], [ 696147.962074650335126, 2428466.235554180108011 ], [ 696148.25, 2428466.25 ], [ 696148.537925349664874, 2428466.235554180108011 ], [ 696148.823077820939943, 2428466.192355841398239 ], [ 696149.102711239480413, 2428466.12082100706175 ], [ 696149.374132582568564, 2428466.021638597361743 ], [ 696149.634727914468385, 2428465.895763793028891 ], [ 696149.8819875594927, 2428465.744408837053925 ], [ 696150.11353027226869, 2428465.569031360093504 ], [ 696150.327126169693656, 2428465.371320343576372 ], [ 696150.520718206767924, 2428465.153179852291942 ], [ 696150.692441986175254, 2428464.916710698977113 ], [ 696150.840643714065664, 2428464.664190210402012 ], [ 696150.963896126719192, 2428464.398050297051668 ], [ 696151.061012236168608, 2428464.120854031760246 ], [ 696151.131056761136279, 2428463.835270965937525 ], [ 696151.173355134553276, 2428463.544051420874894 ], [ 696151.1875, 2428463.25 ] ] ] } },
{ "type": "Feature", "properties": { "xmin": 357.52985, "ymin": 808.31152, "xmax": 377.7706, "ymax": 829.02405, "score": 0.40380976, "label": "Tree", "tile_idx": 13, "geo_xmin": 696095.69, "geo_ymin": 2428433.0, "geo_xmax": 696101.12, "geo_ymax": 2428438.5, "center_x": 696098.38, "center_y": 2428435.8, "width_m": 5.4375, "height_m": 5.5, "crown_diameter_m": 5.4686608, "lon": 88.898868453744925, "lat": 21.949350850565921, "crown_area_raw_m2": 23.488316, "crown_area_calibrated_m2": 28.18598, "agb_tree_kg": 42.797392301097155 }, "geometry": { "type": "Polygon", "coordinates": [ [ [ 696101.09375, 2428435.75 ], [ 696101.080658475635573, 2428435.480452863965183 ], [ 696101.041509981150739, 2428435.213501614518464 ], [ 696100.976681537809782, 2428434.951717137359083 ], [ 696100.886797479004599, 2428434.69762056088075 ], [ 696100.772723437403329, 2428434.453658973798156 ], [ 696100.635558008449152, 2428434.2221818594262 ], [ 696100.476622170070186, 2428434.005418468732387 ], [ 696100.297446561395191, 2428433.80545635195449 ], [ 696100.099756741314195, 2428433.624221253208816 ], [ 696099.885456571006216, 2428433.463458565995097 ], [ 696099.656609878293239, 2428433.324716522824019 ], [ 696099.415420581703074, 2428433.209331285674125 ], [ 696099.164211466326378, 2428433.118414076510817 ], [ 696098.905401812982745, 2428433.052840478718281 ], [ 696098.641484100255184, 2428433.013242001645267 ], [ 696098.375, 2428433.0 ], [ 696098.108515899744816, 2428433.013242001645267 ], [ 696097.844598187017255, 2428433.052840478718281 ], [ 696097.585788533673622, 2428433.118414076510817 ], [ 696097.334579418296926, 2428433.209331285674125 ], [ 696097.093390121706761, 2428433.324716522824019 ], [ 696096.864543428993784, 2428433.463458565995097 ], [ 696096.650243258685805, 2428433.624221253208816 ], [ 696096.452553438604809, 2428433.80545635195449 ], [ 696096.273377829929814, 2428434.005418468732387 ], [ 696096.114441991550848, 2428434.2221818594262 ], [ 696095.977276562596671, 2428434.453658973798156 ], [ 696095.863202520995401, 2428434.69762056088075 ], [ 696095.773318462190218, 2428434.951717137359083 ], [ 696095.708490018849261, 2428435.213501614518464 ], [ 696095.669341524364427, 2428435.480452863965183 ], [ 696095.65625, 2428435.75 ], [ 696095.669341524364427, 2428436.019547136034817 ], [ 696095.708490018849261, 2428436.286498385481536 ], [ 696095.773318462190218, 2428436.548282862640917 ], [ 696095.863202520995401, 2428436.80237943911925 ], [ 696095.977276562596671, 2428437.046341026201844 ], [ 696096.114441991550848, 2428437.2778181405738 ], [ 696096.273377829929814, 2428437.494581531267613 ], [ 696096.452553438604809, 2428437.69454364804551 ], [ 696096.650243258685805, 2428437.875778746791184 ], [ 696096.864543428993784, 2428438.036541434004903 ], [ 696097.093390121706761, 2428438.175283477175981 ], [ 696097.334579418296926, 2428438.290668714325875 ], [ 696097.585788533673622, 2428438.381585923489183 ], [ 696097.844598187017255, 2428438.447159521281719 ], [ 696098.108515899744816, 2428438.486757998354733 ], [ 696098.375, 2428438.5 ], [ 696098.641484100255184, 2428438.486757998354733 ], [ 696098.905401812982745, 2428438.447159521281719 ], [ 696099.164211466326378, 2428438.381585923489183 ], [ 696099.415420581703074, 2428438.290668714325875 ], [ 696099.656609878293239, 2428438.175283477175981 ], [ 696099.885456571006216, 2428438.036541434004903 ], [ 696100.099756741314195, 2428437.875778746791184 ], [ 696100.297446561395191, 2428437.69454364804551 ], [ 696100.476622170070186, 2428437.494581531267613 ], [ 696100.635558008449152, 2428437.2778181405738 ], [ 696100.772723437403329, 2428437.046341026201844 ], [ 696100.886797479004599, 2428436.80237943911925 ], [ 696100.976681537809782, 2428436.548282862640917 ], [ 696101.041509981150739, 2428436.286498385481536 ], [ 696101.080658475635573, 2428436.019547136034817 ], [ 696101.09375, 2428435.75 ] ] ] } },
{ "type": "Feature", "properties": { "xmin": 966.89038, "ymin": 653.09662, "xmax": 988.37244, "ymax": 675.28528, "score": 0.40289626, "label": "Tree", "tile_idx": 7, "geo_xmin": 696260.19, "geo_ymin": 2428474.5, "geo_xmax": 696266.0, "geo_ymax": 2428480.5, "center_x": 696263.12, "center_y": 2428477.5, "width_m": 5.8125, "height_m": 6.0, "crown_diameter_m": 5.9055061, "lon": 88.900468110902068, "lat": 21.949709394410668, "crown_area_raw_m2": 27.390762, "crown_area_calibrated_m2": 32.868916, "agb_tree_kg": 51.481778095819919 }, "geometry": { "type": "Polygon", "coordinates": [ [ [ 696266.03125, 2428477.5 ], [ 696266.017255611834116, 2428477.205948579125106 ], [ 696265.975407221121714, 2428476.914729034062475 ], [ 696265.906107850722037, 2428476.629145968239754 ], [ 696265.810024891397916, 2428476.351949702948332 ], [ 696265.688083674525842, 2428476.085809789597988 ], [ 696265.541458560735919, 2428475.833289301022887 ], [ 696265.371561630046926, 2428475.596820147708058 ], [ 696265.180029082810506, 2428475.378679656423628 ], [ 696264.968705482082441, 2428475.180968639906496 ], [ 696264.739625989692286, 2428475.005591162946075 ], [ 696264.494996766443364, 2428474.854236206971109 ], [ 696264.237173725268804, 2428474.728361402638257 ], [ 696263.96863984328229, 2428474.62917899293825 ], [ 696263.691981248324737, 2428474.557644158601761 ], [ 696263.409862314118072, 2428474.514445819891989 ], [ 696263.125, 2428474.5 ], [ 696262.840137685881928, 2428474.514445819891989 ], [ 696262.558018751675263, 2428474.557644158601761 ], [ 696262.28136015671771, 2428474.62917899293825 ], [ 696262.012826274731196, 2428474.728361402638257 ], [ 696261.755003233556636, 2428474.854236206971109 ], [ 696261.510374010307714, 2428475.005591162946075 ], [ 696261.281294517917559, 2428475.180968639906496 ], [ 696261.069970917189494, 2428475.378679656423628 ], [ 696260.878438369953074, 2428475.596820147708058 ], [ 696260.708541439264081, 2428475.833289301022887 ], [ 696260.561916325474158, 2428476.085809789597988 ], [ 696260.439975108602084, 2428476.351949702948332 ], [ 696260.343892149277963, 2428476.629145968239754 ], [ 696260.274592778878286, 2428476.914729034062475 ], [ 696260.232744388165884, 2428477.205948579125106 ], [ 696260.21875, 2428477.5 ], [ 696260.232744388165884, 2428477.794051420874894 ], [ 696260.274592778878286, 2428478.085270965937525 ], [ 696260.343892149277963, 2428478.370854031760246 ], [ 696260.439975108602084, 2428478.648050297051668 ], [ 696260.561916325474158, 2428478.914190210402012 ], [ 696260.708541439264081, 2428479.166710698977113 ], [ 696260.878438369953074, 2428479.403179852291942 ], [ 696261.069970917189494, 2428479.621320343576372 ], [ 696261.281294517917559, 2428479.819031360093504 ], [ 696261.510374010307714, 2428479.994408837053925 ], [ 696261.755003233556636, 2428480.145763793028891 ], [ 696262.012826274731196, 2428480.271638597361743 ], [ 696262.28136015671771, 2428480.37082100706175 ], [ 696262.558018751675263, 2428480.442355841398239 ], [ 696262.840137685881928, 2428480.485554180108011 ], [ 696263.125, 2428480.5 ], [ 696263.409862314118072, 2428480.485554180108011 ], [ 696263.691981248324737, 2428480.442355841398239 ], [ 696263.96863984328229, 2428480.37082100706175 ], [ 696264.237173725268804, 2428480.271638597361743 ], [ 696264.494996766443364, 2428480.145763793028891 ], [ 696264.739625989692286, 2428479.994408837053925 ], [ 696264.968705482082441, 2428479.819031360093504 ], [ 696265.180029082810506, 2428479.621320343576372 ], [ 696265.371561630046926, 2428479.403179852291942 ], [ 696265.541458560735919, 2428479.166710698977113 ], [ 696265.688083674525842, 2428478.914190210402012 ], [ 696265.810024891397916, 2428478.648050297051668 ], [ 696265.906107850722037, 2428478.370854031760246 ], [ 696265.975407221121714, 2428478.085270965937525 ], [ 696266.017255611834116, 2428477.794051420874894 ], [ 696266.03125, 2428477.5 ] ] ] } },
{ "type": "Feature", "properties": { "xmin": 280.04865, "ymin": 262.98718, "xmax": 306.01276, "ymax": 289.37677, "score": 0.40133601, "label": "Tree", "tile_idx": 0, "geo_xmin": 696074.75, "geo_ymin": 2428578.5, "geo_xmax": 696081.75, "geo_ymax": 2428585.8, "center_x": 696078.25, "center_y": 2428582.0, "width_m": 7.0, "height_m": 7.25, "crown_diameter_m": 7.1239033, "lon": 88.898691201518659, "lat": 21.950673686961661, "crown_area_raw_m2": 39.858959, "crown_area_calibrated_m2": 47.830753, "agb_tree_kg": 80.813797668603272 }, "geometry": { "type": "Polygon", "coordinates": [ [ [ 696081.75, 2428582.0 ], [ 696081.733146543381736, 2428581.644687866326421 ], [ 696081.682748481398448, 2428581.292797582689673 ], [ 696081.59929117502179, 2428580.947718044742942 ], [ 696081.483578363782726, 2428580.612772557884455 ], [ 696081.336724425200373, 2428580.291186829097569 ], [ 696081.160143643035553, 2428579.986057905480266 ], [ 696080.95553658681456, 2428579.700324344914407 ], [ 696080.724873734172434, 2428579.436737918294966 ], [ 696080.470376494573429, 2428579.197837106417865 ], [ 696080.194495815550908, 2428578.985922655556351 ], [ 696079.899888578918763, 2428578.803035416640341 ], [ 696079.589392013265751, 2428578.650936694815755 ], [ 696079.265996370348148, 2428578.531091283075511 ], [ 696078.932816127082333, 2428578.444653358310461 ], [ 696078.593059991137125, 2428578.392455365974456 ], [ 696078.25, 2428578.375 ], [ 696077.906940008862875, 2428578.392455365974456 ], [ 696077.567183872917667, 2428578.444653358310461 ], [ 696077.234003629651852, 2428578.531091283075511 ], [ 696076.910607986734249, 2428578.650936694815755 ], [ 696076.600111421081237, 2428578.803035416640341 ], [ 696076.305504184449092, 2428578.985922655556351 ], [ 696076.029623505426571, 2428579.197837106417865 ], [ 696075.775126265827566, 2428579.436737918294966 ], [ 696075.54446341318544, 2428579.700324344914407 ], [ 696075.339856356964447, 2428579.986057905480266 ], [ 696075.163275574799627, 2428580.291186829097569 ], [ 696075.016421636217274, 2428580.612772557884455 ], [ 696074.90070882497821, 2428580.947718044742942 ], [ 696074.817251518601552, 2428581.292797582689673 ], [ 696074.766853456618264, 2428581.644687866326421 ], [ 696074.75, 2428582.0 ], [ 696074.766853456618264, 2428582.355312133673579 ], [ 696074.817251518601552, 2428582.707202417310327 ], [ 696074.90070882497821, 2428583.052281955257058 ], [ 696075.016421636217274, 2428583.387227442115545 ], [ 696075.163275574799627, 2428583.708813170902431 ], [ 696075.339856356964447, 2428584.013942094519734 ], [ 696075.54446341318544, 2428584.299675655085593 ], [ 696075.775126265827566, 2428584.563262081705034 ], [ 696076.029623505426571, 2428584.802162893582135 ], [ 696076.305504184449092, 2428585.014077344443649 ], [ 696076.600111421081237, 2428585.196964583359659 ], [ 696076.910607986734249, 2428585.349063305184245 ], [ 696077.234003629651852, 2428585.468908716924489 ], [ 696077.567183872917667, 2428585.555346641689539 ], [ 696077.906940008862875, 2428585.607544634025544 ], [ 696078.25, 2428585.625 ], [ 696078.593059991137125, 2428585.607544634025544 ], [ 696078.932816127082333, 2428585.555346641689539 ], [ 696079.265996370348148, 2428585.468908716924489 ], [ 696079.589392013265751, 2428585.349063305184245 ], [ 696079.899888578918763, 2428585.196964583359659 ], [ 696080.194495815550908, 2428585.014077344443649 ], [ 696080.470376494573429, 2428584.802162893582135 ], [ 696080.724873734172434, 2428584.563262081705034 ], [ 696080.95553658681456, 2428584.299675655085593 ], [ 696081.160143643035553, 2428584.013942094519734 ], [ 696081.336724425200373, 2428583.708813170902431 ], [ 696081.483578363782726, 2428583.387227442115545 ], [ 696081.59929117502179, 2428583.052281955257058 ], [ 696081.682748481398448, 2428582.707202417310327 ], [ 696081.733146543381736, 2428582.355312133673579 ], [ 696081.75, 2428582.0 ] ] ] } },
{ "type": "Feature", "properties": { "xmin": 773.96741, "ymin": 361.08835, "xmax": 794.15649, "ymax": 381.72061, "score": 0.38728139, "label": "Tree", "tile_idx": 6, "geo_xmin": 696208.12, "geo_ymin": 2428553.8, "geo_xmax": 696213.56, "geo_ymax": 2428559.2, "center_x": 696210.88, "center_y": 2428556.5, "width_m": 5.4375, "height_m": 5.5, "crown_diameter_m": 5.4686608, "lon": 88.899971854349346, "lat": 21.950428586245543, "crown_area_raw_m2": 23.488316, "crown_area_calibrated_m2": 28.18598, "agb_tree_kg": 42.797392301097155 }, "geometry": { "type": "Polygon", "coordinates": [ [ [ 696213.59375, 2428556.5 ], [ 696213.580658475635573, 2428556.230452863965183 ], [ 696213.541509981150739, 2428555.963501614518464 ], [ 696213.476681537809782, 2428555.701717137359083 ], [ 696213.386797479004599, 2428555.44762056088075 ], [ 696213.272723437403329, 2428555.203658973798156 ], [ 696213.135558008449152, 2428554.9721818594262 ], [ 696212.976622170070186, 2428554.755418468732387 ], [ 696212.797446561395191, 2428554.55545635195449 ], [ 696212.599756741314195, 2428554.374221253208816 ], [ 696212.385456571006216, 2428554.213458565995097 ], [ 696212.156609878293239, 2428554.074716522824019 ], [ 696211.915420581703074, 2428553.959331285674125 ], [ 696211.664211466326378, 2428553.868414076510817 ], [ 696211.405401812982745, 2428553.802840478718281 ], [ 696211.141484100255184, 2428553.763242001645267 ], [ 696210.875, 2428553.75 ], [ 696210.608515899744816, 2428553.763242001645267 ], [ 696210.344598187017255, 2428553.802840478718281 ], [ 696210.085788533673622, 2428553.868414076510817 ], [ 696209.834579418296926, 2428553.959331285674125 ], [ 696209.593390121706761, 2428554.074716522824019 ], [ 696209.364543428993784, 2428554.213458565995097 ], [ 696209.150243258685805, 2428554.374221253208816 ], [ 696208.952553438604809, 2428554.55545635195449 ], [ 696208.773377829929814, 2428554.755418468732387 ], [ 696208.614441991550848, 2428554.9721818594262 ], [ 696208.477276562596671, 2428555.203658973798156 ], [ 696208.363202520995401, 2428555.44762056088075 ], [ 696208.273318462190218, 2428555.701717137359083 ], [ 696208.208490018849261, 2428555.963501614518464 ], [ 696208.169341524364427, 2428556.230452863965183 ], [ 696208.15625, 2428556.5 ], [ 696208.169341524364427, 2428556.769547136034817 ], [ 696208.208490018849261, 2428557.036498385481536 ], [ 696208.273318462190218, 2428557.298282862640917 ], [ 696208.363202520995401, 2428557.55237943911925 ], [ 696208.477276562596671, 2428557.796341026201844 ], [ 696208.614441991550848, 2428558.0278181405738 ], [ 696208.773377829929814, 2428558.244581531267613 ], [ 696208.952553438604809, 2428558.44454364804551 ], [ 696209.150243258685805, 2428558.625778746791184 ], [ 696209.364543428993784, 2428558.786541434004903 ], [ 696209.593390121706761, 2428558.925283477175981 ], [ 696209.834579418296926, 2428559.040668714325875 ], [ 696210.085788533673622, 2428559.131585923489183 ], [ 696210.344598187017255, 2428559.197159521281719 ], [ 696210.608515899744816, 2428559.236757998354733 ], [ 696210.875, 2428559.25 ], [ 696211.141484100255184, 2428559.236757998354733 ], [ 696211.405401812982745, 2428559.197159521281719 ], [ 696211.664211466326378, 2428559.131585923489183 ], [ 696211.915420581703074, 2428559.040668714325875 ], [ 696212.156609878293239, 2428558.925283477175981 ], [ 696212.385456571006216, 2428558.786541434004903 ], [ 696212.599756741314195, 2428558.625778746791184 ], [ 696212.797446561395191, 2428558.44454364804551 ], [ 696212.976622170070186, 2428558.244581531267613 ], [ 696213.135558008449152, 2428558.0278181405738 ], [ 696213.272723437403329, 2428557.796341026201844 ], [ 696213.386797479004599, 2428557.55237943911925 ], [ 696213.476681537809782, 2428557.298282862640917 ], [ 696213.541509981150739, 2428557.036498385481536 ], [ 696213.580658475635573, 2428556.769547136034817 ], [ 696213.59375, 2428556.5 ] ] ] } },
{ "type": "Feature", "properties": { "xmin": 320.33939, "ymin": 467.42697, "xmax": 335.94156, "ymax": 483.93338, "score": 0.38664627, "label": "Tree", "tile_idx": 4, "geo_xmin": 696085.62, "geo_ymin": 2428526.0, "geo_xmax": 696089.81, "geo_ymax": 2428530.5, "center_x": 696087.75, "center_y": 2428528.2, "width_m": 4.1875, "height_m": 4.5, "crown_diameter_m": 4.340939, "lon": 88.89877670733577, "lat": 21.950187280947617, "crown_area_raw_m2": 14.799847, "crown_area_calibrated_m2": 17.759817, "agb_tree_kg": 24.564198309430072 }, "geometry": { "type": "Polygon", "coordinates": [ [ [ 696089.84375, 2428528.25 ], [ 696089.833668021485209, 2428528.029461434110999 ], [ 696089.803519180859439, 2428527.811046775430441 ], [ 696089.753593827947043, 2428527.596859476063401 ], [ 696089.684372771182097, 2428527.388962277211249 ], [ 696089.596522647188976, 2428527.189357342198491 ], [ 696089.490889500710182, 2428526.999966975767165 ], [ 696089.36849063669797, 2428526.822615110781044 ], [ 696089.230504823150113, 2428526.659009742550552 ], [ 696089.078260938753374, 2428526.510726479813457 ], [ 696088.913225175347179, 2428526.379193372093141 ], [ 696088.736986917676404, 2428526.265677154995501 ], [ 696088.551243436522782, 2428526.171271051745862 ], [ 696088.357783542945981, 2428526.096884244587272 ], [ 696088.158470361726359, 2428526.043233118951321 ], [ 696087.955223387572914, 2428526.010834365151823 ], [ 696087.75, 2428526.0 ], [ 696087.544776612427086, 2428526.010834365151823 ], [ 696087.341529638273641, 2428526.043233118951321 ], [ 696087.142216457054019, 2428526.096884244587272 ], [ 696086.948756563477218, 2428526.171271051745862 ], [ 696086.763013082323596, 2428526.265677154995501 ], [ 696086.586774824652821, 2428526.379193372093141 ], [ 696086.421739061246626, 2428526.510726479813457 ], [ 696086.269495176849887, 2428526.659009742550552 ], [ 696086.13150936330203, 2428526.822615110781044 ], [ 696086.009110499289818, 2428526.999966975767165 ], [ 696085.903477352811024, 2428527.189357342198491 ], [ 696085.815627228817903, 2428527.388962277211249 ], [ 696085.746406172052957, 2428527.596859476063401 ], [ 696085.696480819140561, 2428527.811046775430441 ], [ 696085.666331978514791, 2428528.029461434110999 ], [ 696085.65625, 2428528.25 ], [ 696085.666331978514791, 2428528.470538565889001 ], [ 696085.696480819140561, 2428528.688953224569559 ], [ 696085.746406172052957, 2428528.903140523936599 ], [ 696085.815627228817903, 2428529.111037722788751 ], [ 696085.903477352811024, 2428529.310642657801509 ], [ 696086.009110499289818, 2428529.500033024232835 ], [ 696086.13150936330203, 2428529.677384889218956 ], [ 696086.269495176849887, 2428529.840990257449448 ], [ 696086.421739061246626, 2428529.989273520186543 ], [ 696086.586774824652821, 2428530.120806627906859 ], [ 696086.763013082323596, 2428530.234322845004499 ], [ 696086.948756563477218, 2428530.328728948254138 ], [ 696087.142216457054019, 2428530.403115755412728 ], [ 696087.341529638273641, 2428530.456766881048679 ], [ 696087.544776612427086, 2428530.489165634848177 ], [ 696087.75, 2428530.5 ], [ 696087.955223387572914, 2428530.489165634848177 ], [ 696088.158470361726359, 2428530.456766881048679 ], [ 696088.357783542945981, 2428530.403115755412728 ], [ 696088.551243436522782, 2428530.328728948254138 ], [ 696088.736986917676404, 2428530.234322845004499 ], [ 696088.913225175347179, 2428530.120806627906859 ], [ 696089.078260938753374, 2428529.989273520186543 ], [ 696089.230504823150113, 2428529.840990257449448 ], [ 696089.36849063669797, 2428529.677384889218956 ], [ 696089.490889500710182, 2428529.500033024232835 ], [ 696089.596522647188976, 2428529.310642657801509 ], [ 696089.684372771182097, 2428529.111037722788751 ], [ 696089.753593827947043, 2428528.903140523936599 ], [ 696089.803519180859439, 2428528.688953224569559 ], [ 696089.833668021485209, 2428528.470538565889001 ], [ 696089.84375, 2428528.25 ] ] ] } },
{ "type": "Feature", "properties": { "xmin": 666.96008, "ymin": 274.20609, "xmax": 687.08594, "ymax": 294.1586, "score": 0.38162091, "label": "Tree", "tile_idx": 1, "geo_xmin": 696179.19, "geo_ymin": 2428577.2, "geo_xmax": 696184.62, "geo_ymax": 2428582.8, "center_x": 696181.88, "center_y": 2428580.0, "width_m": 5.4375, "height_m": 5.5, "crown_diameter_m": 5.4686608, "lon": 88.899693976188672, "lat": 21.950644029477523, "crown_area_raw_m2": 23.488316, "crown_area_calibrated_m2": 28.18598, "agb_tree_kg": 42.797392301097155 }, "geometry": { "type": "Polygon", "coordinates": [ [ [ 696184.59375, 2428580.0 ], [ 696184.580658475635573, 2428579.730452863965183 ], [ 696184.541509981150739, 2428579.463501614518464 ], [ 696184.476681537809782, 2428579.201717137359083 ], [ 696184.386797479004599, 2428578.94762056088075 ], [ 696184.272723437403329, 2428578.703658973798156 ], [ 696184.135558008449152, 2428578.4721818594262 ], [ 696183.976622170070186, 2428578.255418468732387 ], [ 696183.797446561395191, 2428578.05545635195449 ], [ 696183.599756741314195, 2428577.874221253208816 ], [ 696183.385456571006216, 2428577.713458565995097 ], [ 696183.156609878293239, 2428577.574716522824019 ], [ 696182.915420581703074, 2428577.459331285674125 ], [ 696182.664211466326378, 2428577.368414076510817 ], [ 696182.405401812982745, 2428577.302840478718281 ], [ 696182.141484100255184, 2428577.263242001645267 ], [ 696181.875, 2428577.25 ], [ 696181.608515899744816, 2428577.263242001645267 ], [ 696181.344598187017255, 2428577.302840478718281 ], [ 696181.085788533673622, 2428577.368414076510817 ], [ 696180.834579418296926, 2428577.459331285674125 ], [ 696180.593390121706761, 2428577.574716522824019 ], [ 696180.364543428993784, 2428577.713458565995097 ], [ 696180.150243258685805, 2428577.874221253208816 ], [ 696179.952553438604809, 2428578.05545635195449 ], [ 696179.773377829929814, 2428578.255418468732387 ], [ 696179.614441991550848, 2428578.4721818594262 ], [ 696179.477276562596671, 2428578.703658973798156 ], [ 696179.363202520995401, 2428578.94762056088075 ], [ 696179.273318462190218, 2428579.201717137359083 ], [ 696179.208490018849261, 2428579.463501614518464 ], [ 696179.169341524364427, 2428579.730452863965183 ], [ 696179.15625, 2428580.0 ], [ 696179.169341524364427, 2428580.269547136034817 ], [ 696179.208490018849261, 2428580.536498385481536 ], [ 696179.273318462190218, 2428580.798282862640917 ], [ 696179.363202520995401, 2428581.05237943911925 ], [ 696179.477276562596671, 2428581.296341026201844 ], [ 696179.614441991550848, 2428581.5278181405738 ], [ 696179.773377829929814, 2428581.744581531267613 ], [ 696179.952553438604809, 2428581.94454364804551 ], [ 696180.150243258685805, 2428582.125778746791184 ], [ 696180.364543428993784, 2428582.286541434004903 ], [ 696180.593390121706761, 2428582.425283477175981 ], [ 696180.834579418296926, 2428582.540668714325875 ], [ 696181.085788533673622, 2428582.631585923489183 ], [ 696181.344598187017255, 2428582.697159521281719 ], [ 696181.608515899744816, 2428582.736757998354733 ], [ 696181.875, 2428582.75 ], [ 696182.141484100255184, 2428582.736757998354733 ], [ 696182.405401812982745, 2428582.697159521281719 ], [ 696182.664211466326378, 2428582.631585923489183 ], [ 696182.915420581703074, 2428582.540668714325875 ], [ 696183.156609878293239, 2428582.425283477175981 ], [ 696183.385456571006216, 2428582.286541434004903 ], [ 696183.599756741314195, 2428582.125778746791184 ], [ 696183.797446561395191, 2428581.94454364804551 ], [ 696183.976622170070186, 2428581.744581531267613 ], [ 696184.135558008449152, 2428581.5278181405738 ], [ 696184.272723437403329, 2428581.296341026201844 ], [ 696184.386797479004599, 2428581.05237943911925 ], [ 696184.476681537809782, 2428580.798282862640917 ], [ 696184.541509981150739, 2428580.536498385481536 ], [ 696184.580658475635573, 2428580.269547136034817 ], [ 696184.59375, 2428580.0 ] ] ] } },
{ "type": "Feature", "properties": { "xmin": 70.2099, "ymin": 590.24561, "xmax": 91.207993, "ymax": 612.05328, "score": 0.38145614, "label": "Tree", "tile_idx": 4, "geo_xmin": 696018.06, "geo_ymin": 2428491.5, "geo_xmax": 696023.75, "geo_ymax": 2428497.5, "center_x": 696020.88, "center_y": 2428494.5, "width_m": 5.6875, "height_m": 6.0, "crown_diameter_m": 5.8416605, "lon": 88.898125360980259, "lat": 21.949890012484509, "crown_area_raw_m2": 26.801714, "crown_area_calibrated_m2": 32.16206, "agb_tree_kg": 50.153899737981178 }, "geometry": { "type": "Polygon", "coordinates": [ [ [ 696023.71875, 2428494.5 ], [ 696023.705056566512212, 2428494.205948579125106 ], [ 696023.664108141092584, 2428493.914729034062475 ], [ 696023.59629907971248, 2428493.629145968239754 ], [ 696023.502282420522533, 2428493.351949702948332 ], [ 696023.382963595446199, 2428493.085809789597988 ], [ 696023.239491709973663, 2428492.833289301022887 ], [ 696023.073248476721346, 2428492.596820147708058 ], [ 696022.885834909044206, 2428492.378679656423628 ], [ 696022.679055901826359, 2428492.180968639906496 ], [ 696022.454902850091457, 2428492.005591162946075 ], [ 696022.215534470393322, 2428491.854236206971109 ], [ 696021.963256010785699, 2428491.728361402638257 ], [ 696021.700497050886042, 2428491.62917899293825 ], [ 696021.42978810321074, 2428491.557644158601761 ], [ 696021.153736242791638, 2428491.514445819891989 ], [ 696020.875, 2428491.5 ], [ 696020.596263757208362, 2428491.514445819891989 ], [ 696020.32021189678926, 2428491.557644158601761 ], [ 696020.049502949113958, 2428491.62917899293825 ], [ 696019.786743989214301, 2428491.728361402638257 ], [ 696019.534465529606678, 2428491.854236206971109 ], [ 696019.295097149908543, 2428492.005591162946075 ], [ 696019.070944098173641, 2428492.180968639906496 ], [ 696018.864165090955794, 2428492.378679656423628 ], [ 696018.676751523278654, 2428492.596820147708058 ], [ 696018.510508290026337, 2428492.833289301022887 ], [ 696018.367036404553801, 2428493.085809789597988 ], [ 696018.247717579477467, 2428493.351949702948332 ], [ 696018.15370092028752, 2428493.629145968239754 ], [ 696018.085891858907416, 2428493.914729034062475 ], [ 696018.044943433487788, 2428494.205948579125106 ], [ 696018.03125, 2428494.5 ], [ 696018.044943433487788, 2428494.794051420874894 ], [ 696018.085891858907416, 2428495.085270965937525 ], [ 696018.15370092028752, 2428495.370854031760246 ], [ 696018.247717579477467, 2428495.648050297051668 ], [ 696018.367036404553801, 2428495.914190210402012 ], [ 696018.510508290026337, 2428496.166710698977113 ], [ 696018.676751523278654, 2428496.403179852291942 ], [ 696018.864165090955794, 2428496.621320343576372 ], [ 696019.070944098173641, 2428496.819031360093504 ], [ 696019.295097149908543, 2428496.994408837053925 ], [ 696019.534465529606678, 2428497.145763793028891 ], [ 696019.786743989214301, 2428497.271638597361743 ], [ 696020.049502949113958, 2428497.37082100706175 ], [ 696020.32021189678926, 2428497.442355841398239 ], [ 696020.596263757208362, 2428497.485554180108011 ], [ 696020.875, 2428497.5 ], [ 696021.153736242791638, 2428497.485554180108011 ], [ 696021.42978810321074, 2428497.442355841398239 ], [ 696021.700497050886042, 2428497.37082100706175 ], [ 696021.963256010785699, 2428497.271638597361743 ], [ 696022.215534470393322, 2428497.145763793028891 ], [ 696022.454902850091457, 2428496.994408837053925 ], [ 696022.679055901826359, 2428496.819031360093504 ], [ 696022.885834909044206, 2428496.621320343576372 ], [ 696023.073248476721346, 2428496.403179852291942 ], [ 696023.239491709973663, 2428496.166710698977113 ], [ 696023.382963595446199, 2428495.914190210402012 ], [ 696023.502282420522533, 2428495.648050297051668 ], [ 696023.59629907971248, 2428495.370854031760246 ], [ 696023.664108141092584, 2428495.085270965937525 ], [ 696023.705056566512212, 2428494.794051420874894 ], [ 696023.71875, 2428494.5 ] ] ] } },
{ "type": "Feature", "properties": { "xmin": 465.23236, "ymin": 149.11322, "xmax": 481.42657, "ymax": 164.83179, "score": 0.38094103, "label": "Tree", "tile_idx": 1, "geo_xmin": 696124.75, "geo_ymin": 2428612.2, "geo_xmax": 696129.12, "geo_ymax": 2428616.5, "center_x": 696126.94, "center_y": 2428614.5, "width_m": 4.375, "height_m": 4.25, "crown_diameter_m": 4.312047, "lon": 88.899166360452639, "lat": 21.950961701497729, "crown_area_raw_m2": 14.603498, "crown_area_calibrated_m2": 17.524199, "agb_tree_kg": 24.172997722851342 }, "geometry": { "type": "Polygon", "coordinates": [ [ [ 696129.125, 2428614.5 ], [ 696129.114466589642689, 2428614.291713576763868 ], [ 696129.082967800903134, 2428614.085433065891266 ], [ 696129.030806984403171, 2428613.883145060855895 ], [ 696128.958486477378756, 2428613.686797706410289 ], [ 696128.866702765808441, 2428613.498281934298575 ], [ 696128.756339776911773, 2428613.319413254968822 ], [ 696128.628460366744548, 2428613.151914271060377 ], [ 696128.484296083799563, 2428612.997398090083152 ], [ 696128.325235309079289, 2428612.857352786697447 ], [ 696128.152809884748422, 2428612.733127073850483 ], [ 696127.968680361751467, 2428612.625917313154787 ], [ 696127.774620008305646, 2428612.536755993496627 ], [ 696127.572497731540352, 2428612.466501786373556 ], [ 696127.364260079455562, 2428612.415831279009581 ], [ 696127.151912494446151, 2428612.385232456028461 ], [ 696126.9375, 2428612.375 ], [ 696126.723087505553849, 2428612.385232456028461 ], [ 696126.510739920544438, 2428612.415831279009581 ], [ 696126.302502268459648, 2428612.466501786373556 ], [ 696126.100379991694354, 2428612.536755993496627 ], [ 696125.906319638248533, 2428612.625917313154787 ], [ 696125.722190115251578, 2428612.733127073850483 ], [ 696125.549764690920711, 2428612.857352786697447 ], [ 696125.390703916200437, 2428612.997398090083152 ], [ 696125.246539633255452, 2428613.151914271060377 ], [ 696125.118660223088227, 2428613.319413254968822 ], [ 696125.008297234191559, 2428613.498281934298575 ], [ 696124.916513522621244, 2428613.686797706410289 ], [ 696124.844193015596829, 2428613.883145060855895 ], [ 696124.792032199096866, 2428614.085433065891266 ], [ 696124.760533410357311, 2428614.291713576763868 ], [ 696124.75, 2428614.5 ], [ 696124.760533410357311, 2428614.708286423236132 ], [ 696124.792032199096866, 2428614.914566934108734 ], [ 696124.844193015596829, 2428615.116854939144105 ], [ 696124.916513522621244, 2428615.313202293589711 ], [ 696125.008297234191559, 2428615.501718065701425 ], [ 696125.118660223088227, 2428615.680586745031178 ], [ 696125.246539633255452, 2428615.848085728939623 ], [ 696125.390703916200437, 2428616.002601909916848 ], [ 696125.549764690920711, 2428616.142647213302553 ], [ 696125.722190115251578, 2428616.266872926149517 ], [ 696125.906319638248533, 2428616.374082686845213 ], [ 696126.100379991694354, 2428616.463244006503373 ], [ 696126.302502268459648, 2428616.533498213626444 ], [ 696126.510739920544438, 2428616.584168720990419 ], [ 696126.723087505553849, 2428616.614767543971539 ], [ 696126.9375, 2428616.625 ], [ 696127.151912494446151, 2428616.614767543971539 ], [ 696127.364260079455562, 2428616.584168720990419 ], [ 696127.572497731540352, 2428616.533498213626444 ], [ 696127.774620008305646, 2428616.463244006503373 ], [ 696127.968680361751467, 2428616.374082686845213 ], [ 696128.152809884748422, 2428616.266872926149517 ], [ 696128.325235309079289, 2428616.142647213302553 ], [ 696128.484296083799563, 2428616.002601909916848 ], [ 696128.628460366744548, 2428615.848085728939623 ], [ 696128.756339776911773, 2428615.680586745031178 ], [ 696128.866702765808441, 2428615.501718065701425 ], [ 696128.958486477378756, 2428615.313202293589711 ], [ 696129.030806984403171, 2428615.116854939144105 ], [ 696129.082967800903134, 2428614.914566934108734 ], [ 696129.114466589642689, 2428614.708286423236132 ], [ 696129.125, 2428614.5 ] ] ] } },
{ "type": "Feature", "properties": { "xmin": 258.04538, "ymin": 923.55786, "xmax": 278.6279, "ymax": 944.20752, "score": 0.37986606, "label": "Tree", "tile_idx": 12, "geo_xmin": 696068.81, "geo_ymin": 2428401.8, "geo_xmax": 696074.38, "geo_ymax": 2428407.5, "center_x": 696071.62, "center_y": 2428404.5, "width_m": 5.5625, "height_m": 5.75, "crown_diameter_m": 5.6554732, "lon": 88.898605787635475, "lat": 21.949071667450337, "crown_area_raw_m2": 25.12047, "crown_area_calibrated_m2": 30.144566, "agb_tree_kg": 46.396665433917157 }, "geometry": { "type": "Polygon", "coordinates": [ [ [ 696074.40625, 2428404.5 ], [ 696074.392857521073893, 2428404.218200721777976 ], [ 696074.352809061063454, 2428403.939115324057639 ], [ 696074.286490308702923, 2428403.665431553032249 ], [ 696074.194539949763566, 2428403.399785132147372 ], [ 696074.077843516482972, 2428403.144734381698072 ], [ 696073.937524859211408, 2428402.902735580224544 ], [ 696073.774935323395766, 2428402.676119307987392 ], [ 696073.591640735161491, 2428402.467068003956228 ], [ 696073.389406321570277, 2428402.277594946790487 ], [ 696073.170179710607044, 2428402.109524864703417 ], [ 696072.93607217434328, 2428401.964476365130395 ], [ 696072.689338296302594, 2428401.84384634392336 ], [ 696072.43235425860621, 2428401.748796534724534 ], [ 696072.167594958096743, 2428401.680242318660021 ], [ 696071.897610171581618, 2428401.638843910768628 ], [ 696071.625, 2428401.625 ], [ 696071.352389828418382, 2428401.638843910768628 ], [ 696071.082405041903257, 2428401.680242318660021 ], [ 696070.81764574139379, 2428401.748796534724534 ], [ 696070.560661703697406, 2428401.84384634392336 ], [ 696070.31392782565672, 2428401.964476365130395 ], [ 696070.079820289392956, 2428402.109524864703417 ], [ 696069.860593678429723, 2428402.277594946790487 ], [ 696069.658359264838509, 2428402.467068003956228 ], [ 696069.475064676604234, 2428402.676119307987392 ], [ 696069.312475140788592, 2428402.902735580224544 ], [ 696069.172156483517028, 2428403.144734381698072 ], [ 696069.055460050236434, 2428403.399785132147372 ], [ 696068.963509691297077, 2428403.665431553032249 ], [ 696068.897190938936546, 2428403.939115324057639 ], [ 696068.857142478926107, 2428404.218200721777976 ], [ 696068.84375, 2428404.5 ], [ 696068.857142478926107, 2428404.781799278222024 ], [ 696068.897190938936546, 2428405.060884675942361 ], [ 696068.963509691297077, 2428405.334568446967751 ], [ 696069.055460050236434, 2428405.600214867852628 ], [ 696069.172156483517028, 2428405.855265618301928 ], [ 696069.312475140788592, 2428406.097264419775456 ], [ 696069.475064676604234, 2428406.323880692012608 ], [ 696069.658359264838509, 2428406.532931996043772 ], [ 696069.860593678429723, 2428406.722405053209513 ], [ 696070.079820289392956, 2428406.890475135296583 ], [ 696070.31392782565672, 2428407.035523634869605 ], [ 696070.560661703697406, 2428407.15615365607664 ], [ 696070.81764574139379, 2428407.251203465275466 ], [ 696071.082405041903257, 2428407.319757681339979 ], [ 696071.352389828418382, 2428407.361156089231372 ], [ 696071.625, 2428407.375 ], [ 696071.897610171581618, 2428407.361156089231372 ], [ 696072.167594958096743, 2428407.319757681339979 ], [ 696072.43235425860621, 2428407.251203465275466 ], [ 696072.689338296302594, 2428407.15615365607664 ], [ 696072.93607217434328, 2428407.035523634869605 ], [ 696073.170179710607044, 2428406.890475135296583 ], [ 696073.389406321570277, 2428406.722405053209513 ], [ 696073.591640735161491, 2428406.532931996043772 ], [ 696073.774935323395766, 2428406.323880692012608 ], [ 696073.937524859211408, 2428406.097264419775456 ], [ 696074.077843516482972, 2428405.855265618301928 ], [ 696074.194539949763566, 2428405.600214867852628 ], [ 696074.286490308702923, 2428405.334568446967751 ], [ 696074.352809061063454, 2428405.060884675942361 ], [ 696074.392857521073893, 2428404.781799278222024 ], [ 696074.40625, 2428404.5 ] ] ] } },
{ "type": "Feature", "properties": { "xmin": 526.29871, "ymin": 511.14893, "xmax": 545.4549, "ymax": 529.435, "score": 0.37879261, "label": "Tree", "tile_idx": 5, "geo_xmin": 696141.25, "geo_ymin": 2428513.8, "geo_xmax": 696146.38, "geo_ymax": 2428518.8, "center_x": 696143.81, "center_y": 2428516.2, "width_m": 5.125, "height_m": 5.0, "crown_diameter_m": 5.0621142, "lon": 88.899317910015924, "lat": 21.950072651152823, "crown_area_raw_m2": 20.125828, "crown_area_calibrated_m2": 24.150995, "agb_tree_kg": 35.543926166061489 }, "geometry": { "type": "Polygon", "coordinates": [ [ [ 696146.375, 2428516.25 ], [ 696146.362660862039775, 2428516.004957149270922 ], [ 696146.325762281077914, 2428515.762274194974452 ], [ 696146.264659610344097, 2428515.524288306944072 ], [ 696146.179941302048974, 2428515.29329141927883 ], [ 696146.072423239937052, 2428515.071508157998323 ], [ 696145.943140881485306, 2428514.861074417363852 ], [ 696145.793339286698028, 2428514.664016789756715 ], [ 696145.62446112674661, 2428514.48223304701969 ], [ 696145.438132790615782, 2428514.317473866511136 ], [ 696145.236148722120561, 2428514.171325969044119 ], [ 696145.020454138168134, 2428514.045196839142591 ], [ 696144.793126295437105, 2428513.940301168709993 ], [ 696144.556354485452175, 2428513.857649160549045 ], [ 696144.312418950139545, 2428513.798036798834801 ], [ 696144.063668922055513, 2428513.762038183398545 ], [ 696143.8125, 2428513.75 ], [ 696143.561331077944487, 2428513.762038183398545 ], [ 696143.312581049860455, 2428513.798036798834801 ], [ 696143.068645514547825, 2428513.857649160549045 ], [ 696142.831873704562895, 2428513.940301168709993 ], [ 696142.604545861831866, 2428514.045196839142591 ], [ 696142.388851277879439, 2428514.171325969044119 ], [ 696142.186867209384218, 2428514.317473866511136 ], [ 696142.00053887325339, 2428514.48223304701969 ], [ 696141.831660713301972, 2428514.664016789756715 ], [ 696141.681859118514694, 2428514.861074417363852 ], [ 696141.552576760062948, 2428515.071508157998323 ], [ 696141.445058697951026, 2428515.29329141927883 ], [ 696141.360340389655903, 2428515.524288306944072 ], [ 696141.299237718922086, 2428515.762274194974452 ], [ 696141.262339137960225, 2428516.004957149270922 ], [ 696141.25, 2428516.25 ], [ 696141.262339137960225, 2428516.495042850729078 ], [ 696141.299237718922086, 2428516.737725805025548 ], [ 696141.360340389655903, 2428516.975711693055928 ], [ 696141.445058697951026, 2428517.20670858072117 ], [ 696141.552576760062948, 2428517.428491842001677 ], [ 696141.681859118514694, 2428517.638925582636148 ], [ 696141.831660713301972, 2428517.835983210243285 ], [ 696142.00053887325339, 2428518.01776695298031 ], [ 696142.186867209384218, 2428518.182526133488864 ], [ 696142.388851277879439, 2428518.328674030955881 ], [ 696142.604545861831866, 2428518.454803160857409 ], [ 696142.831873704562895, 2428518.559698831290007 ], [ 696143.068645514547825, 2428518.642350839450955 ], [ 696143.312581049860455, 2428518.701963201165199 ], [ 696143.561331077944487, 2428518.737961816601455 ], [ 696143.8125, 2428518.75 ], [ 696144.063668922055513, 2428518.737961816601455 ], [ 696144.312418950139545, 2428518.701963201165199 ], [ 696144.556354485452175, 2428518.642350839450955 ], [ 696144.793126295437105, 2428518.559698831290007 ], [ 696145.020454138168134, 2428518.454803160857409 ], [ 696145.236148722120561, 2428518.328674030955881 ], [ 696145.438132790615782, 2428518.182526133488864 ], [ 696145.62446112674661, 2428518.01776695298031 ], [ 696145.793339286698028, 2428517.835983210243285 ], [ 696145.943140881485306, 2428517.638925582636148 ], [ 696146.072423239937052, 2428517.428491842001677 ], [ 696146.179941302048974, 2428517.20670858072117 ], [ 696146.264659610344097, 2428516.975711693055928 ], [ 696146.325762281077914, 2428516.737725805025548 ], [ 696146.362660862039775, 2428516.495042850729078 ], [ 696146.375, 2428516.25 ] ] ] } },
{ "type": "Feature", "properties": { "xmin": 842.20935, "ymin": 941.00562, "xmax": 863.72668, "ymax": 962.07117, "score": 0.37253734, "label": "Tree", "tile_idx": 10, "geo_xmin": 696226.5, "geo_ymin": 2428397.0, "geo_xmax": 696232.31, "geo_ymax": 2428402.8, "center_x": 696229.38, "center_y": 2428400.0, "width_m": 5.8125, "height_m": 5.75, "crown_diameter_m": 5.7811656, "lon": 88.90013213557009, "lat": 21.949013377535792, "crown_area_raw_m2": 26.249479, "crown_area_calibrated_m2": 31.499376, "agb_tree_kg": 48.91436895740258 }, "geometry": { "type": "Polygon", "coordinates": [ [ [ 696232.28125, 2428400.0 ], [ 696232.267255611834116, 2428399.718200721777976 ], [ 696232.225407221121714, 2428399.439115324057639 ], [ 696232.156107850722037, 2428399.165431553032249 ], [ 696232.060024891397916, 2428398.899785132147372 ], [ 696231.938083674525842, 2428398.644734381698072 ], [ 696231.791458560735919, 2428398.402735580224544 ], [ 696231.621561630046926, 2428398.176119307987392 ], [ 696231.430029082810506, 2428397.967068003956228 ], [ 696231.218705482082441, 2428397.777594946790487 ], [ 696230.989625989692286, 2428397.609524864703417 ], [ 696230.744996766443364, 2428397.464476365130395 ], [ 696230.487173725268804, 2428397.34384634392336 ], [ 696230.21863984328229, 2428397.248796534724534 ], [ 696229.941981248324737, 2428397.180242318660021 ], [ 696229.659862314118072, 2428397.138843910768628 ], [ 696229.375, 2428397.125 ], [ 696229.090137685881928, 2428397.138843910768628 ], [ 696228.808018751675263, 2428397.180242318660021 ], [ 696228.53136015671771, 2428397.248796534724534 ], [ 696228.262826274731196, 2428397.34384634392336 ], [ 696228.005003233556636, 2428397.464476365130395 ], [ 696227.760374010307714, 2428397.609524864703417 ], [ 696227.531294517917559, 2428397.777594946790487 ], [ 696227.319970917189494, 2428397.967068003956228 ], [ 696227.128438369953074, 2428398.176119307987392 ], [ 696226.958541439264081, 2428398.402735580224544 ], [ 696226.811916325474158, 2428398.644734381698072 ], [ 696226.689975108602084, 2428398.899785132147372 ], [ 696226.593892149277963, 2428399.165431553032249 ], [ 696226.524592778878286, 2428399.439115324057639 ], [ 696226.482744388165884, 2428399.718200721777976 ], [ 696226.46875, 2428400.0 ], [ 696226.482744388165884, 2428400.281799278222024 ], [ 696226.524592778878286, 2428400.560884675942361 ], [ 696226.593892149277963, 2428400.834568446967751 ], [ 696226.689975108602084, 2428401.100214867852628 ], [ 696226.811916325474158, 2428401.355265618301928 ], [ 696226.958541439264081, 2428401.597264419775456 ], [ 696227.128438369953074, 2428401.823880692012608 ], [ 696227.319970917189494, 2428402.032931996043772 ], [ 696227.531294517917559, 2428402.222405053209513 ], [ 696227.760374010307714, 2428402.390475135296583 ], [ 696228.005003233556636, 2428402.535523634869605 ], [ 696228.262826274731196, 2428402.65615365607664 ], [ 696228.53136015671771, 2428402.751203465275466 ], [ 696228.808018751675263, 2428402.819757681339979 ], [ 696229.090137685881928, 2428402.861156089231372 ], [ 696229.375, 2428402.875 ], [ 696229.659862314118072, 2428402.861156089231372 ], [ 696229.941981248324737, 2428402.819757681339979 ], [ 696230.21863984328229, 2428402.751203465275466 ], [ 696230.487173725268804, 2428402.65615365607664 ], [ 696230.744996766443364, 2428402.535523634869605 ], [ 696230.989625989692286, 2428402.390475135296583 ], [ 696231.218705482082441, 2428402.222405053209513 ], [ 696231.430029082810506, 2428402.032931996043772 ], [ 696231.621561630046926, 2428401.823880692012608 ], [ 696231.791458560735919, 2428401.597264419775456 ], [ 696231.938083674525842, 2428401.355265618301928 ], [ 696232.060024891397916, 2428401.100214867852628 ], [ 696232.156107850722037, 2428400.834568446967751 ], [ 696232.225407221121714, 2428400.560884675942361 ], [ 696232.267255611834116, 2428400.281799278222024 ], [ 696232.28125, 2428400.0 ] ] ] } },
{ "type": "Feature", "properties": { "xmin": 55.632668, "ymin": 745.92786, "xmax": 80.52433, "ymax": 770.11206, "score": 0.37159821, "label": "Tree", "tile_idx": 12, "geo_xmin": 696014.12, "geo_ymin": 2428448.8, "geo_xmax": 696020.88, "geo_ymax": 2428455.2, "center_x": 696017.5, "center_y": 2428452.0, "width_m": 6.75, "height_m": 6.5, "crown_diameter_m": 6.6238208, "lon": 88.898087597758902, "lat": 21.949506630247843, "crown_area_raw_m2": 34.459347, "crown_area_calibrated_m2": 41.351219, "agb_tree_kg": 67.841652868224855 }, "geometry": { "type": "Polygon", "coordinates": [ [ [ 696020.875, 2428452.0 ], [ 696020.858748452505097, 2428451.681444293819368 ], [ 696020.810150321340188, 2428451.365956453606486 ], [ 696020.729673633119091, 2428451.056574799120426 ], [ 696020.618093422264792, 2428450.756278845015913 ], [ 696020.476484267157502, 2428450.46796060539782 ], [ 696020.306209941511042, 2428450.194396742619574 ], [ 696020.108910280046985, 2428449.93822182668373 ], [ 696019.886485386523418, 2428449.701902961358428 ], [ 696019.641077334061265, 2428449.487716026604176 ], [ 696019.375049536465667, 2428449.297723759897053 ], [ 696019.090963986818679, 2428449.133755890652537 ], [ 696018.791556584183127, 2428448.997391519136727 ], [ 696018.479710785788484, 2428448.889943908900023 ], [ 696018.158429836854339, 2428448.812447838485241 ], [ 696017.830807848600671, 2428448.765649638138711 ], [ 696017.5, 2428448.75 ], [ 696017.169192151399329, 2428448.765649638138711 ], [ 696016.841570163145661, 2428448.812447838485241 ], [ 696016.520289214211516, 2428448.889943908900023 ], [ 696016.208443415816873, 2428448.997391519136727 ], [ 696015.909036013181321, 2428449.133755890652537 ], [ 696015.624950463534333, 2428449.297723759897053 ], [ 696015.358922665938735, 2428449.487716026604176 ], [ 696015.113514613476582, 2428449.701902961358428 ], [ 696014.891089719953015, 2428449.93822182668373 ], [ 696014.693790058488958, 2428450.194396742619574 ], [ 696014.523515732842498, 2428450.46796060539782 ], [ 696014.381906577735208, 2428450.756278845015913 ], [ 696014.270326366880909, 2428451.056574799120426 ], [ 696014.189849678659812, 2428451.365956453606486 ], [ 696014.141251547494903, 2428451.681444293819368 ], [ 696014.125, 2428452.0 ], [ 696014.141251547494903, 2428452.318555706180632 ], [ 696014.189849678659812, 2428452.634043546393514 ], [ 696014.270326366880909, 2428452.943425200879574 ], [ 696014.381906577735208, 2428453.243721154984087 ], [ 696014.523515732842498, 2428453.53203939460218 ], [ 696014.693790058488958, 2428453.805603257380426 ], [ 696014.891089719953015, 2428454.06177817331627 ], [ 696015.113514613476582, 2428454.298097038641572 ], [ 696015.358922665938735, 2428454.512283973395824 ], [ 696015.624950463534333, 2428454.702276240102947 ], [ 696015.909036013181321, 2428454.866244109347463 ], [ 696016.208443415816873, 2428455.002608480863273 ], [ 696016.520289214211516, 2428455.110056091099977 ], [ 696016.841570163145661, 2428455.187552161514759 ], [ 696017.169192151399329, 2428455.234350361861289 ], [ 696017.5, 2428455.25 ], [ 696017.830807848600671, 2428455.234350361861289 ], [ 696018.158429836854339, 2428455.187552161514759 ], [ 696018.479710785788484, 2428455.110056091099977 ], [ 696018.791556584183127, 2428455.002608480863273 ], [ 696019.090963986818679, 2428454.866244109347463 ], [ 696019.375049536465667, 2428454.702276240102947 ], [ 696019.641077334061265, 2428454.512283973395824 ], [ 696019.886485386523418, 2428454.298097038641572 ], [ 696020.108910280046985, 2428454.06177817331627 ], [ 696020.306209941511042, 2428453.805603257380426 ], [ 696020.476484267157502, 2428453.53203939460218 ], [ 696020.618093422264792, 2428453.243721154984087 ], [ 696020.729673633119091, 2428452.943425200879574 ], [ 696020.810150321340188, 2428452.634043546393514 ], [ 696020.858748452505097, 2428452.318555706180632 ], [ 696020.875, 2428452.0 ] ] ] } },
{ "type": "Feature", "properties": { "xmin": 912.7041, "ymin": 645.32361, "xmax": 928.34491, "ymax": 661.11584, "score": 0.37151265, "label": "Tree", "tile_idx": 7, "geo_xmin": 696245.56, "geo_ymin": 2428478.2, "geo_xmax": 696249.75, "geo_ymax": 2428482.5, "center_x": 696247.62, "center_y": 2428480.5, "width_m": 4.1875, "height_m": 4.25, "crown_diameter_m": 4.2186341, "lon": 88.900318443404927, "lat": 21.94973821916005, "crown_area_raw_m2": 13.977633, "crown_area_calibrated_m2": 16.773161, "agb_tree_kg": 22.933195092200343 }, "geometry": { "type": "Polygon", "coordinates": [ [ [ 696249.71875, 2428480.5 ], [ 696249.708668021485209, 2428480.291713576763868 ], [ 696249.678519180859439, 2428480.085433065891266 ], [ 696249.628593827947043, 2428479.883145060855895 ], [ 696249.559372771182097, 2428479.686797706410289 ], [ 696249.471522647188976, 2428479.498281934298575 ], [ 696249.365889500710182, 2428479.319413254968822 ], [ 696249.24349063669797, 2428479.151914271060377 ], [ 696249.105504823150113, 2428478.997398090083152 ], [ 696248.953260938753374, 2428478.857352786697447 ], [ 696248.788225175347179, 2428478.733127073850483 ], [ 696248.611986917676404, 2428478.625917313154787 ], [ 696248.426243436522782, 2428478.536755993496627 ], [ 696248.232783542945981, 2428478.466501786373556 ], [ 696248.033470361726359, 2428478.415831279009581 ], [ 696247.830223387572914, 2428478.385232456028461 ], [ 696247.625, 2428478.375 ], [ 696247.419776612427086, 2428478.385232456028461 ], [ 696247.216529638273641, 2428478.415831279009581 ], [ 696247.017216457054019, 2428478.466501786373556 ], [ 696246.823756563477218, 2428478.536755993496627 ], [ 696246.638013082323596, 2428478.625917313154787 ], [ 696246.461774824652821, 2428478.733127073850483 ], [ 696246.296739061246626, 2428478.857352786697447 ], [ 696246.144495176849887, 2428478.997398090083152 ], [ 696246.00650936330203, 2428479.151914271060377 ], [ 696245.884110499289818, 2428479.319413254968822 ], [ 696245.778477352811024, 2428479.498281934298575 ], [ 696245.690627228817903, 2428479.686797706410289 ], [ 696245.621406172052957, 2428479.883145060855895 ], [ 696245.571480819140561, 2428480.085433065891266 ], [ 696245.541331978514791, 2428480.291713576763868 ], [ 696245.53125, 2428480.5 ], [ 696245.541331978514791, 2428480.708286423236132 ], [ 696245.571480819140561, 2428480.914566934108734 ], [ 696245.621406172052957, 2428481.116854939144105 ], [ 696245.690627228817903, 2428481.313202293589711 ], [ 696245.778477352811024, 2428481.501718065701425 ], [ 696245.884110499289818, 2428481.680586745031178 ], [ 696246.00650936330203, 2428481.848085728939623 ], [ 696246.144495176849887, 2428482.002601909916848 ], [ 696246.296739061246626, 2428482.142647213302553 ], [ 696246.461774824652821, 2428482.266872926149517 ], [ 696246.638013082323596, 2428482.374082686845213 ], [ 696246.823756563477218, 2428482.463244006503373 ], [ 696247.017216457054019, 2428482.533498213626444 ], [ 696247.216529638273641, 2428482.584168720990419 ], [ 696247.419776612427086, 2428482.614767543971539 ], [ 696247.625, 2428482.625 ], [ 696247.830223387572914, 2428482.614767543971539 ], [ 696248.033470361726359, 2428482.584168720990419 ], [ 696248.232783542945981, 2428482.533498213626444 ], [ 696248.426243436522782, 2428482.463244006503373 ], [ 696248.611986917676404, 2428482.374082686845213 ], [ 696248.788225175347179, 2428482.266872926149517 ], [ 696248.953260938753374, 2428482.142647213302553 ], [ 696249.105504823150113, 2428482.002601909916848 ], [ 696249.24349063669797, 2428481.848085728939623 ], [ 696249.365889500710182, 2428481.680586745031178 ], [ 696249.471522647188976, 2428481.501718065701425 ], [ 696249.559372771182097, 2428481.313202293589711 ], [ 696249.628593827947043, 2428481.116854939144105 ], [ 696249.678519180859439, 2428480.914566934108734 ], [ 696249.708668021485209, 2428480.708286423236132 ], [ 696249.71875, 2428480.5 ] ] ] } },
{ "type": "Feature", "properties": { "xmin": 196.09215, "ymin": 309.444, "xmax": 210.83018, "ymax": 324.33572, "score": 0.36904439, "label": "Tree", "tile_idx": 0, "geo_xmin": 696052.06, "geo_ymin": 2428569.2, "geo_xmax": 696056.06, "geo_ymax": 2428573.2, "center_x": 696054.06, "center_y": 2428571.2, "width_m": 4.0, "height_m": 4.0, "crown_diameter_m": 4.0, "lon": 88.898455794747107, "lat": 21.950579324652928, "crown_area_raw_m2": 12.566371, "crown_area_calibrated_m2": 15.079646, "agb_tree_kg": 20.179185333836767 }, "geometry": { "type": "Polygon", "coordinates": [ [ [ 696056.0625, 2428571.25 ], [ 696056.05286945332773, 2428571.053965719416738 ], [ 696056.024070560815744, 2428570.85981935588643 ], [ 696055.976380671490915, 2428570.66943064564839 ], [ 696055.910259064985439, 2428570.484633135143667 ], [ 696055.826342528685927, 2428570.307206526398659 ], [ 696055.725439224625006, 2428570.138859534170479 ], [ 696055.608520906767808, 2428569.981213431805372 ], [ 696055.476713562384248, 2428569.835786437615752 ], [ 696055.331286568311043, 2428569.703979093115777 ], [ 696055.173640466062352, 2428569.587060775607824 ], [ 696055.005293473601341, 2428569.486157471314073 ], [ 696054.827866864739917, 2428569.40224093478173 ], [ 696054.643069354468025, 2428569.3361193286255 ], [ 696054.452680643997155, 2428569.288429439067841 ], [ 696054.258534280699678, 2428569.259630546439439 ], [ 696054.0625, 2428569.25 ], [ 696053.866465719300322, 2428569.259630546439439 ], [ 696053.672319356002845, 2428569.288429439067841 ], [ 696053.481930645531975, 2428569.3361193286255 ], [ 696053.297133135260083, 2428569.40224093478173 ], [ 696053.119706526398659, 2428569.486157471314073 ], [ 696052.951359533937648, 2428569.587060775607824 ], [ 696052.793713431688957, 2428569.703979093115777 ], [ 696052.648286437615752, 2428569.835786437615752 ], [ 696052.516479093232192, 2428569.981213431805372 ], [ 696052.399560775374994, 2428570.138859534170479 ], [ 696052.298657471314073, 2428570.307206526398659 ], [ 696052.214740935014561, 2428570.484633135143667 ], [ 696052.148619328509085, 2428570.66943064564839 ], [ 696052.100929439184256, 2428570.85981935588643 ], [ 696052.07213054667227, 2428571.053965719416738 ], [ 696052.0625, 2428571.25 ], [ 696052.07213054667227, 2428571.446034280583262 ], [ 696052.100929439184256, 2428571.64018064411357 ], [ 696052.148619328509085, 2428571.83056935435161 ], [ 696052.214740935014561, 2428572.015366864856333 ], [ 696052.298657471314073, 2428572.192793473601341 ], [ 696052.399560775374994, 2428572.361140465829521 ], [ 696052.516479093232192, 2428572.518786568194628 ], [ 696052.648286437615752, 2428572.664213562384248 ], [ 696052.793713431688957, 2428572.796020906884223 ], [ 696052.951359533937648, 2428572.912939224392176 ], [ 696053.119706526398659, 2428573.013842528685927 ], [ 696053.297133135260083, 2428573.09775906521827 ], [ 696053.481930645531975, 2428573.1638806713745 ], [ 696053.672319356002845, 2428573.211570560932159 ], [ 696053.866465719300322, 2428573.240369453560561 ], [ 696054.0625, 2428573.25 ], [ 696054.258534280699678, 2428573.240369453560561 ], [ 696054.452680643997155, 2428573.211570560932159 ], [ 696054.643069354468025, 2428573.1638806713745 ], [ 696054.827866864739917, 2428573.09775906521827 ], [ 696055.005293473601341, 2428573.013842528685927 ], [ 696055.173640466062352, 2428572.912939224392176 ], [ 696055.331286568311043, 2428572.796020906884223 ], [ 696055.476713562384248, 2428572.664213562384248 ], [ 696055.608520906767808, 2428572.518786568194628 ], [ 696055.725439224625006, 2428572.361140465829521 ], [ 696055.826342528685927, 2428572.192793473601341 ], [ 696055.910259064985439, 2428572.015366864856333 ], [ 696055.976380671490915, 2428571.83056935435161 ], [ 696056.024070560815744, 2428571.64018064411357 ], [ 696056.05286945332773, 2428571.446034280583262 ], [ 696056.0625, 2428571.25 ] ] ] } },
{ "type": "Feature", "properties": { "xmin": 355.35449, "ymin": 857.87476, "xmax": 380.4267, "ymax": 883.25751, "score": 0.36312523, "label": "Tree", "tile_idx": 13, "geo_xmin": 696095.06, "geo_ymin": 2428418.2, "geo_xmax": 696101.81, "geo_ymax": 2428425.0, "center_x": 696098.44, "center_y": 2428421.5, "width_m": 6.75, "height_m": 6.75, "crown_diameter_m": 6.75, "lon": 88.898867349427064, "lat": 21.949222171235476, "crown_area_raw_m2": 35.784706, "crown_area_calibrated_m2": 42.94165, "agb_tree_kg": 70.990082326504393 }, "geometry": { "type": "Polygon", "coordinates": [ [ [ 696101.8125, 2428421.5 ], [ 696101.796248452505097, 2428421.169192151166499 ], [ 696101.747650321340188, 2428420.841570163145661 ], [ 696101.667173633119091, 2428420.520289214327931 ], [ 696101.555593422264792, 2428420.208443415816873 ], [ 696101.413984267157502, 2428419.909036013297737 ], [ 696101.243709941511042, 2428419.624950463417917 ], [ 696101.046410280046985, 2428419.358922665938735 ], [ 696100.823985386523418, 2428419.113514613360167 ], [ 696100.578577334061265, 2428418.891089719720185 ], [ 696100.312549536465667, 2428418.693790058605373 ], [ 696100.028463986818679, 2428418.523515732958913 ], [ 696099.729056584183127, 2428418.381906577851623 ], [ 696099.417210785788484, 2428418.270326367113739 ], [ 696099.095929836854339, 2428418.189849678426981 ], [ 696098.768307848600671, 2428418.141251547262073 ], [ 696098.4375, 2428418.125 ], [ 696098.106692151399329, 2428418.141251547262073 ], [ 696097.779070163145661, 2428418.189849678426981 ], [ 696097.457789214211516, 2428418.270326367113739 ], [ 696097.145943415816873, 2428418.381906577851623 ], [ 696096.846536013181321, 2428418.523515732958913 ], [ 696096.562450463534333, 2428418.693790058605373 ], [ 696096.296422665938735, 2428418.891089719720185 ], [ 696096.051014613476582, 2428419.113514613360167 ], [ 696095.828589719953015, 2428419.358922665938735 ], [ 696095.631290058488958, 2428419.624950463417917 ], [ 696095.461015732842498, 2428419.909036013297737 ], [ 696095.319406577735208, 2428420.208443415816873 ], [ 696095.207826366880909, 2428420.520289214327931 ], [ 696095.127349678659812, 2428420.841570163145661 ], [ 696095.078751547494903, 2428421.169192151166499 ], [ 696095.0625, 2428421.5 ], [ 696095.078751547494903, 2428421.830807848833501 ], [ 696095.127349678659812, 2428422.158429836854339 ], [ 696095.207826366880909, 2428422.479710785672069 ], [ 696095.319406577735208, 2428422.791556584183127 ], [ 696095.461015732842498, 2428423.090963986702263 ], [ 696095.631290058488958, 2428423.375049536582083 ], [ 696095.828589719953015, 2428423.641077334061265 ], [ 696096.051014613476582, 2428423.886485386639833 ], [ 696096.296422665938735, 2428424.108910280279815 ], [ 696096.562450463534333, 2428424.306209941394627 ], [ 696096.846536013181321, 2428424.476484267041087 ], [ 696097.145943415816873, 2428424.618093422148377 ], [ 696097.457789214211516, 2428424.729673632886261 ], [ 696097.779070163145661, 2428424.810150321573019 ], [ 696098.106692151399329, 2428424.858748452737927 ], [ 696098.4375, 2428424.875 ], [ 696098.768307848600671, 2428424.858748452737927 ], [ 696099.095929836854339, 2428424.810150321573019 ], [ 696099.417210785788484, 2428424.729673632886261 ], [ 696099.729056584183127, 2428424.618093422148377 ], [ 696100.028463986818679, 2428424.476484267041087 ], [ 696100.312549536465667, 2428424.306209941394627 ], [ 696100.578577334061265, 2428424.108910280279815 ], [ 696100.823985386523418, 2428423.886485386639833 ], [ 696101.046410280046985, 2428423.641077334061265 ], [ 696101.243709941511042, 2428423.375049536582083 ], [ 696101.413984267157502, 2428423.090963986702263 ], [ 696101.555593422264792, 2428422.791556584183127 ], [ 696101.667173633119091, 2428422.479710785672069 ], [ 696101.747650321340188, 2428422.158429836854339 ], [ 696101.796248452505097, 2428421.830807848833501 ], [ 696101.8125, 2428421.5 ] ] ] } },
{ "type": "Feature", "properties": { "xmin": 863.49652, "ymin": 454.68921, "xmax": 887.93872, "ymax": 478.2757, "score": 0.36155009, "label": "Tree", "tile_idx": 7, "geo_xmin": 696232.25, "geo_ymin": 2428527.5, "geo_xmax": 696238.88, "geo_ymax": 2428534.0, "center_x": 696235.56, "center_y": 2428530.8, "width_m": 6.625, "height_m": 6.5, "crown_diameter_m": 6.5622025, "lon": 88.900207719864909, "lat": 21.950193308861152, "crown_area_raw_m2": 33.821209, "crown_area_calibrated_m2": 40.585453, "agb_tree_kg": 66.334385166844825 }, "geometry": { "type": "Polygon", "coordinates": [ [ [ 696238.875, 2428530.75 ], [ 696238.859049407066777, 2428530.431444293819368 ], [ 696238.811351241311058, 2428530.115956453606486 ], [ 696238.732364862109534, 2428529.806574799120426 ], [ 696238.62285095138941, 2428529.506278845015913 ], [ 696238.483864188194275, 2428529.21796060539782 ], [ 696238.316743090748787, 2428528.944396742619574 ], [ 696238.123097126721404, 2428528.68822182668373 ], [ 696237.904791212640703, 2428528.451902961358428 ], [ 696237.663927753805183, 2428528.237716026604176 ], [ 696237.402826396864839, 2428528.047723759897053 ], [ 696237.124001690768637, 2428527.883755890652537 ], [ 696236.830138869700022, 2428527.747391519136727 ], [ 696236.524067993392237, 2428527.639943908900023 ], [ 696236.208736691623926, 2428527.562447838485241 ], [ 696235.887181777390651, 2428527.515649638138711 ], [ 696235.5625, 2428527.5 ], [ 696235.237818222609349, 2428527.515649638138711 ], [ 696234.916263308376074, 2428527.562447838485241 ], [ 696234.600932006607763, 2428527.639943908900023 ], [ 696234.294861130299978, 2428527.747391519136727 ], [ 696234.000998309231363, 2428527.883755890652537 ], [ 696233.722173603135161, 2428528.047723759897053 ], [ 696233.461072246194817, 2428528.237716026604176 ], [ 696233.220208787359297, 2428528.451902961358428 ], [ 696233.001902873278596, 2428528.68822182668373 ], [ 696232.808256909251213, 2428528.944396742619574 ], [ 696232.641135811805725, 2428529.21796060539782 ], [ 696232.50214904861059, 2428529.506278845015913 ], [ 696232.392635137890466, 2428529.806574799120426 ], [ 696232.313648758688942, 2428530.115956453606486 ], [ 696232.265950592933223, 2428530.431444293819368 ], [ 696232.25, 2428530.75 ], [ 696232.265950592933223, 2428531.068555706180632 ], [ 696232.313648758688942, 2428531.384043546393514 ], [ 696232.392635137890466, 2428531.693425200879574 ], [ 696232.50214904861059, 2428531.993721154984087 ], [ 696232.641135811805725, 2428532.28203939460218 ], [ 696232.808256909251213, 2428532.555603257380426 ], [ 696233.001902873278596, 2428532.81177817331627 ], [ 696233.220208787359297, 2428533.048097038641572 ], [ 696233.461072246194817, 2428533.262283973395824 ], [ 696233.722173603135161, 2428533.452276240102947 ], [ 696234.000998309231363, 2428533.616244109347463 ], [ 696234.294861130299978, 2428533.752608480863273 ], [ 696234.600932006607763, 2428533.860056091099977 ], [ 696234.916263308376074, 2428533.937552161514759 ], [ 696235.237818222609349, 2428533.984350361861289 ], [ 696235.5625, 2428534.0 ], [ 696235.887181777390651, 2428533.984350361861289 ], [ 696236.208736691623926, 2428533.937552161514759 ], [ 696236.524067993392237, 2428533.860056091099977 ], [ 696236.830138869700022, 2428533.752608480863273 ], [ 696237.124001690768637, 2428533.616244109347463 ], [ 696237.402826396864839, 2428533.452276240102947 ], [ 696237.663927753805183, 2428533.262283973395824 ], [ 696237.904791212640703, 2428533.048097038641572 ], [ 696238.123097126721404, 2428532.81177817331627 ], [ 696238.316743090748787, 2428532.555603257380426 ], [ 696238.483864188194275, 2428532.28203939460218 ], [ 696238.62285095138941, 2428531.993721154984087 ], [ 696238.732364862109534, 2428531.693425200879574 ], [ 696238.811351241311058, 2428531.384043546393514 ], [ 696238.859049407066777, 2428531.068555706180632 ], [ 696238.875, 2428530.75 ] ] ] } },
{ "type": "Feature", "properties": { "xmin": 417.16354, "ymin": 79.725746, "xmax": 433.35669, "ymax": 96.477867, "score": 0.3591232, "label": "Tree", "tile_idx": 1, "geo_xmin": 696111.75, "geo_ymin": 2428630.8, "geo_xmax": 696116.12, "geo_ymax": 2428635.2, "center_x": 696113.94, "center_y": 2428633.0, "width_m": 4.375, "height_m": 4.5, "crown_diameter_m": 4.4370599, "lon": 88.899042749082412, "lat": 21.951130204716122, "crown_area_raw_m2": 15.462527, "crown_area_calibrated_m2": 18.555033, "agb_tree_kg": 25.892172177110286 }, "geometry": { "type": "Polygon", "coordinates": [ [ [ 696116.125, 2428633.0 ], [ 696116.114466589642689, 2428632.779461434110999 ], [ 696116.082967800903134, 2428632.561046775430441 ], [ 696116.030806984403171, 2428632.346859476063401 ], [ 696115.958486477378756, 2428632.138962277211249 ], [ 696115.866702765808441, 2428631.939357342198491 ], [ 696115.756339776911773, 2428631.749966975767165 ], [ 696115.628460366744548, 2428631.572615110781044 ], [ 696115.484296083799563, 2428631.409009742550552 ], [ 696115.325235309079289, 2428631.260726479813457 ], [ 696115.152809884748422, 2428631.129193372093141 ], [ 696114.968680361751467, 2428631.015677154995501 ], [ 696114.774620008305646, 2428630.921271051745862 ], [ 696114.572497731540352, 2428630.846884244587272 ], [ 696114.364260079455562, 2428630.793233118951321 ], [ 696114.151912494446151, 2428630.760834365151823 ], [ 696113.9375, 2428630.75 ], [ 696113.723087505553849, 2428630.760834365151823 ], [ 696113.510739920544438, 2428630.793233118951321 ], [ 696113.302502268459648, 2428630.846884244587272 ], [ 696113.100379991694354, 2428630.921271051745862 ], [ 696112.906319638248533, 2428631.015677154995501 ], [ 696112.722190115251578, 2428631.129193372093141 ], [ 696112.549764690920711, 2428631.260726479813457 ], [ 696112.390703916200437, 2428631.409009742550552 ], [ 696112.246539633255452, 2428631.572615110781044 ], [ 696112.118660223088227, 2428631.749966975767165 ], [ 696112.008297234191559, 2428631.939357342198491 ], [ 696111.916513522621244, 2428632.138962277211249 ], [ 696111.844193015596829, 2428632.346859476063401 ], [ 696111.792032199096866, 2428632.561046775430441 ], [ 696111.760533410357311, 2428632.779461434110999 ], [ 696111.75, 2428633.0 ], [ 696111.760533410357311, 2428633.220538565889001 ], [ 696111.792032199096866, 2428633.438953224569559 ], [ 696111.844193015596829, 2428633.653140523936599 ], [ 696111.916513522621244, 2428633.861037722788751 ], [ 696112.008297234191559, 2428634.060642657801509 ], [ 696112.118660223088227, 2428634.250033024232835 ], [ 696112.246539633255452, 2428634.427384889218956 ], [ 696112.390703916200437, 2428634.590990257449448 ], [ 696112.549764690920711, 2428634.739273520186543 ], [ 696112.722190115251578, 2428634.870806627906859 ], [ 696112.906319638248533, 2428634.984322845004499 ], [ 696113.100379991694354, 2428635.078728948254138 ], [ 696113.302502268459648, 2428635.153115755412728 ], [ 696113.510739920544438, 2428635.206766881048679 ], [ 696113.723087505553849, 2428635.239165634848177 ], [ 696113.9375, 2428635.25 ], [ 696114.151912494446151, 2428635.239165634848177 ], [ 696114.364260079455562, 2428635.206766881048679 ], [ 696114.572497731540352, 2428635.153115755412728 ], [ 696114.774620008305646, 2428635.078728948254138 ], [ 696114.968680361751467, 2428634.984322845004499 ], [ 696115.152809884748422, 2428634.870806627906859 ], [ 696115.325235309079289, 2428634.739273520186543 ], [ 696115.484296083799563, 2428634.590990257449448 ], [ 696115.628460366744548, 2428634.427384889218956 ], [ 696115.756339776911773, 2428634.250033024232835 ], [ 696115.866702765808441, 2428634.060642657801509 ], [ 696115.958486477378756, 2428633.861037722788751 ], [ 696116.030806984403171, 2428633.653140523936599 ], [ 696116.082967800903134, 2428633.438953224569559 ], [ 696116.114466589642689, 2428633.220538565889001 ], [ 696116.125, 2428633.0 ] ] ] } },
{ "type": "Feature", "properties": { "xmin": 885.88416, "ymin": 639.26648, "xmax": 901.45239, "ymax": 655.37231, "score": 0.35860804, "label": "Tree", "tile_idx": 7, "geo_xmin": 696238.31, "geo_ymin": 2428479.8, "geo_xmax": 696242.5, "geo_ymax": 2428484.2, "center_x": 696240.38, "center_y": 2428482.0, "width_m": 4.1875, "height_m": 4.5, "crown_diameter_m": 4.340939, "lon": 88.90024844923235, "lat": 21.949752575493878, "crown_area_raw_m2": 14.799847, "crown_area_calibrated_m2": 17.759817, "agb_tree_kg": 24.564198309430072 }, "geometry": { "type": "Polygon", "coordinates": [ [ [ 696242.46875, 2428482.0 ], [ 696242.458668021485209, 2428481.779461434110999 ], [ 696242.428519180859439, 2428481.561046775430441 ], [ 696242.378593827947043, 2428481.346859476063401 ], [ 696242.309372771182097, 2428481.138962277211249 ], [ 696242.221522647188976, 2428480.939357342198491 ], [ 696242.115889500710182, 2428480.749966975767165 ], [ 696241.99349063669797, 2428480.572615110781044 ], [ 696241.855504823150113, 2428480.409009742550552 ], [ 696241.703260938753374, 2428480.260726479813457 ], [ 696241.538225175347179, 2428480.129193372093141 ], [ 696241.361986917676404, 2428480.015677154995501 ], [ 696241.176243436522782, 2428479.921271051745862 ], [ 696240.982783542945981, 2428479.846884244587272 ], [ 696240.783470361726359, 2428479.793233118951321 ], [ 696240.580223387572914, 2428479.760834365151823 ], [ 696240.375, 2428479.75 ], [ 696240.169776612427086, 2428479.760834365151823 ], [ 696239.966529638273641, 2428479.793233118951321 ], [ 696239.767216457054019, 2428479.846884244587272 ], [ 696239.573756563477218, 2428479.921271051745862 ], [ 696239.388013082323596, 2428480.015677154995501 ], [ 696239.211774824652821, 2428480.129193372093141 ], [ 696239.046739061246626, 2428480.260726479813457 ], [ 696238.894495176849887, 2428480.409009742550552 ], [ 696238.75650936330203, 2428480.572615110781044 ], [ 696238.634110499289818, 2428480.749966975767165 ], [ 696238.528477352811024, 2428480.939357342198491 ], [ 696238.440627228817903, 2428481.138962277211249 ], [ 696238.371406172052957, 2428481.346859476063401 ], [ 696238.321480819140561, 2428481.561046775430441 ], [ 696238.291331978514791, 2428481.779461434110999 ], [ 696238.28125, 2428482.0 ], [ 696238.291331978514791, 2428482.220538565889001 ], [ 696238.321480819140561, 2428482.438953224569559 ], [ 696238.371406172052957, 2428482.653140523936599 ], [ 696238.440627228817903, 2428482.861037722788751 ], [ 696238.528477352811024, 2428483.060642657801509 ], [ 696238.634110499289818, 2428483.250033024232835 ], [ 696238.75650936330203, 2428483.427384889218956 ], [ 696238.894495176849887, 2428483.590990257449448 ], [ 696239.046739061246626, 2428483.739273520186543 ], [ 696239.211774824652821, 2428483.870806627906859 ], [ 696239.388013082323596, 2428483.984322845004499 ], [ 696239.573756563477218, 2428484.078728948254138 ], [ 696239.767216457054019, 2428484.153115755412728 ], [ 696239.966529638273641, 2428484.206766881048679 ], [ 696240.169776612427086, 2428484.239165634848177 ], [ 696240.375, 2428484.25 ], [ 696240.580223387572914, 2428484.239165634848177 ], [ 696240.783470361726359, 2428484.206766881048679 ], [ 696240.982783542945981, 2428484.153115755412728 ], [ 696241.176243436522782, 2428484.078728948254138 ], [ 696241.361986917676404, 2428483.984322845004499 ], [ 696241.538225175347179, 2428483.870806627906859 ], [ 696241.703260938753374, 2428483.739273520186543 ], [ 696241.855504823150113, 2428483.590990257449448 ], [ 696241.99349063669797, 2428483.427384889218956 ], [ 696242.115889500710182, 2428483.250033024232835 ], [ 696242.221522647188976, 2428483.060642657801509 ], [ 696242.309372771182097, 2428482.861037722788751 ], [ 696242.378593827947043, 2428482.653140523936599 ], [ 696242.428519180859439, 2428482.438953224569559 ], [ 696242.458668021485209, 2428482.220538565889001 ], [ 696242.46875, 2428482.0 ] ] ] } },
{ "type": "Feature", "properties": { "xmin": 501.88925, "ymin": 865.43457, "xmax": 521.7688, "ymax": 885.03516, "score": 0.35833091, "label": "Tree", "tile_idx": 9, "geo_xmin": 696134.62, "geo_ymin": 2428417.8, "geo_xmax": 696140.0, "geo_ymax": 2428423.0, "center_x": 696137.31, "center_y": 2428420.5, "width_m": 5.375, "height_m": 5.25, "crown_diameter_m": 5.3121324, "lon": 88.899243507421815, "lat": 21.949208791104496, "crown_area_raw_m2": 22.162954, "crown_area_calibrated_m2": 26.595547, "agb_tree_kg": 39.911478424586385 }, "geometry": { "type": "Polygon", "coordinates": [ [ [ 696140.0, 2428420.5 ], [ 696139.987058952916414, 2428420.242705006618053 ], [ 696139.948360441136174, 2428419.987887904513627 ], [ 696139.884277152246796, 2428419.738002722151577 ], [ 696139.795426243566908, 2428419.49545599007979 ], [ 696139.682663397979923, 2428419.26258356589824 ], [ 696139.547074583009817, 2428419.041628138162196 ], [ 696139.389965593465604, 2428418.83471762901172 ], [ 696139.212849474395625, 2428418.64384469948709 ], [ 696139.017431951244362, 2428418.470847560092807 ], [ 696138.805595001205802, 2428418.317392267752439 ], [ 696138.579378730268218, 2428418.184956680983305 ], [ 696138.34096172451973, 2428418.074816226959229 ], [ 696138.092640070128255, 2428417.988031618762761 ], [ 696137.836805240367539, 2428417.925438638776541 ], [ 696137.575921064591967, 2428417.887640092521906 ], [ 696137.3125, 2428417.875 ], [ 696137.049078935408033, 2428417.887640092521906 ], [ 696136.788194759632461, 2428417.925438638776541 ], [ 696136.532359929871745, 2428417.988031618762761 ], [ 696136.28403827548027, 2428418.074816226959229 ], [ 696136.045621269731782, 2428418.184956680983305 ], [ 696135.819404998794198, 2428418.317392267752439 ], [ 696135.607568048755638, 2428418.470847560092807 ], [ 696135.412150525604375, 2428418.64384469948709 ], [ 696135.235034406534396, 2428418.83471762901172 ], [ 696135.077925416990183, 2428419.041628138162196 ], [ 696134.942336602020077, 2428419.26258356589824 ], [ 696134.829573756433092, 2428419.49545599007979 ], [ 696134.740722847753204, 2428419.738002722151577 ], [ 696134.676639558863826, 2428419.987887904513627 ], [ 696134.637941047083586, 2428420.242705006618053 ], [ 696134.625, 2428420.5 ], [ 696134.637941047083586, 2428420.757294993381947 ], [ 696134.676639558863826, 2428421.012112095486373 ], [ 696134.740722847753204, 2428421.261997277848423 ], [ 696134.829573756433092, 2428421.50454400992021 ], [ 696134.942336602020077, 2428421.73741643410176 ], [ 696135.077925416990183, 2428421.958371861837804 ], [ 696135.235034406534396, 2428422.16528237098828 ], [ 696135.412150525604375, 2428422.35615530051291 ], [ 696135.607568048755638, 2428422.529152439907193 ], [ 696135.819404998794198, 2428422.682607732247561 ], [ 696136.045621269731782, 2428422.815043319016695 ], [ 696136.28403827548027, 2428422.925183773040771 ], [ 696136.532359929871745, 2428423.011968381237239 ], [ 696136.788194759632461, 2428423.074561361223459 ], [ 696137.049078935408033, 2428423.112359907478094 ], [ 696137.3125, 2428423.125 ], [ 696137.575921064591967, 2428423.112359907478094 ], [ 696137.836805240367539, 2428423.074561361223459 ], [ 696138.092640070128255, 2428423.011968381237239 ], [ 696138.34096172451973, 2428422.925183773040771 ], [ 696138.579378730268218, 2428422.815043319016695 ], [ 696138.805595001205802, 2428422.682607732247561 ], [ 696139.017431951244362, 2428422.529152439907193 ], [ 696139.212849474395625, 2428422.35615530051291 ], [ 696139.389965593465604, 2428422.16528237098828 ], [ 696139.547074583009817, 2428421.958371861837804 ], [ 696139.682663397979923, 2428421.73741643410176 ], [ 696139.795426243566908, 2428421.50454400992021 ], [ 696139.884277152246796, 2428421.261997277848423 ], [ 696139.948360441136174, 2428421.012112095486373 ], [ 696139.987058952916414, 2428420.757294993381947 ], [ 696140.0, 2428420.5 ] ] ] } },
{ "type": "Feature", "properties": { "xmin": 216.9453, "ymin": 912.83881, "xmax": 238.8662, "ymax": 934.49524, "score": 0.35567799, "label": "Tree", "tile_idx": 12, "geo_xmin": 696057.69, "geo_ymin": 2428404.5, "geo_xmax": 696063.62, "geo_ymax": 2428410.2, "center_x": 696060.62, "center_y": 2428407.5, "width_m": 5.9375, "height_m": 5.75, "crown_diameter_m": 5.842998, "lon": 88.898499676550657, "lat": 21.949099987044345, "crown_area_raw_m2": 26.813986, "crown_area_calibrated_m2": 32.176785, "agb_tree_kg": 50.181510323451533 }, "geometry": { "type": "Polygon", "coordinates": [ [ [ 696063.59375, 2428407.5 ], [ 696063.579454657272436, 2428407.218200721777976 ], [ 696063.536706301150844, 2428406.939115324057639 ], [ 696063.465916621731594, 2428406.665431553032249 ], [ 696063.367767362156883, 2428406.399785132147372 ], [ 696063.24320375348907, 2428406.144734381698072 ], [ 696063.093425411498174, 2428405.902735580224544 ], [ 696062.919874783372506, 2428405.676119307987392 ], [ 696062.724223256693222, 2428405.467068003956228 ], [ 696062.508355062338524, 2428405.277594946790487 ], [ 696062.274349129293114, 2428405.109524864703417 ], [ 696062.024459062493406, 2428404.964476365130395 ], [ 696061.761091439868324, 2428404.84384634392336 ], [ 696061.486782635562122, 2428404.748796534724534 ], [ 696061.204174393438734, 2428404.680242318660021 ], [ 696060.915988385328092, 2428404.638843910768628 ], [ 696060.625, 2428404.625 ], [ 696060.334011614671908, 2428404.638843910768628 ], [ 696060.045825606561266, 2428404.680242318660021 ], [ 696059.763217364437878, 2428404.748796534724534 ], [ 696059.488908560131676, 2428404.84384634392336 ], [ 696059.225540937506594, 2428404.964476365130395 ], [ 696058.975650870706886, 2428405.109524864703417 ], [ 696058.741644937661476, 2428405.277594946790487 ], [ 696058.525776743306778, 2428405.467068003956228 ], [ 696058.330125216627494, 2428405.676119307987392 ], [ 696058.156574588501826, 2428405.902735580224544 ], [ 696058.00679624651093, 2428406.144734381698072 ], [ 696057.882232637843117, 2428406.399785132147372 ], [ 696057.784083378268406, 2428406.665431553032249 ], [ 696057.713293698849156, 2428406.939115324057639 ], [ 696057.670545342727564, 2428407.218200721777976 ], [ 696057.65625, 2428407.5 ], [ 696057.670545342727564, 2428407.781799278222024 ], [ 696057.713293698849156, 2428408.060884675942361 ], [ 696057.784083378268406, 2428408.334568446967751 ], [ 696057.882232637843117, 2428408.600214867852628 ], [ 696058.00679624651093, 2428408.855265618301928 ], [ 696058.156574588501826, 2428409.097264419775456 ], [ 696058.330125216627494, 2428409.323880692012608 ], [ 696058.525776743306778, 2428409.532931996043772 ], [ 696058.741644937661476, 2428409.722405053209513 ], [ 696058.975650870706886, 2428409.890475135296583 ], [ 696059.225540937506594, 2428410.035523634869605 ], [ 696059.488908560131676, 2428410.15615365607664 ], [ 696059.763217364437878, 2428410.251203465275466 ], [ 696060.045825606561266, 2428410.319757681339979 ], [ 696060.334011614671908, 2428410.361156089231372 ], [ 696060.625, 2428410.375 ], [ 696060.915988385328092, 2428410.361156089231372 ], [ 696061.204174393438734, 2428410.319757681339979 ], [ 696061.486782635562122, 2428410.251203465275466 ], [ 696061.761091439868324, 2428410.15615365607664 ], [ 696062.024459062493406, 2428410.035523634869605 ], [ 696062.274349129293114, 2428409.890475135296583 ], [ 696062.508355062338524, 2428409.722405053209513 ], [ 696062.724223256693222, 2428409.532931996043772 ], [ 696062.919874783372506, 2428409.323880692012608 ], [ 696063.093425411498174, 2428409.097264419775456 ], [ 696063.24320375348907, 2428408.855265618301928 ], [ 696063.367767362156883, 2428408.600214867852628 ], [ 696063.465916621731594, 2428408.334568446967751 ], [ 696063.536706301150844, 2428408.060884675942361 ], [ 696063.579454657272436, 2428407.781799278222024 ], [ 696063.59375, 2428407.5 ] ] ] } },
{ "type": "Feature", "properties": { "xmin": 298.17181, "ymin": 950.09973, "xmax": 324.51227, "ymax": 975.70996, "score": 0.35526714, "label": "Tree", "tile_idx": 8, "geo_xmin": 696079.62, "geo_ymin": 2428393.2, "geo_xmax": 696086.75, "geo_ymax": 2428400.2, "center_x": 696083.19, "center_y": 2428396.8, "width_m": 7.125, "height_m": 7.0, "crown_diameter_m": 7.0622234, "lon": 88.898716773501164, "lat": 21.949000394069085, "crown_area_raw_m2": 39.171734, "crown_area_calibrated_m2": 47.006081, "agb_tree_kg": 79.141935007942365 }, "geometry": { "type": "Polygon", "coordinates": [ [ [ 696086.75, 2428396.75 ], [ 696086.732845588820055, 2428396.406940008979291 ], [ 696086.681547561427578, 2428396.067183873150498 ], [ 696086.596599946031347, 2428395.734003629535437 ], [ 696086.478820834541693, 2428395.410607986617833 ], [ 696086.329344504280016, 2428395.100111421197653 ], [ 696086.149610493797809, 2428394.805504184216261 ], [ 696085.94134974014014, 2428394.529623505659401 ], [ 696085.706567907938734, 2428394.275126265827566 ], [ 696085.447526074829511, 2428394.044463413301855 ], [ 696085.166718955151737, 2428393.839856356848031 ], [ 696084.866850874968804, 2428393.663275574799627 ], [ 696084.550809727748856, 2428393.516421636100858 ], [ 696084.221639162744395, 2428393.400708824861795 ], [ 696083.88250927219633, 2428393.317251518368721 ], [ 696083.536686062463559, 2428393.266853456851095 ], [ 696083.1875, 2428393.25 ], [ 696082.838313937536441, 2428393.266853456851095 ], [ 696082.49249072780367, 2428393.317251518368721 ], [ 696082.153360837255605, 2428393.400708824861795 ], [ 696081.824190272251144, 2428393.516421636100858 ], [ 696081.508149125031196, 2428393.663275574799627 ], [ 696081.208281044848263, 2428393.839856356848031 ], [ 696080.927473925170489, 2428394.044463413301855 ], [ 696080.668432092061266, 2428394.275126265827566 ], [ 696080.43365025985986, 2428394.529623505659401 ], [ 696080.225389506202191, 2428394.805504184216261 ], [ 696080.045655495719984, 2428395.100111421197653 ], [ 696079.896179165458307, 2428395.410607986617833 ], [ 696079.778400053968653, 2428395.734003629535437 ], [ 696079.693452438572422, 2428396.067183873150498 ], [ 696079.642154411179945, 2428396.406940008979291 ], [ 696079.625, 2428396.75 ], [ 696079.642154411179945, 2428397.093059991020709 ], [ 696079.693452438572422, 2428397.432816126849502 ], [ 696079.778400053968653, 2428397.765996370464563 ], [ 696079.896179165458307, 2428398.089392013382167 ], [ 696080.045655495719984, 2428398.399888578802347 ], [ 696080.225389506202191, 2428398.694495815783739 ], [ 696080.43365025985986, 2428398.970376494340599 ], [ 696080.668432092061266, 2428399.224873734172434 ], [ 696080.927473925170489, 2428399.455536586698145 ], [ 696081.208281044848263, 2428399.660143643151969 ], [ 696081.508149125031196, 2428399.836724425200373 ], [ 696081.824190272251144, 2428399.983578363899142 ], [ 696082.153360837255605, 2428400.099291175138205 ], [ 696082.49249072780367, 2428400.182748481631279 ], [ 696082.838313937536441, 2428400.233146543148905 ], [ 696083.1875, 2428400.25 ], [ 696083.536686062463559, 2428400.233146543148905 ], [ 696083.88250927219633, 2428400.182748481631279 ], [ 696084.221639162744395, 2428400.099291175138205 ], [ 696084.550809727748856, 2428399.983578363899142 ], [ 696084.866850874968804, 2428399.836724425200373 ], [ 696085.166718955151737, 2428399.660143643151969 ], [ 696085.447526074829511, 2428399.455536586698145 ], [ 696085.706567907938734, 2428399.224873734172434 ], [ 696085.94134974014014, 2428398.970376494340599 ], [ 696086.149610493797809, 2428398.694495815783739 ], [ 696086.329344504280016, 2428398.399888578802347 ], [ 696086.478820834541693, 2428398.089392013382167 ], [ 696086.596599946031347, 2428397.765996370464563 ], [ 696086.681547561427578, 2428397.432816126849502 ], [ 696086.732845588820055, 2428397.093059991020709 ], [ 696086.75, 2428396.75 ] ] ] } },
{ "type": "Feature", "properties": { "xmin": 918.42712, "ymin": 485.43127, "xmax": 938.09241, "ymax": 504.74652, "score": 0.35401246, "label": "Tree", "tile_idx": 6, "geo_xmin": 696247.12, "geo_ymin": 2428520.5, "geo_xmax": 696252.44, "geo_ymax": 2428525.8, "center_x": 696249.75, "center_y": 2428523.0, "width_m": 5.3125, "height_m": 5.25, "crown_diameter_m": 5.2811575, "lon": 88.900344113646099, "lat": 21.950121740428738, "crown_area_raw_m2": 21.905245, "crown_area_calibrated_m2": 26.286295, "agb_tree_kg": 39.354301844635366 }, "geometry": { "type": "Polygon", "coordinates": [ [ [ 696252.40625, 2428523.0 ], [ 696252.393459430197254, 2428522.742705006618053 ], [ 696252.355210901121609, 2428522.487887904513627 ], [ 696252.291872766800225, 2428522.238002722151577 ], [ 696252.204055008245632, 2428521.99545599007979 ], [ 696252.092603358440101, 2428521.76258356589824 ], [ 696251.958591157686897, 2428521.541628138162196 ], [ 696251.803309016744606, 2428521.33471762901172 ], [ 696251.628252387512475, 2428521.14384469948709 ], [ 696251.435107161058113, 2428520.970847560092807 ], [ 696251.225733431405388, 2428520.817392267752439 ], [ 696251.002147582243197, 2428520.684956680983305 ], [ 696250.76650286721997, 2428520.574816226959229 ], [ 696250.521068673930131, 2428520.488031618762761 ], [ 696250.268208667868748, 2428520.425438638776541 ], [ 696250.010358029045165, 2428520.387640092521906 ], [ 696249.75, 2428520.375 ], [ 696249.489641970954835, 2428520.387640092521906 ], [ 696249.231791332131252, 2428520.425438638776541 ], [ 696248.978931326069869, 2428520.488031618762761 ], [ 696248.73349713278003, 2428520.574816226959229 ], [ 696248.497852417756803, 2428520.684956680983305 ], [ 696248.274266568594612, 2428520.817392267752439 ], [ 696248.064892838941887, 2428520.970847560092807 ], [ 696247.871747612487525, 2428521.14384469948709 ], [ 696247.696690983255394, 2428521.33471762901172 ], [ 696247.541408842313103, 2428521.541628138162196 ], [ 696247.407396641559899, 2428521.76258356589824 ], [ 696247.295944991754368, 2428521.99545599007979 ], [ 696247.208127233199775, 2428522.238002722151577 ], [ 696247.144789098878391, 2428522.487887904513627 ], [ 696247.106540569802746, 2428522.742705006618053 ], [ 696247.09375, 2428523.0 ], [ 696247.106540569802746, 2428523.257294993381947 ], [ 696247.144789098878391, 2428523.512112095486373 ], [ 696247.208127233199775, 2428523.761997277848423 ], [ 696247.295944991754368, 2428524.00454400992021 ], [ 696247.407396641559899, 2428524.23741643410176 ], [ 696247.541408842313103, 2428524.458371861837804 ], [ 696247.696690983255394, 2428524.66528237098828 ], [ 696247.871747612487525, 2428524.85615530051291 ], [ 696248.064892838941887, 2428525.029152439907193 ], [ 696248.274266568594612, 2428525.182607732247561 ], [ 696248.497852417756803, 2428525.315043319016695 ], [ 696248.73349713278003, 2428525.425183773040771 ], [ 696248.978931326069869, 2428525.511968381237239 ], [ 696249.231791332131252, 2428525.574561361223459 ], [ 696249.489641970954835, 2428525.612359907478094 ], [ 696249.75, 2428525.625 ], [ 696250.010358029045165, 2428525.612359907478094 ], [ 696250.268208667868748, 2428525.574561361223459 ], [ 696250.521068673930131, 2428525.511968381237239 ], [ 696250.76650286721997, 2428525.425183773040771 ], [ 696251.002147582243197, 2428525.315043319016695 ], [ 696251.225733431405388, 2428525.182607732247561 ], [ 696251.435107161058113, 2428525.029152439907193 ], [ 696251.628252387512475, 2428524.85615530051291 ], [ 696251.803309016744606, 2428524.66528237098828 ], [ 696251.958591157686897, 2428524.458371861837804 ], [ 696252.092603358440101, 2428524.23741643410176 ], [ 696252.204055008245632, 2428524.00454400992021 ], [ 696252.291872766800225, 2428523.761997277848423 ], [ 696252.355210901121609, 2428523.512112095486373 ], [ 696252.393459430197254, 2428523.257294993381947 ], [ 696252.40625, 2428523.0 ] ] ] } },
{ "type": "Feature", "properties": { "xmin": 533.88971, "ymin": 922.93561, "xmax": 552.28369, "ymax": 941.36969, "score": 0.35212106, "label": "Tree", "tile_idx": 13, "geo_xmin": 696143.25, "geo_ymin": 2428402.5, "geo_xmax": 696148.25, "geo_ymax": 2428407.5, "center_x": 696145.75, "center_y": 2428405.0, "width_m": 5.0, "height_m": 5.0, "crown_diameter_m": 5.0, "lon": 88.899323315816559, "lat": 21.949067887402698, "crown_area_raw_m2": 19.634954, "crown_area_calibrated_m2": 23.561947, "agb_tree_kg": 34.504465191102682 }, "geometry": { "type": "Polygon", "coordinates": [ [ [ 696148.25, 2428405.0 ], [ 696148.237961816717871, 2428404.754957149270922 ], [ 696148.201963201048784, 2428404.512274194974452 ], [ 696148.14235083933454, 2428404.274288306944072 ], [ 696148.059698831290007, 2428404.04329141927883 ], [ 696147.954803160857409, 2428403.821508157998323 ], [ 696147.82867403072305, 2428403.611074417363852 ], [ 696147.682526133372448, 2428403.414016789756715 ], [ 696147.51776695298031, 2428403.23223304701969 ], [ 696147.3359832103597, 2428403.067473866511136 ], [ 696147.138925582519732, 2428402.921325969044119 ], [ 696146.928491842118092, 2428402.795196839142591 ], [ 696146.706708580954, 2428402.690301168709993 ], [ 696146.475711693172343, 2428402.607649160549045 ], [ 696146.237725805025548, 2428402.548036798834801 ], [ 696145.995042850845493, 2428402.512038183398545 ], [ 696145.75, 2428402.5 ], [ 696145.504957149154507, 2428402.512038183398545 ], [ 696145.262274194974452, 2428402.548036798834801 ], [ 696145.024288306827657, 2428402.607649160549045 ], [ 696144.793291419046, 2428402.690301168709993 ], [ 696144.571508157881908, 2428402.795196839142591 ], [ 696144.361074417480268, 2428402.921325969044119 ], [ 696144.1640167896403, 2428403.067473866511136 ], [ 696143.98223304701969, 2428403.23223304701969 ], [ 696143.817473866627552, 2428403.414016789756715 ], [ 696143.67132596927695, 2428403.611074417363852 ], [ 696143.545196839142591, 2428403.821508157998323 ], [ 696143.440301168709993, 2428404.04329141927883 ], [ 696143.35764916066546, 2428404.274288306944072 ], [ 696143.298036798951216, 2428404.512274194974452 ], [ 696143.262038183282129, 2428404.754957149270922 ], [ 696143.25, 2428405.0 ], [ 696143.262038183282129, 2428405.245042850729078 ], [ 696143.298036798951216, 2428405.487725805025548 ], [ 696143.35764916066546, 2428405.725711693055928 ], [ 696143.440301168709993, 2428405.95670858072117 ], [ 696143.545196839142591, 2428406.178491842001677 ], [ 696143.67132596927695, 2428406.388925582636148 ], [ 696143.817473866627552, 2428406.585983210243285 ], [ 696143.98223304701969, 2428406.76776695298031 ], [ 696144.1640167896403, 2428406.932526133488864 ], [ 696144.361074417480268, 2428407.078674030955881 ], [ 696144.571508157881908, 2428407.204803160857409 ], [ 696144.793291419046, 2428407.309698831290007 ], [ 696145.024288306827657, 2428407.392350839450955 ], [ 696145.262274194974452, 2428407.451963201165199 ], [ 696145.504957149154507, 2428407.487961816601455 ], [ 696145.75, 2428407.5 ], [ 696145.995042850845493, 2428407.487961816601455 ], [ 696146.237725805025548, 2428407.451963201165199 ], [ 696146.475711693172343, 2428407.392350839450955 ], [ 696146.706708580954, 2428407.309698831290007 ], [ 696146.928491842118092, 2428407.204803160857409 ], [ 696147.138925582519732, 2428407.078674030955881 ], [ 696147.3359832103597, 2428406.932526133488864 ], [ 696147.51776695298031, 2428406.76776695298031 ], [ 696147.682526133372448, 2428406.585983210243285 ], [ 696147.82867403072305, 2428406.388925582636148 ], [ 696147.954803160857409, 2428406.178491842001677 ], [ 696148.059698831290007, 2428405.95670858072117 ], [ 696148.14235083933454, 2428405.725711693055928 ], [ 696148.201963201048784, 2428405.487725805025548 ], [ 696148.237961816717871, 2428405.245042850729078 ], [ 696148.25, 2428405.0 ] ] ] } },
{ "type": "Feature", "properties": { "xmin": 649.52966, "ymin": 956.62964, "xmax": 672.19849, "ymax": 978.50647, "score": 0.3503626, "label": "Tree", "tile_idx": 13, "geo_xmin": 696174.5, "geo_ymin": 2428392.5, "geo_xmax": 696180.62, "geo_ymax": 2428398.5, "center_x": 696177.56, "center_y": 2428395.5, "width_m": 6.125, "height_m": 6.0, "crown_diameter_m": 6.0621777, "lon": 88.899630094242298, "lat": 21.948978544981458, "crown_area_raw_m2": 28.863384, "crown_area_calibrated_m2": 34.636063, "agb_tree_kg": 54.826523397045662 }, "geometry": { "type": "Polygon", "coordinates": [ [ [ 696180.625, 2428395.5 ], [ 696180.610253225429915, 2428395.205948579125106 ], [ 696180.566154921194538, 2428394.914729034062475 ], [ 696180.493129778187722, 2428394.629145968239754 ], [ 696180.391881068353541, 2428394.351949702948332 ], [ 696180.263383872108534, 2428394.085809789597988 ], [ 696180.108875687699765, 2428393.833289301022887 ], [ 696179.929844513419084, 2428393.596820147708058 ], [ 696179.728014517342672, 2428393.378679656423628 ], [ 696179.505329432780854, 2428393.180968639906496 ], [ 696179.263933838577941, 2428393.005591162946075 ], [ 696179.006152506568469, 2428392.854236206971109 ], [ 696178.734468011651188, 2428392.728361402638257 ], [ 696178.451496824040078, 2428392.62917899293825 ], [ 696178.159964111167938, 2428392.557644158601761 ], [ 696177.862677492201328, 2428392.514445819891989 ], [ 696177.5625, 2428392.5 ], [ 696177.262322507798672, 2428392.514445819891989 ], [ 696176.965035888832062, 2428392.557644158601761 ], [ 696176.673503175959922, 2428392.62917899293825 ], [ 696176.390531988348812, 2428392.728361402638257 ], [ 696176.118847493431531, 2428392.854236206971109 ], [ 696175.861066161422059, 2428393.005591162946075 ], [ 696175.619670567219146, 2428393.180968639906496 ], [ 696175.396985482657328, 2428393.378679656423628 ], [ 696175.195155486580916, 2428393.596820147708058 ], [ 696175.016124312300235, 2428393.833289301022887 ], [ 696174.861616127891466, 2428394.085809789597988 ], [ 696174.733118931646459, 2428394.351949702948332 ], [ 696174.631870221812278, 2428394.629145968239754 ], [ 696174.558845078805462, 2428394.914729034062475 ], [ 696174.514746774570085, 2428395.205948579125106 ], [ 696174.5, 2428395.5 ], [ 696174.514746774570085, 2428395.794051420874894 ], [ 696174.558845078805462, 2428396.085270965937525 ], [ 696174.631870221812278, 2428396.370854031760246 ], [ 696174.733118931646459, 2428396.648050297051668 ], [ 696174.861616127891466, 2428396.914190210402012 ], [ 696175.016124312300235, 2428397.166710698977113 ], [ 696175.195155486580916, 2428397.403179852291942 ], [ 696175.396985482657328, 2428397.621320343576372 ], [ 696175.619670567219146, 2428397.819031360093504 ], [ 696175.861066161422059, 2428397.994408837053925 ], [ 696176.118847493431531, 2428398.145763793028891 ], [ 696176.390531988348812, 2428398.271638597361743 ], [ 696176.673503175959922, 2428398.37082100706175 ], [ 696176.965035888832062, 2428398.442355841398239 ], [ 696177.262322507798672, 2428398.485554180108011 ], [ 696177.5625, 2428398.5 ], [ 696177.862677492201328, 2428398.485554180108011 ], [ 696178.159964111167938, 2428398.442355841398239 ], [ 696178.451496824040078, 2428398.37082100706175 ], [ 696178.734468011651188, 2428398.271638597361743 ], [ 696179.006152506568469, 2428398.145763793028891 ], [ 696179.263933838577941, 2428397.994408837053925 ], [ 696179.505329432780854, 2428397.819031360093504 ], [ 696179.728014517342672, 2428397.621320343576372 ], [ 696179.929844513419084, 2428397.403179852291942 ], [ 696180.108875687699765, 2428397.166710698977113 ], [ 696180.263383872108534, 2428396.914190210402012 ], [ 696180.391881068353541, 2428396.648050297051668 ], [ 696180.493129778187722, 2428396.370854031760246 ], [ 696180.566154921194538, 2428396.085270965937525 ], [ 696180.610253225429915, 2428395.794051420874894 ], [ 696180.625, 2428395.5 ] ] ] } },
{ "type": "Feature", "properties": { "xmin": 673.66498, "ymin": 356.16379, "xmax": 692.46362, "ymax": 375.01462, "score": 0.34609747, "label": "Tree", "tile_idx": 6, "geo_xmin": 696181.0, "geo_ymin": 2428555.5, "geo_xmax": 696186.06, "geo_ymax": 2428560.5, "center_x": 696183.5, "center_y": 2428558.0, "width_m": 5.0625, "height_m": 5.0, "crown_diameter_m": 5.0311527, "lon": 88.899707064797809, "lat": 21.950445195649795, "crown_area_raw_m2": 19.880392, "crown_area_calibrated_m2": 23.856472, "agb_tree_kg": 35.023543382586411 }, "geometry": { "type": "Polygon", "coordinates": [ [ [ 696186.03125, 2428558.0 ], [ 696186.01906133943703, 2428557.754957149270922 ], [ 696185.982612741063349, 2428557.512274194974452 ], [ 696185.922255224781111, 2428557.274288306944072 ], [ 696185.838570066611283, 2428557.04329141927883 ], [ 696185.732363200397231, 2428556.821508157998323 ], [ 696185.604657456162386, 2428556.611074417363852 ], [ 696185.456682710093446, 2428556.414016789756715 ], [ 696185.28986403986346, 2428556.23223304701969 ], [ 696185.105808000545949, 2428556.067473866511136 ], [ 696184.906287152320147, 2428555.921325969044119 ], [ 696184.693222990143113, 2428555.795196839142591 ], [ 696184.468667438137345, 2428555.690301168709993 ], [ 696184.234783089254051, 2428555.607649160549045 ], [ 696183.993822377640754, 2428555.548036798834801 ], [ 696183.748105886508711, 2428555.512038183398545 ], [ 696183.5, 2428555.5 ], [ 696183.251894113491289, 2428555.512038183398545 ], [ 696183.006177622359246, 2428555.548036798834801 ], [ 696182.765216910745949, 2428555.607649160549045 ], [ 696182.531332561862655, 2428555.690301168709993 ], [ 696182.306777009856887, 2428555.795196839142591 ], [ 696182.093712847679853, 2428555.921325969044119 ], [ 696181.894191999454051, 2428556.067473866511136 ], [ 696181.71013596013654, 2428556.23223304701969 ], [ 696181.543317289906554, 2428556.414016789756715 ], [ 696181.395342543837614, 2428556.611074417363852 ], [ 696181.267636799602769, 2428556.821508157998323 ], [ 696181.161429933388717, 2428557.04329141927883 ], [ 696181.077744775218889, 2428557.274288306944072 ], [ 696181.017387258936651, 2428557.512274194974452 ], [ 696180.98093866056297, 2428557.754957149270922 ], [ 696180.96875, 2428558.0 ], [ 696180.98093866056297, 2428558.245042850729078 ], [ 696181.017387258936651, 2428558.487725805025548 ], [ 696181.077744775218889, 2428558.725711693055928 ], [ 696181.161429933388717, 2428558.95670858072117 ], [ 696181.267636799602769, 2428559.178491842001677 ], [ 696181.395342543837614, 2428559.388925582636148 ], [ 696181.543317289906554, 2428559.585983210243285 ], [ 696181.71013596013654, 2428559.76776695298031 ], [ 696181.894191999454051, 2428559.932526133488864 ], [ 696182.093712847679853, 2428560.078674030955881 ], [ 696182.306777009856887, 2428560.204803160857409 ], [ 696182.531332561862655, 2428560.309698831290007 ], [ 696182.765216910745949, 2428560.392350839450955 ], [ 696183.006177622359246, 2428560.451963201165199 ], [ 696183.251894113491289, 2428560.487961816601455 ], [ 696183.5, 2428560.5 ], [ 696183.748105886508711, 2428560.487961816601455 ], [ 696183.993822377640754, 2428560.451963201165199 ], [ 696184.234783089254051, 2428560.392350839450955 ], [ 696184.468667438137345, 2428560.309698831290007 ], [ 696184.693222990143113, 2428560.204803160857409 ], [ 696184.906287152320147, 2428560.078674030955881 ], [ 696185.105808000545949, 2428559.932526133488864 ], [ 696185.28986403986346, 2428559.76776695298031 ], [ 696185.456682710093446, 2428559.585983210243285 ], [ 696185.604657456162386, 2428559.388925582636148 ], [ 696185.732363200397231, 2428559.178491842001677 ], [ 696185.838570066611283, 2428558.95670858072117 ], [ 696185.922255224781111, 2428558.725711693055928 ], [ 696185.982612741063349, 2428558.487725805025548 ], [ 696186.01906133943703, 2428558.245042850729078 ], [ 696186.03125, 2428558.0 ] ] ] } },
{ "type": "Feature", "properties": { "xmin": 506.88831, "ymin": 273.0343, "xmax": 532.23358, "ymax": 297.86499, "score": 0.34547544, "label": "Tree", "tile_idx": 1, "geo_xmin": 696136.0, "geo_ymin": 2428576.2, "geo_xmax": 696142.81, "geo_ymax": 2428583.0, "center_x": 696139.38, "center_y": 2428579.5, "width_m": 6.8125, "height_m": 6.75, "crown_diameter_m": 6.781178, "lon": 88.899282547217652, "lat": 21.95064427220554, "crown_area_raw_m2": 36.116043, "crown_area_calibrated_m2": 43.339252, "agb_tree_kg": 71.780912787084503 }, "geometry": { "type": "Polygon", "coordinates": [ [ [ 696142.78125, 2428579.5 ], [ 696142.764847975224257, 2428579.169192151166499 ], [ 696142.715799861354753, 2428578.841570163145661 ], [ 696142.634578018565662, 2428578.520289214327931 ], [ 696142.521964657586068, 2428578.208443415816873 ], [ 696142.379044306697324, 2428577.909036013297737 ], [ 696142.207193366950378, 2428577.624950463417917 ], [ 696142.008066856767982, 2428577.358922665938735 ], [ 696141.783582473406568, 2428577.113514613360167 ], [ 696141.535902124131098, 2428576.891089719720185 ], [ 696141.267411106266081, 2428576.693790058605373 ], [ 696140.9806951348437, 2428576.523515732958913 ], [ 696140.678515441482887, 2428576.381906577851623 ], [ 696140.363782181870192, 2428576.270326367113739 ], [ 696140.03952640935313, 2428576.189849678426981 ], [ 696139.708870884263888, 2428576.141251547262073 ], [ 696139.375, 2428576.125 ], [ 696139.041129115736112, 2428576.141251547262073 ], [ 696138.71047359064687, 2428576.189849678426981 ], [ 696138.386217818129808, 2428576.270326367113739 ], [ 696138.071484558517113, 2428576.381906577851623 ], [ 696137.7693048651563, 2428576.523515732958913 ], [ 696137.482588893733919, 2428576.693790058605373 ], [ 696137.214097875868902, 2428576.891089719720185 ], [ 696136.966417526593432, 2428577.113514613360167 ], [ 696136.741933143232018, 2428577.358922665938735 ], [ 696136.542806633049622, 2428577.624950463417917 ], [ 696136.370955693302676, 2428577.909036013297737 ], [ 696136.228035342413932, 2428578.208443415816873 ], [ 696136.115421981434338, 2428578.520289214327931 ], [ 696136.034200138645247, 2428578.841570163145661 ], [ 696135.985152024775743, 2428579.169192151166499 ], [ 696135.96875, 2428579.5 ], [ 696135.985152024775743, 2428579.830807848833501 ], [ 696136.034200138645247, 2428580.158429836854339 ], [ 696136.115421981434338, 2428580.479710785672069 ], [ 696136.228035342413932, 2428580.791556584183127 ], [ 696136.370955693302676, 2428581.090963986702263 ], [ 696136.542806633049622, 2428581.375049536582083 ], [ 696136.741933143232018, 2428581.641077334061265 ], [ 696136.966417526593432, 2428581.886485386639833 ], [ 696137.214097875868902, 2428582.108910280279815 ], [ 696137.482588893733919, 2428582.306209941394627 ], [ 696137.7693048651563, 2428582.476484267041087 ], [ 696138.071484558517113, 2428582.618093422148377 ], [ 696138.386217818129808, 2428582.729673632886261 ], [ 696138.71047359064687, 2428582.810150321573019 ], [ 696139.041129115736112, 2428582.858748452737927 ], [ 696139.375, 2428582.875 ], [ 696139.708870884263888, 2428582.858748452737927 ], [ 696140.03952640935313, 2428582.810150321573019 ], [ 696140.363782181870192, 2428582.729673632886261 ], [ 696140.678515441482887, 2428582.618093422148377 ], [ 696140.9806951348437, 2428582.476484267041087 ], [ 696141.267411106266081, 2428582.306209941394627 ], [ 696141.535902124131098, 2428582.108910280279815 ], [ 696141.783582473406568, 2428581.886485386639833 ], [ 696142.008066856767982, 2428581.641077334061265 ], [ 696142.207193366950378, 2428581.375049536582083 ], [ 696142.379044306697324, 2428581.090963986702263 ], [ 696142.521964657586068, 2428580.791556584183127 ], [ 696142.634578018565662, 2428580.479710785672069 ], [ 696142.715799861354753, 2428580.158429836854339 ], [ 696142.764847975224257, 2428579.830807848833501 ], [ 696142.78125, 2428579.5 ] ] ] } },
{ "type": "Feature", "properties": { "xmin": 683.15137, "ymin": 998.18811, "xmax": 702.81323, "ymax": 1018.4019, "score": 0.34540796, "label": "Tree", "tile_idx": 10, "geo_xmin": 696183.56, "geo_ymin": 2428381.8, "geo_xmax": 696188.88, "geo_ymax": 2428387.2, "center_x": 696186.25, "center_y": 2428384.5, "width_m": 5.3125, "height_m": 5.5, "crown_diameter_m": 5.405437, "lon": 88.89971286191377, "lat": 21.948878246489453, "crown_area_raw_m2": 22.948353, "crown_area_calibrated_m2": 27.538025, "agb_tree_kg": 41.617565895817656 }, "geometry": { "type": "Polygon", "coordinates": [ [ [ 696188.90625, 2428384.5 ], [ 696188.893459430197254, 2428384.230452863965183 ], [ 696188.855210901121609, 2428383.963501614518464 ], [ 696188.791872766800225, 2428383.701717137359083 ], [ 696188.704055008245632, 2428383.44762056088075 ], [ 696188.592603358440101, 2428383.203658973798156 ], [ 696188.458591157686897, 2428382.9721818594262 ], [ 696188.303309016744606, 2428382.755418468732387 ], [ 696188.128252387512475, 2428382.55545635195449 ], [ 696187.935107161058113, 2428382.374221253208816 ], [ 696187.725733431405388, 2428382.213458565995097 ], [ 696187.502147582243197, 2428382.074716522824019 ], [ 696187.26650286721997, 2428381.959331285674125 ], [ 696187.021068673930131, 2428381.868414076510817 ], [ 696186.768208667868748, 2428381.802840478718281 ], [ 696186.510358029045165, 2428381.763242001645267 ], [ 696186.25, 2428381.75 ], [ 696185.989641970954835, 2428381.763242001645267 ], [ 696185.731791332131252, 2428381.802840478718281 ], [ 696185.478931326069869, 2428381.868414076510817 ], [ 696185.23349713278003, 2428381.959331285674125 ], [ 696184.997852417756803, 2428382.074716522824019 ], [ 696184.774266568594612, 2428382.213458565995097 ], [ 696184.564892838941887, 2428382.374221253208816 ], [ 696184.371747612487525, 2428382.55545635195449 ], [ 696184.196690983255394, 2428382.755418468732387 ], [ 696184.041408842313103, 2428382.9721818594262 ], [ 696183.907396641559899, 2428383.203658973798156 ], [ 696183.795944991754368, 2428383.44762056088075 ], [ 696183.708127233199775, 2428383.701717137359083 ], [ 696183.644789098878391, 2428383.963501614518464 ], [ 696183.606540569802746, 2428384.230452863965183 ], [ 696183.59375, 2428384.5 ], [ 696183.606540569802746, 2428384.769547136034817 ], [ 696183.644789098878391, 2428385.036498385481536 ], [ 696183.708127233199775, 2428385.298282862640917 ], [ 696183.795944991754368, 2428385.55237943911925 ], [ 696183.907396641559899, 2428385.796341026201844 ], [ 696184.041408842313103, 2428386.0278181405738 ], [ 696184.196690983255394, 2428386.244581531267613 ], [ 696184.371747612487525, 2428386.44454364804551 ], [ 696184.564892838941887, 2428386.625778746791184 ], [ 696184.774266568594612, 2428386.786541434004903 ], [ 696184.997852417756803, 2428386.925283477175981 ], [ 696185.23349713278003, 2428387.040668714325875 ], [ 696185.478931326069869, 2428387.131585923489183 ], [ 696185.731791332131252, 2428387.197159521281719 ], [ 696185.989641970954835, 2428387.236757998354733 ], [ 696186.25, 2428387.25 ], [ 696186.510358029045165, 2428387.236757998354733 ], [ 696186.768208667868748, 2428387.197159521281719 ], [ 696187.021068673930131, 2428387.131585923489183 ], [ 696187.26650286721997, 2428387.040668714325875 ], [ 696187.502147582243197, 2428386.925283477175981 ], [ 696187.725733431405388, 2428386.786541434004903 ], [ 696187.935107161058113, 2428386.625778746791184 ], [ 696188.128252387512475, 2428386.44454364804551 ], [ 696188.303309016744606, 2428386.244581531267613 ], [ 696188.458591157686897, 2428386.0278181405738 ], [ 696188.592603358440101, 2428385.796341026201844 ], [ 696188.704055008245632, 2428385.55237943911925 ], [ 696188.791872766800225, 2428385.298282862640917 ], [ 696188.855210901121609, 2428385.036498385481536 ], [ 696188.893459430197254, 2428384.769547136034817 ], [ 696188.90625, 2428384.5 ] ] ] } },
{ "type": "Feature", "properties": { "xmin": 965.38586, "ymin": 736.46552, "xmax": 981.15027, "ymax": 752.13245, "score": 0.34299934, "label": "Tree", "tile_idx": 11, "geo_xmin": 696259.75, "geo_ymin": 2428453.8, "geo_xmax": 696264.06, "geo_ymax": 2428458.0, "center_x": 696261.88, "center_y": 2428456.0, "width_m": 4.3125, "height_m": 4.25, "crown_diameter_m": 4.281136, "lon": 88.900453430810316, "lat": 21.949515397381592, "crown_area_raw_m2": 14.394876, "crown_area_calibrated_m2": 17.273853, "agb_tree_kg": 23.758516165504403 }, "geometry": { "type": "Polygon", "coordinates": [ [ [ 696264.03125, 2428456.0 ], [ 696264.020867066923529, 2428455.791713576763868 ], [ 696263.989818260888569, 2428455.585433065891266 ], [ 696263.9384025989566, 2428455.383145060855895 ], [ 696263.867115241941065, 2428455.186797706410289 ], [ 696263.776642726268619, 2428454.998281934298575 ], [ 696263.667856351472437, 2428454.819413254968822 ], [ 696263.54180379002355, 2428454.651914271060377 ], [ 696263.399698996916413, 2428454.497398090083152 ], [ 696263.242910519009456, 2428454.357352786697447 ], [ 696263.072948314948007, 2428454.233127073850483 ], [ 696262.891449213726446, 2428454.125917313154787 ], [ 696262.700161151005886, 2428454.036755993496627 ], [ 696262.500926335342228, 2428453.966501786373556 ], [ 696262.295663506840356, 2428453.915831279009581 ], [ 696262.086349458782934, 2428453.885232456028461 ], [ 696261.875, 2428453.875 ], [ 696261.663650541217066, 2428453.885232456028461 ], [ 696261.454336493159644, 2428453.915831279009581 ], [ 696261.249073664657772, 2428453.966501786373556 ], [ 696261.049838848994114, 2428454.036755993496627 ], [ 696260.858550786273554, 2428454.125917313154787 ], [ 696260.677051685051993, 2428454.233127073850483 ], [ 696260.507089480990544, 2428454.357352786697447 ], [ 696260.350301003083587, 2428454.497398090083152 ], [ 696260.20819620997645, 2428454.651914271060377 ], [ 696260.082143648527563, 2428454.819413254968822 ], [ 696259.973357273731381, 2428454.998281934298575 ], [ 696259.882884758058935, 2428455.186797706410289 ], [ 696259.8115974010434, 2428455.383145060855895 ], [ 696259.760181739111431, 2428455.585433065891266 ], [ 696259.729132933076471, 2428455.791713576763868 ], [ 696259.71875, 2428456.0 ], [ 696259.729132933076471, 2428456.208286423236132 ], [ 696259.760181739111431, 2428456.414566934108734 ], [ 696259.8115974010434, 2428456.616854939144105 ], [ 696259.882884758058935, 2428456.813202293589711 ], [ 696259.973357273731381, 2428457.001718065701425 ], [ 696260.082143648527563, 2428457.180586745031178 ], [ 696260.20819620997645, 2428457.348085728939623 ], [ 696260.350301003083587, 2428457.502601909916848 ], [ 696260.507089480990544, 2428457.642647213302553 ], [ 696260.677051685051993, 2428457.766872926149517 ], [ 696260.858550786273554, 2428457.874082686845213 ], [ 696261.049838848994114, 2428457.963244006503373 ], [ 696261.249073664657772, 2428458.033498213626444 ], [ 696261.454336493159644, 2428458.084168720990419 ], [ 696261.663650541217066, 2428458.114767543971539 ], [ 696261.875, 2428458.125 ], [ 696262.086349458782934, 2428458.114767543971539 ], [ 696262.295663506840356, 2428458.084168720990419 ], [ 696262.500926335342228, 2428458.033498213626444 ], [ 696262.700161151005886, 2428457.963244006503373 ], [ 696262.891449213726446, 2428457.874082686845213 ], [ 696263.072948314948007, 2428457.766872926149517 ], [ 696263.242910519009456, 2428457.642647213302553 ], [ 696263.399698996916413, 2428457.502601909916848 ], [ 696263.54180379002355, 2428457.348085728939623 ], [ 696263.667856351472437, 2428457.180586745031178 ], [ 696263.776642726268619, 2428457.001718065701425 ], [ 696263.867115241941065, 2428456.813202293589711 ], [ 696263.9384025989566, 2428456.616854939144105 ], [ 696263.989818260888569, 2428456.414566934108734 ], [ 696264.020867066923529, 2428456.208286423236132 ], [ 696264.03125, 2428456.0 ] ] ] } },
{ "type": "Feature", "properties": { "xmin": 972.8678, "ymin": 455.70258, "xmax": 989.18256, "ymax": 472.27734, "score": 0.33975509, "label": "Tree", "tile_idx": 7, "geo_xmin": 696261.81, "geo_ymin": 2428529.2, "geo_xmax": 696266.19, "geo_ymax": 2428533.8, "center_x": 696264.0, "center_y": 2428531.5, "width_m": 4.375, "height_m": 4.5, "crown_diameter_m": 4.4370599, "lon": 88.900483063138026, "lat": 21.950196896351681, "crown_area_raw_m2": 15.462527, "crown_area_calibrated_m2": 18.555033, "agb_tree_kg": 25.892172177110286 }, "geometry": { "type": "Polygon", "coordinates": [ [ [ 696266.1875, 2428531.5 ], [ 696266.176966589642689, 2428531.279461434110999 ], [ 696266.145467800903134, 2428531.061046775430441 ], [ 696266.093306984403171, 2428530.846859476063401 ], [ 696266.020986477378756, 2428530.638962277211249 ], [ 696265.929202765808441, 2428530.439357342198491 ], [ 696265.818839776911773, 2428530.249966975767165 ], [ 696265.690960366744548, 2428530.072615110781044 ], [ 696265.546796083799563, 2428529.909009742550552 ], [ 696265.387735309079289, 2428529.760726479813457 ], [ 696265.215309884748422, 2428529.629193372093141 ], [ 696265.031180361751467, 2428529.515677154995501 ], [ 696264.837120008305646, 2428529.421271051745862 ], [ 696264.634997731540352, 2428529.346884244587272 ], [ 696264.426760079455562, 2428529.293233118951321 ], [ 696264.214412494446151, 2428529.260834365151823 ], [ 696264.0, 2428529.25 ], [ 696263.785587505553849, 2428529.260834365151823 ], [ 696263.573239920544438, 2428529.293233118951321 ], [ 696263.365002268459648, 2428529.346884244587272 ], [ 696263.162879991694354, 2428529.421271051745862 ], [ 696262.968819638248533, 2428529.515677154995501 ], [ 696262.784690115251578, 2428529.629193372093141 ], [ 696262.612264690920711, 2428529.760726479813457 ], [ 696262.453203916200437, 2428529.909009742550552 ], [ 696262.309039633255452, 2428530.072615110781044 ], [ 696262.181160223088227, 2428530.249966975767165 ], [ 696262.070797234191559, 2428530.439357342198491 ], [ 696261.979013522621244, 2428530.638962277211249 ], [ 696261.906693015596829, 2428530.846859476063401 ], [ 696261.854532199096866, 2428531.061046775430441 ], [ 696261.823033410357311, 2428531.279461434110999 ], [ 696261.8125, 2428531.5 ], [ 696261.823033410357311, 2428531.720538565889001 ], [ 696261.854532199096866, 2428531.938953224569559 ], [ 696261.906693015596829, 2428532.153140523936599 ], [ 696261.979013522621244, 2428532.361037722788751 ], [ 696262.070797234191559, 2428532.560642657801509 ], [ 696262.181160223088227, 2428532.750033024232835 ], [ 696262.309039633255452, 2428532.927384889218956 ], [ 696262.453203916200437, 2428533.090990257449448 ], [ 696262.612264690920711, 2428533.239273520186543 ], [ 696262.784690115251578, 2428533.370806627906859 ], [ 696262.968819638248533, 2428533.484322845004499 ], [ 696263.162879991694354, 2428533.578728948254138 ], [ 696263.365002268459648, 2428533.653115755412728 ], [ 696263.573239920544438, 2428533.706766881048679 ], [ 696263.785587505553849, 2428533.739165634848177 ], [ 696264.0, 2428533.75 ], [ 696264.214412494446151, 2428533.739165634848177 ], [ 696264.426760079455562, 2428533.706766881048679 ], [ 696264.634997731540352, 2428533.653115755412728 ], [ 696264.837120008305646, 2428533.578728948254138 ], [ 696265.031180361751467, 2428533.484322845004499 ], [ 696265.215309884748422, 2428533.370806627906859 ], [ 696265.387735309079289, 2428533.239273520186543 ], [ 696265.546796083799563, 2428533.090990257449448 ], [ 696265.690960366744548, 2428532.927384889218956 ], [ 696265.818839776911773, 2428532.750033024232835 ], [ 696265.929202765808441, 2428532.560642657801509 ], [ 696266.020986477378756, 2428532.361037722788751 ], [ 696266.093306984403171, 2428532.153140523936599 ], [ 696266.145467800903134, 2428531.938953224569559 ], [ 696266.176966589642689, 2428531.720538565889001 ], [ 696266.1875, 2428531.5 ] ] ] } },
{ "type": "Feature", "properties": { "xmin": 257.91531, "ymin": 246.84171, "xmax": 277.16074, "ymax": 266.83432, "score": 0.33967549, "label": "Tree", "tile_idx": 0, "geo_xmin": 696068.75, "geo_ymin": 2428584.8, "geo_xmax": 696073.94, "geo_ymax": 2428590.0, "center_x": 696071.38, "center_y": 2428587.5, "width_m": 5.1875, "height_m": 5.25, "crown_diameter_m": 5.2186565, "lon": 88.898625316171149, "lat": 21.950724119234788, "crown_area_raw_m2": 21.389828, "crown_area_calibrated_m2": 25.667795, "agb_tree_kg": 38.243934106837898 }, "geometry": { "type": "Polygon", "coordinates": [ [ [ 696073.96875, 2428587.5 ], [ 696073.956260384758934, 2428587.242705006618053 ], [ 696073.918911821092479, 2428586.987887904513627 ], [ 696073.857063995790668, 2428586.738002722151577 ], [ 696073.771312537486665, 2428586.49545599007979 ], [ 696073.662483279360458, 2428586.26258356589824 ], [ 696073.531624306924641, 2428586.041628138162196 ], [ 696073.379995863419026, 2428585.83471762901172 ], [ 696073.209058213746175, 2428585.64384469948709 ], [ 696073.020457580802031, 2428585.470847560092807 ], [ 696072.816010291920975, 2428585.317392267752439 ], [ 696072.597685286193155, 2428585.184956680983305 ], [ 696072.367585152736865, 2428585.074816226959229 ], [ 696072.127925881650299, 2428584.988031618762761 ], [ 696071.881015522754751, 2428584.925438638776541 ], [ 696071.62923195771873, 2428584.887640092521906 ], [ 696071.375, 2428584.875 ], [ 696071.12076804228127, 2428584.887640092521906 ], [ 696070.868984477245249, 2428584.925438638776541 ], [ 696070.622074118349701, 2428584.988031618762761 ], [ 696070.382414847263135, 2428585.074816226959229 ], [ 696070.152314713806845, 2428585.184956680983305 ], [ 696069.933989708079025, 2428585.317392267752439 ], [ 696069.729542419197969, 2428585.470847560092807 ], [ 696069.540941786253825, 2428585.64384469948709 ], [ 696069.370004136580974, 2428585.83471762901172 ], [ 696069.218375693075359, 2428586.041628138162196 ], [ 696069.087516720639542, 2428586.26258356589824 ], [ 696068.978687462513335, 2428586.49545599007979 ], [ 696068.892936004209332, 2428586.738002722151577 ], [ 696068.831088178907521, 2428586.987887904513627 ], [ 696068.793739615241066, 2428587.242705006618053 ], [ 696068.78125, 2428587.5 ], [ 696068.793739615241066, 2428587.757294993381947 ], [ 696068.831088178907521, 2428588.012112095486373 ], [ 696068.892936004209332, 2428588.261997277848423 ], [ 696068.978687462513335, 2428588.50454400992021 ], [ 696069.087516720639542, 2428588.73741643410176 ], [ 696069.218375693075359, 2428588.958371861837804 ], [ 696069.370004136580974, 2428589.16528237098828 ], [ 696069.540941786253825, 2428589.35615530051291 ], [ 696069.729542419197969, 2428589.529152439907193 ], [ 696069.933989708079025, 2428589.682607732247561 ], [ 696070.152314713806845, 2428589.815043319016695 ], [ 696070.382414847263135, 2428589.925183773040771 ], [ 696070.622074118349701, 2428590.011968381237239 ], [ 696070.868984477245249, 2428590.074561361223459 ], [ 696071.12076804228127, 2428590.112359907478094 ], [ 696071.375, 2428590.125 ], [ 696071.62923195771873, 2428590.112359907478094 ], [ 696071.881015522754751, 2428590.074561361223459 ], [ 696072.127925881650299, 2428590.011968381237239 ], [ 696072.367585152736865, 2428589.925183773040771 ], [ 696072.597685286193155, 2428589.815043319016695 ], [ 696072.816010291920975, 2428589.682607732247561 ], [ 696073.020457580802031, 2428589.529152439907193 ], [ 696073.209058213746175, 2428589.35615530051291 ], [ 696073.379995863419026, 2428589.16528237098828 ], [ 696073.531624306924641, 2428588.958371861837804 ], [ 696073.662483279360458, 2428588.73741643410176 ], [ 696073.771312537486665, 2428588.50454400992021 ], [ 696073.857063995790668, 2428588.261997277848423 ], [ 696073.918911821092479, 2428588.012112095486373 ], [ 696073.956260384758934, 2428587.757294993381947 ], [ 696073.96875, 2428587.5 ] ] ] } },
{ "type": "Feature", "properties": { "xmin": 597.74158, "ymin": 249.30557, "xmax": 617.99969, "ymax": 271.59195, "score": 0.33018076, "label": "Tree", "tile_idx": 1, "geo_xmin": 696160.5, "geo_ymin": 2428583.5, "geo_xmax": 696166.0, "geo_ymax": 2428589.5, "center_x": 696163.25, "center_y": 2428586.5, "width_m": 5.5, "height_m": 6.0, "crown_diameter_m": 5.7445626, "lon": 88.899514479781956, "lat": 21.950704807141186, "crown_area_raw_m2": 25.91814, "crown_area_calibrated_m2": 31.10177, "agb_tree_kg": 48.173162926655834 }, "geometry": { "type": "Polygon", "coordinates": [ [ [ 696166.0, 2428586.5 ], [ 696165.986757998354733, 2428586.205948579125106 ], [ 696165.947159521165304, 2428585.914729034062475 ], [ 696165.881585923256353, 2428585.629145968239754 ], [ 696165.79066871444229, 2428585.351949702948332 ], [ 696165.67528347694315, 2428585.085809789597988 ], [ 696165.536541433888488, 2428584.833289301022887 ], [ 696165.375778746791184, 2428584.596820147708058 ], [ 696165.194543648278341, 2428584.378679656423628 ], [ 696164.994581531500444, 2428584.180968639906496 ], [ 696164.77781814080663, 2428584.005591162946075 ], [ 696164.54634102631826, 2428583.854236206971109 ], [ 696164.302379439002834, 2428583.728361402638257 ], [ 696164.048282862408087, 2428583.62917899293825 ], [ 696163.786498385597952, 2428583.557644158601761 ], [ 696163.519547135918401, 2428583.514445819891989 ], [ 696163.25, 2428583.5 ], [ 696162.980452864081599, 2428583.514445819891989 ], [ 696162.713501614402048, 2428583.557644158601761 ], [ 696162.451717137591913, 2428583.62917899293825 ], [ 696162.197620560997166, 2428583.728361402638257 ], [ 696161.95365897368174, 2428583.854236206971109 ], [ 696161.72218185919337, 2428584.005591162946075 ], [ 696161.505418468499556, 2428584.180968639906496 ], [ 696161.305456351721659, 2428584.378679656423628 ], [ 696161.124221253208816, 2428584.596820147708058 ], [ 696160.963458566111512, 2428584.833289301022887 ], [ 696160.82471652305685, 2428585.085809789597988 ], [ 696160.70933128555771, 2428585.351949702948332 ], [ 696160.618414076743647, 2428585.629145968239754 ], [ 696160.552840478834696, 2428585.914729034062475 ], [ 696160.513242001645267, 2428586.205948579125106 ], [ 696160.5, 2428586.5 ], [ 696160.513242001645267, 2428586.794051420874894 ], [ 696160.552840478834696, 2428587.085270965937525 ], [ 696160.618414076743647, 2428587.370854031760246 ], [ 696160.70933128555771, 2428587.648050297051668 ], [ 696160.82471652305685, 2428587.914190210402012 ], [ 696160.963458566111512, 2428588.166710698977113 ], [ 696161.124221253208816, 2428588.403179852291942 ], [ 696161.305456351721659, 2428588.621320343576372 ], [ 696161.505418468499556, 2428588.819031360093504 ], [ 696161.72218185919337, 2428588.994408837053925 ], [ 696161.95365897368174, 2428589.145763793028891 ], [ 696162.197620560997166, 2428589.271638597361743 ], [ 696162.451717137591913, 2428589.37082100706175 ], [ 696162.713501614402048, 2428589.442355841398239 ], [ 696162.980452864081599, 2428589.485554180108011 ], [ 696163.25, 2428589.5 ], [ 696163.519547135918401, 2428589.485554180108011 ], [ 696163.786498385597952, 2428589.442355841398239 ], [ 696164.048282862408087, 2428589.37082100706175 ], [ 696164.302379439002834, 2428589.271638597361743 ], [ 696164.54634102631826, 2428589.145763793028891 ], [ 696164.77781814080663, 2428588.994408837053925 ], [ 696164.994581531500444, 2428588.819031360093504 ], [ 696165.194543648278341, 2428588.621320343576372 ], [ 696165.375778746791184, 2428588.403179852291942 ], [ 696165.536541433888488, 2428588.166710698977113 ], [ 696165.67528347694315, 2428587.914190210402012 ], [ 696165.79066871444229, 2428587.648050297051668 ], [ 696165.881585923256353, 2428587.370854031760246 ], [ 696165.947159521165304, 2428587.085270965937525 ], [ 696165.986757998354733, 2428586.794051420874894 ], [ 696166.0, 2428586.5 ] ] ] } },
{ "type": "Feature", "properties": { "xmin": 865.13159, "ymin": 387.2832, "xmax": 880.50287, "ymax": 402.91647, "score": 0.32742319, "label": "Tree", "tile_idx": 7, "geo_xmin": 696232.69, "geo_ymin": 2428548.0, "geo_xmax": 696236.88, "geo_ymax": 2428552.2, "center_x": 696234.75, "center_y": 2428550.0, "width_m": 4.1875, "height_m": 4.25, "crown_diameter_m": 4.2186341, "lon": 88.900202166231509, "lat": 21.950367220215966, "crown_area_raw_m2": 13.977633, "crown_area_calibrated_m2": 16.773161, "agb_tree_kg": 22.933195092200343 }, "geometry": { "type": "Polygon", "coordinates": [ [ [ 696236.84375, 2428550.0 ], [ 696236.833668021485209, 2428549.791713576763868 ], [ 696236.803519180859439, 2428549.585433065891266 ], [ 696236.753593827947043, 2428549.383145060855895 ], [ 696236.684372771182097, 2428549.186797706410289 ], [ 696236.596522647188976, 2428548.998281934298575 ], [ 696236.490889500710182, 2428548.819413254968822 ], [ 696236.36849063669797, 2428548.651914271060377 ], [ 696236.230504823150113, 2428548.497398090083152 ], [ 696236.078260938753374, 2428548.357352786697447 ], [ 696235.913225175347179, 2428548.233127073850483 ], [ 696235.736986917676404, 2428548.125917313154787 ], [ 696235.551243436522782, 2428548.036755993496627 ], [ 696235.357783542945981, 2428547.966501786373556 ], [ 696235.158470361726359, 2428547.915831279009581 ], [ 696234.955223387572914, 2428547.885232456028461 ], [ 696234.75, 2428547.875 ], [ 696234.544776612427086, 2428547.885232456028461 ], [ 696234.341529638273641, 2428547.915831279009581 ], [ 696234.142216457054019, 2428547.966501786373556 ], [ 696233.948756563477218, 2428548.036755993496627 ], [ 696233.763013082323596, 2428548.125917313154787 ], [ 696233.586774824652821, 2428548.233127073850483 ], [ 696233.421739061246626, 2428548.357352786697447 ], [ 696233.269495176849887, 2428548.497398090083152 ], [ 696233.13150936330203, 2428548.651914271060377 ], [ 696233.009110499289818, 2428548.819413254968822 ], [ 696232.903477352811024, 2428548.998281934298575 ], [ 696232.815627228817903, 2428549.186797706410289 ], [ 696232.746406172052957, 2428549.383145060855895 ], [ 696232.696480819140561, 2428549.585433065891266 ], [ 696232.666331978514791, 2428549.791713576763868 ], [ 696232.65625, 2428550.0 ], [ 696232.666331978514791, 2428550.208286423236132 ], [ 696232.696480819140561, 2428550.414566934108734 ], [ 696232.746406172052957, 2428550.616854939144105 ], [ 696232.815627228817903, 2428550.813202293589711 ], [ 696232.903477352811024, 2428551.001718065701425 ], [ 696233.009110499289818, 2428551.180586745031178 ], [ 696233.13150936330203, 2428551.348085728939623 ], [ 696233.269495176849887, 2428551.502601909916848 ], [ 696233.421739061246626, 2428551.642647213302553 ], [ 696233.586774824652821, 2428551.766872926149517 ], [ 696233.763013082323596, 2428551.874082686845213 ], [ 696233.948756563477218, 2428551.963244006503373 ], [ 696234.142216457054019, 2428552.033498213626444 ], [ 696234.341529638273641, 2428552.084168720990419 ], [ 696234.544776612427086, 2428552.114767543971539 ], [ 696234.75, 2428552.125 ], [ 696234.955223387572914, 2428552.114767543971539 ], [ 696235.158470361726359, 2428552.084168720990419 ], [ 696235.357783542945981, 2428552.033498213626444 ], [ 696235.551243436522782, 2428551.963244006503373 ], [ 696235.736986917676404, 2428551.874082686845213 ], [ 696235.913225175347179, 2428551.766872926149517 ], [ 696236.078260938753374, 2428551.642647213302553 ], [ 696236.230504823150113, 2428551.502601909916848 ], [ 696236.36849063669797, 2428551.348085728939623 ], [ 696236.490889500710182, 2428551.180586745031178 ], [ 696236.596522647188976, 2428551.001718065701425 ], [ 696236.684372771182097, 2428550.813202293589711 ], [ 696236.753593827947043, 2428550.616854939144105 ], [ 696236.803519180859439, 2428550.414566934108734 ], [ 696236.833668021485209, 2428550.208286423236132 ], [ 696236.84375, 2428550.0 ] ] ] } },
{ "type": "Feature", "properties": { "xmin": 893.0639, "ymin": 381.69275, "xmax": 911.54419, "ymax": 401.58768, "score": 0.32505035, "label": "Tree", "tile_idx": 7, "geo_xmin": 696240.25, "geo_ymin": 2428548.2, "geo_xmax": 696245.25, "geo_ymax": 2428553.8, "center_x": 696242.75, "center_y": 2428551.0, "width_m": 5.0, "height_m": 5.5, "crown_diameter_m": 5.2440443, "lon": 88.900279720251248, "lat": 21.95037535396327, "crown_area_raw_m2": 21.59845, "crown_area_calibrated_m2": 25.91814, "agb_tree_kg": 38.692725334640599 }, "geometry": { "type": "Polygon", "coordinates": [ [ [ 696245.25, 2428551.0 ], [ 696245.237961816717871, 2428550.730452863965183 ], [ 696245.201963201048784, 2428550.463501614518464 ], [ 696245.14235083933454, 2428550.201717137359083 ], [ 696245.059698831290007, 2428549.94762056088075 ], [ 696244.954803160857409, 2428549.703658973798156 ], [ 696244.82867403072305, 2428549.4721818594262 ], [ 696244.682526133372448, 2428549.255418468732387 ], [ 696244.51776695298031, 2428549.05545635195449 ], [ 696244.3359832103597, 2428548.874221253208816 ], [ 696244.138925582519732, 2428548.713458565995097 ], [ 696243.928491842118092, 2428548.574716522824019 ], [ 696243.706708580954, 2428548.459331285674125 ], [ 696243.475711693172343, 2428548.368414076510817 ], [ 696243.237725805025548, 2428548.302840478718281 ], [ 696242.995042850845493, 2428548.263242001645267 ], [ 696242.75, 2428548.25 ], [ 696242.504957149154507, 2428548.263242001645267 ], [ 696242.262274194974452, 2428548.302840478718281 ], [ 696242.024288306827657, 2428548.368414076510817 ], [ 696241.793291419046, 2428548.459331285674125 ], [ 696241.571508157881908, 2428548.574716522824019 ], [ 696241.361074417480268, 2428548.713458565995097 ], [ 696241.1640167896403, 2428548.874221253208816 ], [ 696240.98223304701969, 2428549.05545635195449 ], [ 696240.817473866627552, 2428549.255418468732387 ], [ 696240.67132596927695, 2428549.4721818594262 ], [ 696240.545196839142591, 2428549.703658973798156 ], [ 696240.440301168709993, 2428549.94762056088075 ], [ 696240.35764916066546, 2428550.201717137359083 ], [ 696240.298036798951216, 2428550.463501614518464 ], [ 696240.262038183282129, 2428550.730452863965183 ], [ 696240.25, 2428551.0 ], [ 696240.262038183282129, 2428551.269547136034817 ], [ 696240.298036798951216, 2428551.536498385481536 ], [ 696240.35764916066546, 2428551.798282862640917 ], [ 696240.440301168709993, 2428552.05237943911925 ], [ 696240.545196839142591, 2428552.296341026201844 ], [ 696240.67132596927695, 2428552.5278181405738 ], [ 696240.817473866627552, 2428552.744581531267613 ], [ 696240.98223304701969, 2428552.94454364804551 ], [ 696241.1640167896403, 2428553.125778746791184 ], [ 696241.361074417480268, 2428553.286541434004903 ], [ 696241.571508157881908, 2428553.425283477175981 ], [ 696241.793291419046, 2428553.540668714325875 ], [ 696242.024288306827657, 2428553.631585923489183 ], [ 696242.262274194974452, 2428553.697159521281719 ], [ 696242.504957149154507, 2428553.736757998354733 ], [ 696242.75, 2428553.75 ], [ 696242.995042850845493, 2428553.736757998354733 ], [ 696243.237725805025548, 2428553.697159521281719 ], [ 696243.475711693172343, 2428553.631585923489183 ], [ 696243.706708580954, 2428553.540668714325875 ], [ 696243.928491842118092, 2428553.425283477175981 ], [ 696244.138925582519732, 2428553.286541434004903 ], [ 696244.3359832103597, 2428553.125778746791184 ], [ 696244.51776695298031, 2428552.94454364804551 ], [ 696244.682526133372448, 2428552.744581531267613 ], [ 696244.82867403072305, 2428552.5278181405738 ], [ 696244.954803160857409, 2428552.296341026201844 ], [ 696245.059698831290007, 2428552.05237943911925 ], [ 696245.14235083933454, 2428551.798282862640917 ], [ 696245.201963201048784, 2428551.536498385481536 ], [ 696245.237961816717871, 2428551.269547136034817 ], [ 696245.25, 2428551.0 ] ] ] } },
{ "type": "Feature", "properties": { "xmin": 280.53336, "ymin": 362.55569, "xmax": 297.26413, "ymax": 379.46552, "score": 0.32503244, "label": "Tree", "tile_idx": 4, "geo_xmin": 696074.88, "geo_ymin": 2428554.2, "geo_xmax": 696079.38, "geo_ymax": 2428558.8, "center_x": 696077.12, "center_y": 2428556.5, "width_m": 4.5, "height_m": 4.5, "crown_diameter_m": 4.5, "lon": 88.898677253753647, "lat": 21.950443557093426, "crown_area_raw_m2": 15.904313, "crown_area_calibrated_m2": 19.085176, "agb_tree_kg": 26.783929492367154 }, "geometry": { "type": "Polygon", "coordinates": [ [ [ 696079.375, 2428556.5 ], [ 696079.364165634964593, 2428556.279461434110999 ], [ 696079.331766880932264, 2428556.061046775430441 ], [ 696079.278115755412728, 2428555.846859476063401 ], [ 696079.203728948137723, 2428555.638962277211249 ], [ 696079.109322844771668, 2428555.439357342198491 ], [ 696078.995806627674028, 2428555.249966975767165 ], [ 696078.864273520070128, 2428555.072615110781044 ], [ 696078.715990257682279, 2428554.909009742550552 ], [ 696078.552384889335372, 2428554.760726479813457 ], [ 696078.37503302434925, 2428554.629193372093141 ], [ 696078.185642657801509, 2428554.515677154995501 ], [ 696077.986037722788751, 2428554.421271051745862 ], [ 696077.778140523820184, 2428554.346884244587272 ], [ 696077.563953224569559, 2428554.293233118951321 ], [ 696077.345538565772586, 2428554.260834365151823 ], [ 696077.125, 2428554.25 ], [ 696076.904461434227414, 2428554.260834365151823 ], [ 696076.686046775430441, 2428554.293233118951321 ], [ 696076.471859476179816, 2428554.346884244587272 ], [ 696076.263962277211249, 2428554.421271051745862 ], [ 696076.064357342198491, 2428554.515677154995501 ], [ 696075.87496697565075, 2428554.629193372093141 ], [ 696075.697615110664628, 2428554.760726479813457 ], [ 696075.534009742317721, 2428554.909009742550552 ], [ 696075.385726479929872, 2428555.072615110781044 ], [ 696075.254193372325972, 2428555.249966975767165 ], [ 696075.140677155228332, 2428555.439357342198491 ], [ 696075.046271051862277, 2428555.638962277211249 ], [ 696074.971884244587272, 2428555.846859476063401 ], [ 696074.918233119067736, 2428556.061046775430441 ], [ 696074.885834365035407, 2428556.279461434110999 ], [ 696074.875, 2428556.5 ], [ 696074.885834365035407, 2428556.720538565889001 ], [ 696074.918233119067736, 2428556.938953224569559 ], [ 696074.971884244587272, 2428557.153140523936599 ], [ 696075.046271051862277, 2428557.361037722788751 ], [ 696075.140677155228332, 2428557.560642657801509 ], [ 696075.254193372325972, 2428557.750033024232835 ], [ 696075.385726479929872, 2428557.927384889218956 ], [ 696075.534009742317721, 2428558.090990257449448 ], [ 696075.697615110664628, 2428558.239273520186543 ], [ 696075.87496697565075, 2428558.370806627906859 ], [ 696076.064357342198491, 2428558.484322845004499 ], [ 696076.263962277211249, 2428558.578728948254138 ], [ 696076.471859476179816, 2428558.653115755412728 ], [ 696076.686046775430441, 2428558.706766881048679 ], [ 696076.904461434227414, 2428558.739165634848177 ], [ 696077.125, 2428558.75 ], [ 696077.345538565772586, 2428558.739165634848177 ], [ 696077.563953224569559, 2428558.706766881048679 ], [ 696077.778140523820184, 2428558.653115755412728 ], [ 696077.986037722788751, 2428558.578728948254138 ], [ 696078.185642657801509, 2428558.484322845004499 ], [ 696078.37503302434925, 2428558.370806627906859 ], [ 696078.552384889335372, 2428558.239273520186543 ], [ 696078.715990257682279, 2428558.090990257449448 ], [ 696078.864273520070128, 2428557.927384889218956 ], [ 696078.995806627674028, 2428557.750033024232835 ], [ 696079.109322844771668, 2428557.560642657801509 ], [ 696079.203728948137723, 2428557.361037722788751 ], [ 696079.278115755412728, 2428557.153140523936599 ], [ 696079.331766880932264, 2428556.938953224569559 ], [ 696079.364165634964593, 2428556.720538565889001 ], [ 696079.375, 2428556.5 ] ] ] } },
{ "type": "Feature", "properties": { "xmin": 185.5416, "ymin": 336.24127, "xmax": 200.72165, "ymax": 352.5094, "score": 0.32280374, "label": "Tree", "tile_idx": 0, "geo_xmin": 696049.25, "geo_ymin": 2428561.5, "geo_xmax": 696053.31, "geo_ymax": 2428566.0, "center_x": 696051.25, "center_y": 2428563.8, "width_m": 4.0625, "height_m": 4.5, "crown_diameter_m": 4.2756577, "lon": 88.898427672333369, "lat": 21.95051191702678, "crown_area_raw_m2": 14.35806, "crown_area_calibrated_m2": 17.229673, "agb_tree_kg": 23.685493643831251 }, "geometry": { "type": "Polygon", "coordinates": [ [ [ 696053.28125, 2428563.75 ], [ 696053.27146897604689, 2428563.529461434110999 ], [ 696053.242220100830309, 2428563.311046775430441 ], [ 696053.193785056937486, 2428563.096859476063401 ], [ 696053.12663030042313, 2428562.888962277211249 ], [ 696053.041402568225749, 2428562.689357342198491 ], [ 696052.938922649947926, 2428562.499966975767165 ], [ 696052.82017748337239, 2428562.322615110781044 ], [ 696052.686310649267398, 2428562.159009742550552 ], [ 696052.538611358497292, 2428562.010726479813457 ], [ 696052.378502035862766, 2428561.879193372093141 ], [ 696052.207524621626362, 2428561.765677154995501 ], [ 696052.027325722039677, 2428561.671271051745862 ], [ 696051.839640750666149, 2428561.596884244587272 ], [ 696051.646277216612361, 2428561.543233118951321 ], [ 696051.44909731624648, 2428561.510834365151823 ], [ 696051.25, 2428561.5 ], [ 696051.05090268375352, 2428561.510834365151823 ], [ 696050.853722783387639, 2428561.543233118951321 ], [ 696050.660359249333851, 2428561.596884244587272 ], [ 696050.472674277960323, 2428561.671271051745862 ], [ 696050.292475378373638, 2428561.765677154995501 ], [ 696050.121497964137234, 2428561.879193372093141 ], [ 696049.961388641502708, 2428562.010726479813457 ], [ 696049.813689350732602, 2428562.159009742550552 ], [ 696049.67982251662761, 2428562.322615110781044 ], [ 696049.561077350052074, 2428562.499966975767165 ], [ 696049.458597431774251, 2428562.689357342198491 ], [ 696049.37336969957687, 2428562.888962277211249 ], [ 696049.306214943062514, 2428563.096859476063401 ], [ 696049.257779899169691, 2428563.311046775430441 ], [ 696049.22853102395311, 2428563.529461434110999 ], [ 696049.21875, 2428563.75 ], [ 696049.22853102395311, 2428563.970538565889001 ], [ 696049.257779899169691, 2428564.188953224569559 ], [ 696049.306214943062514, 2428564.403140523936599 ], [ 696049.37336969957687, 2428564.611037722788751 ], [ 696049.458597431774251, 2428564.810642657801509 ], [ 696049.561077350052074, 2428565.000033024232835 ], [ 696049.67982251662761, 2428565.177384889218956 ], [ 696049.813689350732602, 2428565.340990257449448 ], [ 696049.961388641502708, 2428565.489273520186543 ], [ 696050.121497964137234, 2428565.620806627906859 ], [ 696050.292475378373638, 2428565.734322845004499 ], [ 696050.472674277960323, 2428565.828728948254138 ], [ 696050.660359249333851, 2428565.903115755412728 ], [ 696050.853722783387639, 2428565.956766881048679 ], [ 696051.05090268375352, 2428565.989165634848177 ], [ 696051.25, 2428566.0 ], [ 696051.44909731624648, 2428565.989165634848177 ], [ 696051.646277216612361, 2428565.956766881048679 ], [ 696051.839640750666149, 2428565.903115755412728 ], [ 696052.027325722039677, 2428565.828728948254138 ], [ 696052.207524621626362, 2428565.734322845004499 ], [ 696052.378502035862766, 2428565.620806627906859 ], [ 696052.538611358497292, 2428565.489273520186543 ], [ 696052.686310649267398, 2428565.340990257449448 ], [ 696052.82017748337239, 2428565.177384889218956 ], [ 696052.938922649947926, 2428565.000033024232835 ], [ 696053.041402568225749, 2428564.810642657801509 ], [ 696053.12663030042313, 2428564.611037722788751 ], [ 696053.193785056937486, 2428564.403140523936599 ], [ 696053.242220100830309, 2428564.188953224569559 ], [ 696053.27146897604689, 2428563.970538565889001 ], [ 696053.28125, 2428563.75 ] ] ] } },
{ "type": "Feature", "properties": { "xmin": 922.92719, "ymin": 453.23376, "xmax": 943.09149, "ymax": 473.7612, "score": 0.32120621, "label": "Tree", "tile_idx": 6, "geo_xmin": 696248.31, "geo_ymin": 2428528.8, "geo_xmax": 696253.75, "geo_ymax": 2428534.5, "center_x": 696251.0, "center_y": 2428531.5, "width_m": 5.4375, "height_m": 5.75, "crown_diameter_m": 5.5915675, "lon": 88.900357233089792, "lat": 21.95019835228619, "crown_area_raw_m2": 24.555965, "crown_area_calibrated_m2": 29.467159, "agb_tree_kg": 45.146295510192182 }, "geometry": { "type": "Polygon", "coordinates": [ [ [ 696253.71875, 2428531.5 ], [ 696253.705658475635573, 2428531.218200721777976 ], [ 696253.666509981150739, 2428530.939115324057639 ], [ 696253.601681537809782, 2428530.665431553032249 ], [ 696253.511797479004599, 2428530.399785132147372 ], [ 696253.397723437403329, 2428530.144734381698072 ], [ 696253.260558008449152, 2428529.902735580224544 ], [ 696253.101622170070186, 2428529.676119307987392 ], [ 696252.922446561395191, 2428529.467068003956228 ], [ 696252.724756741314195, 2428529.277594946790487 ], [ 696252.510456571006216, 2428529.109524864703417 ], [ 696252.281609878293239, 2428528.964476365130395 ], [ 696252.040420581703074, 2428528.84384634392336 ], [ 696251.789211466326378, 2428528.748796534724534 ], [ 696251.530401812982745, 2428528.680242318660021 ], [ 696251.266484100255184, 2428528.638843910768628 ], [ 696251.0, 2428528.625 ], [ 696250.733515899744816, 2428528.638843910768628 ], [ 696250.469598187017255, 2428528.680242318660021 ], [ 696250.210788533673622, 2428528.748796534724534 ], [ 696249.959579418296926, 2428528.84384634392336 ], [ 696249.718390121706761, 2428528.964476365130395 ], [ 696249.489543428993784, 2428529.109524864703417 ], [ 696249.275243258685805, 2428529.277594946790487 ], [ 696249.077553438604809, 2428529.467068003956228 ], [ 696248.898377829929814, 2428529.676119307987392 ], [ 696248.739441991550848, 2428529.902735580224544 ], [ 696248.602276562596671, 2428530.144734381698072 ], [ 696248.488202520995401, 2428530.399785132147372 ], [ 696248.398318462190218, 2428530.665431553032249 ], [ 696248.333490018849261, 2428530.939115324057639 ], [ 696248.294341524364427, 2428531.218200721777976 ], [ 696248.28125, 2428531.5 ], [ 696248.294341524364427, 2428531.781799278222024 ], [ 696248.333490018849261, 2428532.060884675942361 ], [ 696248.398318462190218, 2428532.334568446967751 ], [ 696248.488202520995401, 2428532.600214867852628 ], [ 696248.602276562596671, 2428532.855265618301928 ], [ 696248.739441991550848, 2428533.097264419775456 ], [ 696248.898377829929814, 2428533.323880692012608 ], [ 696249.077553438604809, 2428533.532931996043772 ], [ 696249.275243258685805, 2428533.722405053209513 ], [ 696249.489543428993784, 2428533.890475135296583 ], [ 696249.718390121706761, 2428534.035523634869605 ], [ 696249.959579418296926, 2428534.15615365607664 ], [ 696250.210788533673622, 2428534.251203465275466 ], [ 696250.469598187017255, 2428534.319757681339979 ], [ 696250.733515899744816, 2428534.361156089231372 ], [ 696251.0, 2428534.375 ], [ 696251.266484100255184, 2428534.361156089231372 ], [ 696251.530401812982745, 2428534.319757681339979 ], [ 696251.789211466326378, 2428534.251203465275466 ], [ 696252.040420581703074, 2428534.15615365607664 ], [ 696252.281609878293239, 2428534.035523634869605 ], [ 696252.510456571006216, 2428533.890475135296583 ], [ 696252.724756741314195, 2428533.722405053209513 ], [ 696252.922446561395191, 2428533.532931996043772 ], [ 696253.101622170070186, 2428533.323880692012608 ], [ 696253.260558008449152, 2428533.097264419775456 ], [ 696253.397723437403329, 2428532.855265618301928 ], [ 696253.511797479004599, 2428532.600214867852628 ], [ 696253.601681537809782, 2428532.334568446967751 ], [ 696253.666509981150739, 2428532.060884675942361 ], [ 696253.705658475635573, 2428531.781799278222024 ], [ 696253.71875, 2428531.5 ] ] ] } },
{ "type": "Feature", "properties": { "xmin": 342.85522, "ymin": 442.85721, "xmax": 367.8941, "ymax": 468.06763, "score": 0.32044548, "label": "Tree", "tile_idx": 5, "geo_xmin": 696091.69, "geo_ymin": 2428530.2, "geo_xmax": 696098.44, "geo_ymax": 2428537.2, "center_x": 696095.06, "center_y": 2428533.8, "width_m": 6.75, "height_m": 7.0, "crown_diameter_m": 6.8738637, "lon": 88.898848146539478, "lat": 21.950236125679712, "crown_area_raw_m2": 37.110065, "crown_area_calibrated_m2": 44.532082, "agb_tree_kg": 74.162167198422068 }, "geometry": { "type": "Polygon", "coordinates": [ [ [ 696098.4375, 2428533.75 ], [ 696098.421248452505097, 2428533.406940008979291 ], [ 696098.372650321340188, 2428533.067183873150498 ], [ 696098.292173633119091, 2428532.734003629535437 ], [ 696098.180593422264792, 2428532.410607986617833 ], [ 696098.038984267157502, 2428532.100111421197653 ], [ 696097.868709941511042, 2428531.805504184216261 ], [ 696097.671410280046985, 2428531.529623505659401 ], [ 696097.448985386523418, 2428531.275126265827566 ], [ 696097.203577334061265, 2428531.044463413301855 ], [ 696096.937549536465667, 2428530.839856356848031 ], [ 696096.653463986818679, 2428530.663275574799627 ], [ 696096.354056584183127, 2428530.516421636100858 ], [ 696096.042210785788484, 2428530.400708824861795 ], [ 696095.720929836854339, 2428530.317251518368721 ], [ 696095.393307848600671, 2428530.266853456851095 ], [ 696095.0625, 2428530.25 ], [ 696094.731692151399329, 2428530.266853456851095 ], [ 696094.404070163145661, 2428530.317251518368721 ], [ 696094.082789214211516, 2428530.400708824861795 ], [ 696093.770943415816873, 2428530.516421636100858 ], [ 696093.471536013181321, 2428530.663275574799627 ], [ 696093.187450463534333, 2428530.839856356848031 ], [ 696092.921422665938735, 2428531.044463413301855 ], [ 696092.676014613476582, 2428531.275126265827566 ], [ 696092.453589719953015, 2428531.529623505659401 ], [ 696092.256290058488958, 2428531.805504184216261 ], [ 696092.086015732842498, 2428532.100111421197653 ], [ 696091.944406577735208, 2428532.410607986617833 ], [ 696091.832826366880909, 2428532.734003629535437 ], [ 696091.752349678659812, 2428533.067183873150498 ], [ 696091.703751547494903, 2428533.406940008979291 ], [ 696091.6875, 2428533.75 ], [ 696091.703751547494903, 2428534.093059991020709 ], [ 696091.752349678659812, 2428534.432816126849502 ], [ 696091.832826366880909, 2428534.765996370464563 ], [ 696091.944406577735208, 2428535.089392013382167 ], [ 696092.086015732842498, 2428535.399888578802347 ], [ 696092.256290058488958, 2428535.694495815783739 ], [ 696092.453589719953015, 2428535.970376494340599 ], [ 696092.676014613476582, 2428536.224873734172434 ], [ 696092.921422665938735, 2428536.455536586698145 ], [ 696093.187450463534333, 2428536.660143643151969 ], [ 696093.471536013181321, 2428536.836724425200373 ], [ 696093.770943415816873, 2428536.983578363899142 ], [ 696094.082789214211516, 2428537.099291175138205 ], [ 696094.404070163145661, 2428537.182748481631279 ], [ 696094.731692151399329, 2428537.233146543148905 ], [ 696095.0625, 2428537.25 ], [ 696095.393307848600671, 2428537.233146543148905 ], [ 696095.720929836854339, 2428537.182748481631279 ], [ 696096.042210785788484, 2428537.099291175138205 ], [ 696096.354056584183127, 2428536.983578363899142 ], [ 696096.653463986818679, 2428536.836724425200373 ], [ 696096.937549536465667, 2428536.660143643151969 ], [ 696097.203577334061265, 2428536.455536586698145 ], [ 696097.448985386523418, 2428536.224873734172434 ], [ 696097.671410280046985, 2428535.970376494340599 ], [ 696097.868709941511042, 2428535.694495815783739 ], [ 696098.038984267157502, 2428535.399888578802347 ], [ 696098.180593422264792, 2428535.089392013382167 ], [ 696098.292173633119091, 2428534.765996370464563 ], [ 696098.372650321340188, 2428534.432816126849502 ], [ 696098.421248452505097, 2428534.093059991020709 ], [ 696098.4375, 2428533.75 ] ] ] } },
{ "type": "Feature", "properties": { "xmin": 531.69458, "ymin": 59.776478, "xmax": 550.56934, "ymax": 79.166077, "score": 0.32012582, "label": "Tree", "tile_idx": 1, "geo_xmin": 696142.69, "geo_ymin": 2428635.5, "geo_xmax": 696147.75, "geo_ymax": 2428640.5, "center_x": 696145.25, "center_y": 2428638.0, "width_m": 5.0625, "height_m": 5.0, "crown_diameter_m": 5.0311527, "lon": 88.899346432251136, "lat": 21.951171848159795, "crown_area_raw_m2": 19.880392, "crown_area_calibrated_m2": 23.856472, "agb_tree_kg": 35.023543382586411 }, "geometry": { "type": "Polygon", "coordinates": [ [ [ 696147.78125, 2428638.0 ], [ 696147.76906133943703, 2428637.754957149270922 ], [ 696147.732612741063349, 2428637.512274194974452 ], [ 696147.672255224781111, 2428637.274288306944072 ], [ 696147.588570066611283, 2428637.04329141927883 ], [ 696147.482363200397231, 2428636.821508157998323 ], [ 696147.354657456162386, 2428636.611074417363852 ], [ 696147.206682710093446, 2428636.414016789756715 ], [ 696147.03986403986346, 2428636.23223304701969 ], [ 696146.855808000545949, 2428636.067473866511136 ], [ 696146.656287152320147, 2428635.921325969044119 ], [ 696146.443222990143113, 2428635.795196839142591 ], [ 696146.218667438137345, 2428635.690301168709993 ], [ 696145.984783089254051, 2428635.607649160549045 ], [ 696145.743822377640754, 2428635.548036798834801 ], [ 696145.498105886508711, 2428635.512038183398545 ], [ 696145.25, 2428635.5 ], [ 696145.001894113491289, 2428635.512038183398545 ], [ 696144.756177622359246, 2428635.548036798834801 ], [ 696144.515216910745949, 2428635.607649160549045 ], [ 696144.281332561862655, 2428635.690301168709993 ], [ 696144.056777009856887, 2428635.795196839142591 ], [ 696143.843712847679853, 2428635.921325969044119 ], [ 696143.644191999454051, 2428636.067473866511136 ], [ 696143.46013596013654, 2428636.23223304701969 ], [ 696143.293317289906554, 2428636.414016789756715 ], [ 696143.145342543837614, 2428636.611074417363852 ], [ 696143.017636799602769, 2428636.821508157998323 ], [ 696142.911429933388717, 2428637.04329141927883 ], [ 696142.827744775218889, 2428637.274288306944072 ], [ 696142.767387258936651, 2428637.512274194974452 ], [ 696142.73093866056297, 2428637.754957149270922 ], [ 696142.71875, 2428638.0 ], [ 696142.73093866056297, 2428638.245042850729078 ], [ 696142.767387258936651, 2428638.487725805025548 ], [ 696142.827744775218889, 2428638.725711693055928 ], [ 696142.911429933388717, 2428638.95670858072117 ], [ 696143.017636799602769, 2428639.178491842001677 ], [ 696143.145342543837614, 2428639.388925582636148 ], [ 696143.293317289906554, 2428639.585983210243285 ], [ 696143.46013596013654, 2428639.76776695298031 ], [ 696143.644191999454051, 2428639.932526133488864 ], [ 696143.843712847679853, 2428640.078674030955881 ], [ 696144.056777009856887, 2428640.204803160857409 ], [ 696144.281332561862655, 2428640.309698831290007 ], [ 696144.515216910745949, 2428640.392350839450955 ], [ 696144.756177622359246, 2428640.451963201165199 ], [ 696145.001894113491289, 2428640.487961816601455 ], [ 696145.25, 2428640.5 ], [ 696145.498105886508711, 2428640.487961816601455 ], [ 696145.743822377640754, 2428640.451963201165199 ], [ 696145.984783089254051, 2428640.392350839450955 ], [ 696146.218667438137345, 2428640.309698831290007 ], [ 696146.443222990143113, 2428640.204803160857409 ], [ 696146.656287152320147, 2428640.078674030955881 ], [ 696146.855808000545949, 2428639.932526133488864 ], [ 696147.03986403986346, 2428639.76776695298031 ], [ 696147.206682710093446, 2428639.585983210243285 ], [ 696147.354657456162386, 2428639.388925582636148 ], [ 696147.482363200397231, 2428639.178491842001677 ], [ 696147.588570066611283, 2428638.95670858072117 ], [ 696147.672255224781111, 2428638.725711693055928 ], [ 696147.732612741063349, 2428638.487725805025548 ], [ 696147.76906133943703, 2428638.245042850729078 ], [ 696147.78125, 2428638.0 ] ] ] } },
{ "type": "Feature", "properties": { "xmin": 515.93713, "ymin": 567.54462, "xmax": 534.60034, "ymax": 586.90863, "score": 0.31882322, "label": "Tree", "tile_idx": 5, "geo_xmin": 696138.44, "geo_ymin": 2428498.2, "geo_xmax": 696143.44, "geo_ymax": 2428503.5, "center_x": 696140.94, "center_y": 2428501.0, "width_m": 5.0, "height_m": 5.25, "crown_diameter_m": 5.1234756, "lon": 88.899288252536053, "lat": 21.949935271018894, "crown_area_raw_m2": 20.616703, "crown_area_calibrated_m2": 24.740046, "agb_tree_kg": 36.588522485870328 }, "geometry": { "type": "Polygon", "coordinates": [ [ [ 696143.4375, 2428501.0 ], [ 696143.425461816717871, 2428500.742705006618053 ], [ 696143.389463201048784, 2428500.487887904513627 ], [ 696143.32985083933454, 2428500.238002722151577 ], [ 696143.247198831290007, 2428499.99545599007979 ], [ 696143.142303160857409, 2428499.76258356589824 ], [ 696143.01617403072305, 2428499.541628138162196 ], [ 696142.870026133372448, 2428499.33471762901172 ], [ 696142.70526695298031, 2428499.14384469948709 ], [ 696142.5234832103597, 2428498.970847560092807 ], [ 696142.326425582519732, 2428498.817392267752439 ], [ 696142.115991842118092, 2428498.684956680983305 ], [ 696141.894208580954, 2428498.574816226959229 ], [ 696141.663211693172343, 2428498.488031618762761 ], [ 696141.425225805025548, 2428498.425438638776541 ], [ 696141.182542850845493, 2428498.387640092521906 ], [ 696140.9375, 2428498.375 ], [ 696140.692457149154507, 2428498.387640092521906 ], [ 696140.449774194974452, 2428498.425438638776541 ], [ 696140.211788306827657, 2428498.488031618762761 ], [ 696139.980791419046, 2428498.574816226959229 ], [ 696139.759008157881908, 2428498.684956680983305 ], [ 696139.548574417480268, 2428498.817392267752439 ], [ 696139.3515167896403, 2428498.970847560092807 ], [ 696139.16973304701969, 2428499.14384469948709 ], [ 696139.004973866627552, 2428499.33471762901172 ], [ 696138.85882596927695, 2428499.541628138162196 ], [ 696138.732696839142591, 2428499.76258356589824 ], [ 696138.627801168709993, 2428499.99545599007979 ], [ 696138.54514916066546, 2428500.238002722151577 ], [ 696138.485536798951216, 2428500.487887904513627 ], [ 696138.449538183282129, 2428500.742705006618053 ], [ 696138.4375, 2428501.0 ], [ 696138.449538183282129, 2428501.257294993381947 ], [ 696138.485536798951216, 2428501.512112095486373 ], [ 696138.54514916066546, 2428501.761997277848423 ], [ 696138.627801168709993, 2428502.00454400992021 ], [ 696138.732696839142591, 2428502.23741643410176 ], [ 696138.85882596927695, 2428502.458371861837804 ], [ 696139.004973866627552, 2428502.66528237098828 ], [ 696139.16973304701969, 2428502.85615530051291 ], [ 696139.3515167896403, 2428503.029152439907193 ], [ 696139.548574417480268, 2428503.182607732247561 ], [ 696139.759008157881908, 2428503.315043319016695 ], [ 696139.980791419046, 2428503.425183773040771 ], [ 696140.211788306827657, 2428503.511968381237239 ], [ 696140.449774194974452, 2428503.574561361223459 ], [ 696140.692457149154507, 2428503.612359907478094 ], [ 696140.9375, 2428503.625 ], [ 696141.182542850845493, 2428503.612359907478094 ], [ 696141.425225805025548, 2428503.574561361223459 ], [ 696141.663211693172343, 2428503.511968381237239 ], [ 696141.894208580954, 2428503.425183773040771 ], [ 696142.115991842118092, 2428503.315043319016695 ], [ 696142.326425582519732, 2428503.182607732247561 ], [ 696142.5234832103597, 2428503.029152439907193 ], [ 696142.70526695298031, 2428502.85615530051291 ], [ 696142.870026133372448, 2428502.66528237098828 ], [ 696143.01617403072305, 2428502.458371861837804 ], [ 696143.142303160857409, 2428502.23741643410176 ], [ 696143.247198831290007, 2428502.00454400992021 ], [ 696143.32985083933454, 2428501.761997277848423 ], [ 696143.389463201048784, 2428501.512112095486373 ], [ 696143.425461816717871, 2428501.257294993381947 ], [ 696143.4375, 2428501.0 ] ] ] } },
{ "type": "Feature", "properties": { "xmin": 534.1485, "ymin": 989.41412, "xmax": 552.59888, "ymax": 1008.4715, "score": 0.31756225, "label": "Tree", "tile_idx": 13, "geo_xmin": 696143.38, "geo_ymin": 2428384.5, "geo_xmax": 696148.31, "geo_ymax": 2428389.5, "center_x": 696145.88, "center_y": 2428387.0, "width_m": 4.9375, "height_m": 5.0, "crown_diameter_m": 4.9686518, "lon": 88.899322366153157, "lat": 21.948905339971216, "crown_area_raw_m2": 19.389517, "crown_area_calibrated_m2": 23.267422, "agb_tree_kg": 33.986693013935643 }, "geometry": { "type": "Polygon", "coordinates": [ [ [ 696148.34375, 2428387.0 ], [ 696148.331862293998711, 2428386.754957149270922 ], [ 696148.296313661034219, 2428386.512274194974452 ], [ 696148.237446453887969, 2428386.274288306944072 ], [ 696148.155827595852315, 2428386.04329141927883 ], [ 696148.052243121317588, 2428385.821508157998323 ], [ 696147.92769060540013, 2428385.611074417363852 ], [ 696147.783369556767866, 2428385.414016789756715 ], [ 696147.62066986609716, 2428385.23223304701969 ], [ 696147.441158420289867, 2428385.067473866511136 ], [ 696147.246564012719318, 2428384.921325969044119 ], [ 696147.038760694093071, 2428384.795196839142591 ], [ 696146.81974972365424, 2428384.690301168709993 ], [ 696146.591640296974219, 2428384.607649160549045 ], [ 696146.356629232526757, 2428384.548036798834801 ], [ 696146.116979815182276, 2428384.512038183398545 ], [ 696145.875, 2428384.5 ], [ 696145.633020184817724, 2428384.512038183398545 ], [ 696145.393370767473243, 2428384.548036798834801 ], [ 696145.158359703025781, 2428384.607649160549045 ], [ 696144.93025027634576, 2428384.690301168709993 ], [ 696144.711239305906929, 2428384.795196839142591 ], [ 696144.503435987280682, 2428384.921325969044119 ], [ 696144.308841579710133, 2428385.067473866511136 ], [ 696144.12933013390284, 2428385.23223304701969 ], [ 696143.966630443232134, 2428385.414016789756715 ], [ 696143.82230939459987, 2428385.611074417363852 ], [ 696143.697756878682412, 2428385.821508157998323 ], [ 696143.594172404147685, 2428386.04329141927883 ], [ 696143.512553546112031, 2428386.274288306944072 ], [ 696143.453686338965781, 2428386.512274194974452 ], [ 696143.418137706001289, 2428386.754957149270922 ], [ 696143.40625, 2428387.0 ], [ 696143.418137706001289, 2428387.245042850729078 ], [ 696143.453686338965781, 2428387.487725805025548 ], [ 696143.512553546112031, 2428387.725711693055928 ], [ 696143.594172404147685, 2428387.95670858072117 ], [ 696143.697756878682412, 2428388.178491842001677 ], [ 696143.82230939459987, 2428388.388925582636148 ], [ 696143.966630443232134, 2428388.585983210243285 ], [ 696144.12933013390284, 2428388.76776695298031 ], [ 696144.308841579710133, 2428388.932526133488864 ], [ 696144.503435987280682, 2428389.078674030955881 ], [ 696144.711239305906929, 2428389.204803160857409 ], [ 696144.93025027634576, 2428389.309698831290007 ], [ 696145.158359703025781, 2428389.392350839450955 ], [ 696145.393370767473243, 2428389.451963201165199 ], [ 696145.633020184817724, 2428389.487961816601455 ], [ 696145.875, 2428389.5 ], [ 696146.116979815182276, 2428389.487961816601455 ], [ 696146.356629232526757, 2428389.451963201165199 ], [ 696146.591640296974219, 2428389.392350839450955 ], [ 696146.81974972365424, 2428389.309698831290007 ], [ 696147.038760694093071, 2428389.204803160857409 ], [ 696147.246564012719318, 2428389.078674030955881 ], [ 696147.441158420289867, 2428388.932526133488864 ], [ 696147.62066986609716, 2428388.76776695298031 ], [ 696147.783369556767866, 2428388.585983210243285 ], [ 696147.92769060540013, 2428388.388925582636148 ], [ 696148.052243121317588, 2428388.178491842001677 ], [ 696148.155827595852315, 2428387.95670858072117 ], [ 696148.237446453887969, 2428387.725711693055928 ], [ 696148.296313661034219, 2428387.487725805025548 ], [ 696148.331862293998711, 2428387.245042850729078 ], [ 696148.34375, 2428387.0 ] ] ] } },
{ "type": "Feature", "properties": { "xmin": 790.67285, "ymin": 981.89258, "xmax": 810.27673, "ymax": 1001.2663, "score": 0.3152146, "label": "Tree", "tile_idx": 10, "geo_xmin": 696212.62, "geo_ymin": 2428386.5, "geo_xmax": 696217.88, "geo_ymax": 2428391.8, "center_x": 696215.25, "center_y": 2428389.0, "width_m": 5.25, "height_m": 5.25, "crown_diameter_m": 5.25, "lon": 88.899994097290914, "lat": 21.948915633134156, "crown_area_raw_m2": 21.647537, "crown_area_calibrated_m2": 25.977045, "agb_tree_kg": 38.798449952558542 }, "geometry": { "type": "Polygon", "coordinates": [ [ [ 696217.875, 2428389.0 ], [ 696217.862359907478094, 2428388.742705006618053 ], [ 696217.824561361107044, 2428388.487887904513627 ], [ 696217.761968381353654, 2428388.238002722151577 ], [ 696217.675183772807941, 2428387.99545599007979 ], [ 696217.56504331890028, 2428387.76258356589824 ], [ 696217.432607732247561, 2428387.541628138162196 ], [ 696217.279152440023609, 2428387.33471762901172 ], [ 696217.106155300629325, 2428387.14384469948709 ], [ 696216.915282370871864, 2428386.970847560092807 ], [ 696216.708371861721389, 2428386.817392267752439 ], [ 696216.487416434218176, 2428386.684956680983305 ], [ 696216.25454400992021, 2428386.574816226959229 ], [ 696216.011997277848423, 2428386.488031618762761 ], [ 696215.762112095253542, 2428386.425438638776541 ], [ 696215.507294993381947, 2428386.387640092521906 ], [ 696215.25, 2428386.375 ], [ 696214.992705006618053, 2428386.387640092521906 ], [ 696214.737887904746458, 2428386.425438638776541 ], [ 696214.488002722151577, 2428386.488031618762761 ], [ 696214.24545599007979, 2428386.574816226959229 ], [ 696214.012583565781824, 2428386.684956680983305 ], [ 696213.791628138278611, 2428386.817392267752439 ], [ 696213.584717629128136, 2428386.970847560092807 ], [ 696213.393844699370675, 2428387.14384469948709 ], [ 696213.220847559976391, 2428387.33471762901172 ], [ 696213.067392267752439, 2428387.541628138162196 ], [ 696212.93495668109972, 2428387.76258356589824 ], [ 696212.824816227192059, 2428387.99545599007979 ], [ 696212.738031618646346, 2428388.238002722151577 ], [ 696212.675438638892956, 2428388.487887904513627 ], [ 696212.637640092521906, 2428388.742705006618053 ], [ 696212.625, 2428389.0 ], [ 696212.637640092521906, 2428389.257294993381947 ], [ 696212.675438638892956, 2428389.512112095486373 ], [ 696212.738031618646346, 2428389.761997277848423 ], [ 696212.824816227192059, 2428390.00454400992021 ], [ 696212.93495668109972, 2428390.23741643410176 ], [ 696213.067392267752439, 2428390.458371861837804 ], [ 696213.220847559976391, 2428390.66528237098828 ], [ 696213.393844699370675, 2428390.85615530051291 ], [ 696213.584717629128136, 2428391.029152439907193 ], [ 696213.791628138278611, 2428391.182607732247561 ], [ 696214.012583565781824, 2428391.315043319016695 ], [ 696214.24545599007979, 2428391.425183773040771 ], [ 696214.488002722151577, 2428391.511968381237239 ], [ 696214.737887904746458, 2428391.574561361223459 ], [ 696214.992705006618053, 2428391.612359907478094 ], [ 696215.25, 2428391.625 ], [ 696215.507294993381947, 2428391.612359907478094 ], [ 696215.762112095253542, 2428391.574561361223459 ], [ 696216.011997277848423, 2428391.511968381237239 ], [ 696216.25454400992021, 2428391.425183773040771 ], [ 696216.487416434218176, 2428391.315043319016695 ], [ 696216.708371861721389, 2428391.182607732247561 ], [ 696216.915282370871864, 2428391.029152439907193 ], [ 696217.106155300629325, 2428390.85615530051291 ], [ 696217.279152440023609, 2428390.66528237098828 ], [ 696217.432607732247561, 2428390.458371861837804 ], [ 696217.56504331890028, 2428390.23741643410176 ], [ 696217.675183772807941, 2428390.00454400992021 ], [ 696217.761968381353654, 2428389.761997277848423 ], [ 696217.824561361107044, 2428389.512112095486373 ], [ 696217.862359907478094, 2428389.257294993381947 ], [ 696217.875, 2428389.0 ] ] ] } },
{ "type": "Feature", "properties": { "xmin": 830.42151, "ymin": 355.20956, "xmax": 849.95801, "ymax": 374.18442, "score": 0.31513906, "label": "Tree", "tile_idx": 6, "geo_xmin": 696223.31, "geo_ymin": 2428555.8, "geo_xmax": 696228.62, "geo_ymax": 2428560.8, "center_x": 696226.0, "center_y": 2428558.2, "width_m": 5.3125, "height_m": 5.0, "crown_diameter_m": 5.153882, "lon": 88.900118463098664, "lat": 21.95044269449134, "crown_area_raw_m2": 20.862139, "crown_area_calibrated_m2": 25.034567, "agb_tree_kg": 37.112711331413053 }, "geometry": { "type": "Polygon", "coordinates": [ [ [ 696228.65625, 2428558.25 ], [ 696228.643459430197254, 2428558.004957149270922 ], [ 696228.605210901121609, 2428557.762274194974452 ], [ 696228.541872766800225, 2428557.524288306944072 ], [ 696228.454055008245632, 2428557.29329141927883 ], [ 696228.342603358440101, 2428557.071508157998323 ], [ 696228.208591157686897, 2428556.861074417363852 ], [ 696228.053309016744606, 2428556.664016789756715 ], [ 696227.878252387512475, 2428556.48223304701969 ], [ 696227.685107161058113, 2428556.317473866511136 ], [ 696227.475733431405388, 2428556.171325969044119 ], [ 696227.252147582243197, 2428556.045196839142591 ], [ 696227.01650286721997, 2428555.940301168709993 ], [ 696226.771068673930131, 2428555.857649160549045 ], [ 696226.518208667868748, 2428555.798036798834801 ], [ 696226.260358029045165, 2428555.762038183398545 ], [ 696226.0, 2428555.75 ], [ 696225.739641970954835, 2428555.762038183398545 ], [ 696225.481791332131252, 2428555.798036798834801 ], [ 696225.228931326069869, 2428555.857649160549045 ], [ 696224.98349713278003, 2428555.940301168709993 ], [ 696224.747852417756803, 2428556.045196839142591 ], [ 696224.524266568594612, 2428556.171325969044119 ], [ 696224.314892838941887, 2428556.317473866511136 ], [ 696224.121747612487525, 2428556.48223304701969 ], [ 696223.946690983255394, 2428556.664016789756715 ], [ 696223.791408842313103, 2428556.861074417363852 ], [ 696223.657396641559899, 2428557.071508157998323 ], [ 696223.545944991754368, 2428557.29329141927883 ], [ 696223.458127233199775, 2428557.524288306944072 ], [ 696223.394789098878391, 2428557.762274194974452 ], [ 696223.356540569802746, 2428558.004957149270922 ], [ 696223.34375, 2428558.25 ], [ 696223.356540569802746, 2428558.495042850729078 ], [ 696223.394789098878391, 2428558.737725805025548 ], [ 696223.458127233199775, 2428558.975711693055928 ], [ 696223.545944991754368, 2428559.20670858072117 ], [ 696223.657396641559899, 2428559.428491842001677 ], [ 696223.791408842313103, 2428559.638925582636148 ], [ 696223.946690983255394, 2428559.835983210243285 ], [ 696224.121747612487525, 2428560.01776695298031 ], [ 696224.314892838941887, 2428560.182526133488864 ], [ 696224.524266568594612, 2428560.328674030955881 ], [ 696224.747852417756803, 2428560.454803160857409 ], [ 696224.98349713278003, 2428560.559698831290007 ], [ 696225.228931326069869, 2428560.642350839450955 ], [ 696225.481791332131252, 2428560.701963201165199 ], [ 696225.739641970954835, 2428560.737961816601455 ], [ 696226.0, 2428560.75 ], [ 696226.260358029045165, 2428560.737961816601455 ], [ 696226.518208667868748, 2428560.701963201165199 ], [ 696226.771068673930131, 2428560.642350839450955 ], [ 696227.01650286721997, 2428560.559698831290007 ], [ 696227.252147582243197, 2428560.454803160857409 ], [ 696227.475733431405388, 2428560.328674030955881 ], [ 696227.685107161058113, 2428560.182526133488864 ], [ 696227.878252387512475, 2428560.01776695298031 ], [ 696228.053309016744606, 2428559.835983210243285 ], [ 696228.208591157686897, 2428559.638925582636148 ], [ 696228.342603358440101, 2428559.428491842001677 ], [ 696228.454055008245632, 2428559.20670858072117 ], [ 696228.541872766800225, 2428558.975711693055928 ], [ 696228.605210901121609, 2428558.737725805025548 ], [ 696228.643459430197254, 2428558.495042850729078 ], [ 696228.65625, 2428558.25 ] ] ] } },
{ "type": "Feature", "properties": { "xmin": 997.82825, "ymin": 452.68192, "xmax": 1013.4135, "ymax": 468.81332, "score": 0.31439289, "label": "Tree", "tile_idx": 7, "geo_xmin": 696268.56, "geo_ymin": 2428530.2, "geo_xmax": 696272.75, "geo_ymax": 2428534.5, "center_x": 696270.62, "center_y": 2428532.5, "width_m": 4.1875, "height_m": 4.25, "crown_diameter_m": 4.2186341, "lon": 88.900547308122526, "lat": 21.950205183975861, "crown_area_raw_m2": 13.977633, "crown_area_calibrated_m2": 16.773161, "agb_tree_kg": 22.933195092200343 }, "geometry": { "type": "Polygon", "coordinates": [ [ [ 696272.71875, 2428532.5 ], [ 696272.708668021485209, 2428532.291713576763868 ], [ 696272.678519180859439, 2428532.085433065891266 ], [ 696272.628593827947043, 2428531.883145060855895 ], [ 696272.559372771182097, 2428531.686797706410289 ], [ 696272.471522647188976, 2428531.498281934298575 ], [ 696272.365889500710182, 2428531.319413254968822 ], [ 696272.24349063669797, 2428531.151914271060377 ], [ 696272.105504823150113, 2428530.997398090083152 ], [ 696271.953260938753374, 2428530.857352786697447 ], [ 696271.788225175347179, 2428530.733127073850483 ], [ 696271.611986917676404, 2428530.625917313154787 ], [ 696271.426243436522782, 2428530.536755993496627 ], [ 696271.232783542945981, 2428530.466501786373556 ], [ 696271.033470361726359, 2428530.415831279009581 ], [ 696270.830223387572914, 2428530.385232456028461 ], [ 696270.625, 2428530.375 ], [ 696270.419776612427086, 2428530.385232456028461 ], [ 696270.216529638273641, 2428530.415831279009581 ], [ 696270.017216457054019, 2428530.466501786373556 ], [ 696269.823756563477218, 2428530.536755993496627 ], [ 696269.638013082323596, 2428530.625917313154787 ], [ 696269.461774824652821, 2428530.733127073850483 ], [ 696269.296739061246626, 2428530.857352786697447 ], [ 696269.144495176849887, 2428530.997398090083152 ], [ 696269.00650936330203, 2428531.151914271060377 ], [ 696268.884110499289818, 2428531.319413254968822 ], [ 696268.778477352811024, 2428531.498281934298575 ], [ 696268.690627228817903, 2428531.686797706410289 ], [ 696268.621406172052957, 2428531.883145060855895 ], [ 696268.571480819140561, 2428532.085433065891266 ], [ 696268.541331978514791, 2428532.291713576763868 ], [ 696268.53125, 2428532.5 ], [ 696268.541331978514791, 2428532.708286423236132 ], [ 696268.571480819140561, 2428532.914566934108734 ], [ 696268.621406172052957, 2428533.116854939144105 ], [ 696268.690627228817903, 2428533.313202293589711 ], [ 696268.778477352811024, 2428533.501718065701425 ], [ 696268.884110499289818, 2428533.680586745031178 ], [ 696269.00650936330203, 2428533.848085728939623 ], [ 696269.144495176849887, 2428534.002601909916848 ], [ 696269.296739061246626, 2428534.142647213302553 ], [ 696269.461774824652821, 2428534.266872926149517 ], [ 696269.638013082323596, 2428534.374082686845213 ], [ 696269.823756563477218, 2428534.463244006503373 ], [ 696270.017216457054019, 2428534.533498213626444 ], [ 696270.216529638273641, 2428534.584168720990419 ], [ 696270.419776612427086, 2428534.614767543971539 ], [ 696270.625, 2428534.625 ], [ 696270.830223387572914, 2428534.614767543971539 ], [ 696271.033470361726359, 2428534.584168720990419 ], [ 696271.232783542945981, 2428534.533498213626444 ], [ 696271.426243436522782, 2428534.463244006503373 ], [ 696271.611986917676404, 2428534.374082686845213 ], [ 696271.788225175347179, 2428534.266872926149517 ], [ 696271.953260938753374, 2428534.142647213302553 ], [ 696272.105504823150113, 2428534.002601909916848 ], [ 696272.24349063669797, 2428533.848085728939623 ], [ 696272.365889500710182, 2428533.680586745031178 ], [ 696272.471522647188976, 2428533.501718065701425 ], [ 696272.559372771182097, 2428533.313202293589711 ], [ 696272.628593827947043, 2428533.116854939144105 ], [ 696272.678519180859439, 2428532.914566934108734 ], [ 696272.708668021485209, 2428532.708286423236132 ], [ 696272.71875, 2428532.5 ] ] ] } },
{ "type": "Feature", "properties": { "xmin": 238.46181, "ymin": 209.66663, "xmax": 258.82367, "ymax": 231.00952, "score": 0.31079698, "label": "Tree", "tile_idx": 0, "geo_xmin": 696063.5, "geo_ymin": 2428594.5, "geo_xmax": 696069.0, "geo_ymax": 2428600.2, "center_x": 696066.25, "center_y": 2428597.5, "width_m": 5.5, "height_m": 5.75, "crown_diameter_m": 5.623611, "lon": 88.89857690924994, "lat": 21.950814989048332, "crown_area_raw_m2": 24.838219, "crown_area_calibrated_m2": 29.805864, "agb_tree_kg": 45.770759427467326 }, "geometry": { "type": "Polygon", "coordinates": [ [ [ 696069.0, 2428597.5 ], [ 696068.986757998354733, 2428597.218200721777976 ], [ 696068.947159521165304, 2428596.939115324057639 ], [ 696068.881585923256353, 2428596.665431553032249 ], [ 696068.79066871444229, 2428596.399785132147372 ], [ 696068.67528347694315, 2428596.144734381698072 ], [ 696068.536541433888488, 2428595.902735580224544 ], [ 696068.375778746791184, 2428595.676119307987392 ], [ 696068.194543648278341, 2428595.467068003956228 ], [ 696067.994581531500444, 2428595.277594946790487 ], [ 696067.77781814080663, 2428595.109524864703417 ], [ 696067.54634102631826, 2428594.964476365130395 ], [ 696067.302379439002834, 2428594.84384634392336 ], [ 696067.048282862408087, 2428594.748796534724534 ], [ 696066.786498385597952, 2428594.680242318660021 ], [ 696066.519547135918401, 2428594.638843910768628 ], [ 696066.25, 2428594.625 ], [ 696065.980452864081599, 2428594.638843910768628 ], [ 696065.713501614402048, 2428594.680242318660021 ], [ 696065.451717137591913, 2428594.748796534724534 ], [ 696065.197620560997166, 2428594.84384634392336 ], [ 696064.95365897368174, 2428594.964476365130395 ], [ 696064.72218185919337, 2428595.109524864703417 ], [ 696064.505418468499556, 2428595.277594946790487 ], [ 696064.305456351721659, 2428595.467068003956228 ], [ 696064.124221253208816, 2428595.676119307987392 ], [ 696063.963458566111512, 2428595.902735580224544 ], [ 696063.82471652305685, 2428596.144734381698072 ], [ 696063.70933128555771, 2428596.399785132147372 ], [ 696063.618414076743647, 2428596.665431553032249 ], [ 696063.552840478834696, 2428596.939115324057639 ], [ 696063.513242001645267, 2428597.218200721777976 ], [ 696063.5, 2428597.5 ], [ 696063.513242001645267, 2428597.781799278222024 ], [ 696063.552840478834696, 2428598.060884675942361 ], [ 696063.618414076743647, 2428598.334568446967751 ], [ 696063.70933128555771, 2428598.600214867852628 ], [ 696063.82471652305685, 2428598.855265618301928 ], [ 696063.963458566111512, 2428599.097264419775456 ], [ 696064.124221253208816, 2428599.323880692012608 ], [ 696064.305456351721659, 2428599.532931996043772 ], [ 696064.505418468499556, 2428599.722405053209513 ], [ 696064.72218185919337, 2428599.890475135296583 ], [ 696064.95365897368174, 2428600.035523634869605 ], [ 696065.197620560997166, 2428600.15615365607664 ], [ 696065.451717137591913, 2428600.251203465275466 ], [ 696065.713501614402048, 2428600.319757681339979 ], [ 696065.980452864081599, 2428600.361156089231372 ], [ 696066.25, 2428600.375 ], [ 696066.519547135918401, 2428600.361156089231372 ], [ 696066.786498385597952, 2428600.319757681339979 ], [ 696067.048282862408087, 2428600.251203465275466 ], [ 696067.302379439002834, 2428600.15615365607664 ], [ 696067.54634102631826, 2428600.035523634869605 ], [ 696067.77781814080663, 2428599.890475135296583 ], [ 696067.994581531500444, 2428599.722405053209513 ], [ 696068.194543648278341, 2428599.532931996043772 ], [ 696068.375778746791184, 2428599.323880692012608 ], [ 696068.536541433888488, 2428599.097264419775456 ], [ 696068.67528347694315, 2428598.855265618301928 ], [ 696068.79066871444229, 2428598.600214867852628 ], [ 696068.881585923256353, 2428598.334568446967751 ], [ 696068.947159521165304, 2428598.060884675942361 ], [ 696068.986757998354733, 2428597.781799278222024 ], [ 696069.0, 2428597.5 ] ] ] } },
{ "type": "Feature", "properties": { "xmin": 248.18379, "ymin": 559.35742, "xmax": 273.20911, "ymax": 583.9046, "score": 0.31045163, "label": "Tree", "tile_idx": 4, "geo_xmin": 696066.12, "geo_ymin": 2428499.0, "geo_xmax": 696072.88, "geo_ymax": 2428505.8, "center_x": 696069.5, "center_y": 2428502.5, "width_m": 6.75, "height_m": 6.75, "crown_diameter_m": 6.75, "lon": 88.898596972781007, "lat": 21.949956809808903, "crown_area_raw_m2": 35.784706, "crown_area_calibrated_m2": 42.94165, "agb_tree_kg": 70.990082326504393 }, "geometry": { "type": "Polygon", "coordinates": [ [ [ 696072.875, 2428502.5 ], [ 696072.858748452505097, 2428502.169192151166499 ], [ 696072.810150321340188, 2428501.841570163145661 ], [ 696072.729673633119091, 2428501.520289214327931 ], [ 696072.618093422264792, 2428501.208443415816873 ], [ 696072.476484267157502, 2428500.909036013297737 ], [ 696072.306209941511042, 2428500.624950463417917 ], [ 696072.108910280046985, 2428500.358922665938735 ], [ 696071.886485386523418, 2428500.113514613360167 ], [ 696071.641077334061265, 2428499.891089719720185 ], [ 696071.375049536465667, 2428499.693790058605373 ], [ 696071.090963986818679, 2428499.523515732958913 ], [ 696070.791556584183127, 2428499.381906577851623 ], [ 696070.479710785788484, 2428499.270326367113739 ], [ 696070.158429836854339, 2428499.189849678426981 ], [ 696069.830807848600671, 2428499.141251547262073 ], [ 696069.5, 2428499.125 ], [ 696069.169192151399329, 2428499.141251547262073 ], [ 696068.841570163145661, 2428499.189849678426981 ], [ 696068.520289214211516, 2428499.270326367113739 ], [ 696068.208443415816873, 2428499.381906577851623 ], [ 696067.909036013181321, 2428499.523515732958913 ], [ 696067.624950463534333, 2428499.693790058605373 ], [ 696067.358922665938735, 2428499.891089719720185 ], [ 696067.113514613476582, 2428500.113514613360167 ], [ 696066.891089719953015, 2428500.358922665938735 ], [ 696066.693790058488958, 2428500.624950463417917 ], [ 696066.523515732842498, 2428500.909036013297737 ], [ 696066.381906577735208, 2428501.208443415816873 ], [ 696066.270326366880909, 2428501.520289214327931 ], [ 696066.189849678659812, 2428501.841570163145661 ], [ 696066.141251547494903, 2428502.169192151166499 ], [ 696066.125, 2428502.5 ], [ 696066.141251547494903, 2428502.830807848833501 ], [ 696066.189849678659812, 2428503.158429836854339 ], [ 696066.270326366880909, 2428503.479710785672069 ], [ 696066.381906577735208, 2428503.791556584183127 ], [ 696066.523515732842498, 2428504.090963986702263 ], [ 696066.693790058488958, 2428504.375049536582083 ], [ 696066.891089719953015, 2428504.641077334061265 ], [ 696067.113514613476582, 2428504.886485386639833 ], [ 696067.358922665938735, 2428505.108910280279815 ], [ 696067.624950463534333, 2428505.306209941394627 ], [ 696067.909036013181321, 2428505.476484267041087 ], [ 696068.208443415816873, 2428505.618093422148377 ], [ 696068.520289214211516, 2428505.729673632886261 ], [ 696068.841570163145661, 2428505.810150321573019 ], [ 696069.169192151399329, 2428505.858748452737927 ], [ 696069.5, 2428505.875 ], [ 696069.830807848600671, 2428505.858748452737927 ], [ 696070.158429836854339, 2428505.810150321573019 ], [ 696070.479710785788484, 2428505.729673632886261 ], [ 696070.791556584183127, 2428505.618093422148377 ], [ 696071.090963986818679, 2428505.476484267041087 ], [ 696071.375049536465667, 2428505.306209941394627 ], [ 696071.641077334061265, 2428505.108910280279815 ], [ 696071.886485386523418, 2428504.886485386639833 ], [ 696072.108910280046985, 2428504.641077334061265 ], [ 696072.306209941511042, 2428504.375049536582083 ], [ 696072.476484267157502, 2428504.090963986702263 ], [ 696072.618093422264792, 2428503.791556584183127 ], [ 696072.729673633119091, 2428503.479710785672069 ], [ 696072.810150321340188, 2428503.158429836854339 ], [ 696072.858748452505097, 2428502.830807848833501 ], [ 696072.875, 2428502.5 ] ] ] } },
{ "type": "Feature", "properties": { "xmin": 796.6228, "ymin": 177.2916, "xmax": 811.86469, "ymax": 192.62143, "score": 0.31024095, "label": "Tree", "tile_idx": 2, "geo_xmin": 696214.19, "geo_ymin": 2428604.8, "geo_xmax": 696218.31, "geo_ymax": 2428609.0, "center_x": 696216.25, "center_y": 2428607.0, "width_m": 4.125, "height_m": 4.25, "crown_diameter_m": 4.1870337, "lon": 88.9000299418461, "lat": 21.950883980719155, "crown_area_raw_m2": 13.769012, "crown_area_calibrated_m2": 16.522816, "agb_tree_kg": 22.522392331615986 }, "geometry": { "type": "Polygon", "coordinates": [ [ [ 696218.3125, 2428607.0 ], [ 696218.30256849876605, 2428606.791713576763868 ], [ 696218.272869640844874, 2428606.585433065891266 ], [ 696218.223689442500472, 2428606.383145060855895 ], [ 696218.155501535860822, 2428606.186797706410289 ], [ 696218.06896260776557, 2428605.998281934298575 ], [ 696217.964906075387262, 2428605.819413254968822 ], [ 696217.844334060093388, 2428605.651914271060377 ], [ 696217.708407736150548, 2428605.497398090083152 ], [ 696217.558436148567125, 2428605.357352786697447 ], [ 696217.395863605546765, 2428605.233127073850483 ], [ 696217.222255769651383, 2428605.125917313154787 ], [ 696217.039284579223022, 2428605.036755993496627 ], [ 696216.848712146864273, 2428604.966501786373556 ], [ 696216.652373789111152, 2428604.915831279009581 ], [ 696216.452160351909697, 2428604.885232456028461 ], [ 696216.25, 2428604.875 ], [ 696216.047839648090303, 2428604.885232456028461 ], [ 696215.847626210888848, 2428604.915831279009581 ], [ 696215.651287853135727, 2428604.966501786373556 ], [ 696215.460715420776978, 2428605.036755993496627 ], [ 696215.277744230348617, 2428605.125917313154787 ], [ 696215.104136394453235, 2428605.233127073850483 ], [ 696214.941563851432875, 2428605.357352786697447 ], [ 696214.791592263849452, 2428605.497398090083152 ], [ 696214.655665939906612, 2428605.651914271060377 ], [ 696214.535093924612738, 2428605.819413254968822 ], [ 696214.43103739223443, 2428605.998281934298575 ], [ 696214.344498464139178, 2428606.186797706410289 ], [ 696214.276310557499528, 2428606.383145060855895 ], [ 696214.227130359155126, 2428606.585433065891266 ], [ 696214.19743150123395, 2428606.791713576763868 ], [ 696214.1875, 2428607.0 ], [ 696214.19743150123395, 2428607.208286423236132 ], [ 696214.227130359155126, 2428607.414566934108734 ], [ 696214.276310557499528, 2428607.616854939144105 ], [ 696214.344498464139178, 2428607.813202293589711 ], [ 696214.43103739223443, 2428608.001718065701425 ], [ 696214.535093924612738, 2428608.180586745031178 ], [ 696214.655665939906612, 2428608.348085728939623 ], [ 696214.791592263849452, 2428608.502601909916848 ], [ 696214.941563851432875, 2428608.642647213302553 ], [ 696215.104136394453235, 2428608.766872926149517 ], [ 696215.277744230348617, 2428608.874082686845213 ], [ 696215.460715420776978, 2428608.963244006503373 ], [ 696215.651287853135727, 2428609.033498213626444 ], [ 696215.847626210888848, 2428609.084168720990419 ], [ 696216.047839648090303, 2428609.114767543971539 ], [ 696216.25, 2428609.125 ], [ 696216.452160351909697, 2428609.114767543971539 ], [ 696216.652373789111152, 2428609.084168720990419 ], [ 696216.848712146864273, 2428609.033498213626444 ], [ 696217.039284579223022, 2428608.963244006503373 ], [ 696217.222255769651383, 2428608.874082686845213 ], [ 696217.395863605546765, 2428608.766872926149517 ], [ 696217.558436148567125, 2428608.642647213302553 ], [ 696217.708407736150548, 2428608.502601909916848 ], [ 696217.844334060093388, 2428608.348085728939623 ], [ 696217.964906075387262, 2428608.180586745031178 ], [ 696218.06896260776557, 2428608.001718065701425 ], [ 696218.155501535860822, 2428607.813202293589711 ], [ 696218.223689442500472, 2428607.616854939144105 ], [ 696218.272869640844874, 2428607.414566934108734 ], [ 696218.30256849876605, 2428607.208286423236132 ], [ 696218.3125, 2428607.0 ] ] ] } },
{ "type": "Feature", "properties": { "xmin": 531.57629, "ymin": 791.92322, "xmax": 550.1347, "ymax": 810.69745, "score": 0.31022802, "label": "Tree", "tile_idx": 9, "geo_xmin": 696142.62, "geo_ymin": 2428437.8, "geo_xmax": 696147.69, "geo_ymax": 2428443.0, "center_x": 696145.12, "center_y": 2428440.5, "width_m": 5.0625, "height_m": 5.25, "crown_diameter_m": 5.1553979, "lon": 88.899321525511724, "lat": 21.949388509410898, "crown_area_raw_m2": 20.874411, "crown_area_calibrated_m2": 25.049294, "agb_tree_kg": 37.138957925637278 }, "geometry": { "type": "Polygon", "coordinates": [ [ [ 696147.65625, 2428440.5 ], [ 696147.64406133943703, 2428440.242705006618053 ], [ 696147.607612741063349, 2428439.987887904513627 ], [ 696147.547255224781111, 2428439.738002722151577 ], [ 696147.463570066611283, 2428439.49545599007979 ], [ 696147.357363200397231, 2428439.26258356589824 ], [ 696147.229657456162386, 2428439.041628138162196 ], [ 696147.081682710093446, 2428438.83471762901172 ], [ 696146.91486403986346, 2428438.64384469948709 ], [ 696146.730808000545949, 2428438.470847560092807 ], [ 696146.531287152320147, 2428438.317392267752439 ], [ 696146.318222990143113, 2428438.184956680983305 ], [ 696146.093667438137345, 2428438.074816226959229 ], [ 696145.859783089254051, 2428437.988031618762761 ], [ 696145.618822377640754, 2428437.925438638776541 ], [ 696145.373105886508711, 2428437.887640092521906 ], [ 696145.125, 2428437.875 ], [ 696144.876894113491289, 2428437.887640092521906 ], [ 696144.631177622359246, 2428437.925438638776541 ], [ 696144.390216910745949, 2428437.988031618762761 ], [ 696144.156332561862655, 2428438.074816226959229 ], [ 696143.931777009856887, 2428438.184956680983305 ], [ 696143.718712847679853, 2428438.317392267752439 ], [ 696143.519191999454051, 2428438.470847560092807 ], [ 696143.33513596013654, 2428438.64384469948709 ], [ 696143.168317289906554, 2428438.83471762901172 ], [ 696143.020342543837614, 2428439.041628138162196 ], [ 696142.892636799602769, 2428439.26258356589824 ], [ 696142.786429933388717, 2428439.49545599007979 ], [ 696142.702744775218889, 2428439.738002722151577 ], [ 696142.642387258936651, 2428439.987887904513627 ], [ 696142.60593866056297, 2428440.242705006618053 ], [ 696142.59375, 2428440.5 ], [ 696142.60593866056297, 2428440.757294993381947 ], [ 696142.642387258936651, 2428441.012112095486373 ], [ 696142.702744775218889, 2428441.261997277848423 ], [ 696142.786429933388717, 2428441.50454400992021 ], [ 696142.892636799602769, 2428441.73741643410176 ], [ 696143.020342543837614, 2428441.958371861837804 ], [ 696143.168317289906554, 2428442.16528237098828 ], [ 696143.33513596013654, 2428442.35615530051291 ], [ 696143.519191999454051, 2428442.529152439907193 ], [ 696143.718712847679853, 2428442.682607732247561 ], [ 696143.931777009856887, 2428442.815043319016695 ], [ 696144.156332561862655, 2428442.925183773040771 ], [ 696144.390216910745949, 2428443.011968381237239 ], [ 696144.631177622359246, 2428443.074561361223459 ], [ 696144.876894113491289, 2428443.112359907478094 ], [ 696145.125, 2428443.125 ], [ 696145.373105886508711, 2428443.112359907478094 ], [ 696145.618822377640754, 2428443.074561361223459 ], [ 696145.859783089254051, 2428443.011968381237239 ], [ 696146.093667438137345, 2428442.925183773040771 ], [ 696146.318222990143113, 2428442.815043319016695 ], [ 696146.531287152320147, 2428442.682607732247561 ], [ 696146.730808000545949, 2428442.529152439907193 ], [ 696146.91486403986346, 2428442.35615530051291 ], [ 696147.081682710093446, 2428442.16528237098828 ], [ 696147.229657456162386, 2428441.958371861837804 ], [ 696147.357363200397231, 2428441.73741643410176 ], [ 696147.463570066611283, 2428441.50454400992021 ], [ 696147.547255224781111, 2428441.261997277848423 ], [ 696147.607612741063349, 2428441.012112095486373 ], [ 696147.64406133943703, 2428440.757294993381947 ], [ 696147.65625, 2428440.5 ] ] ] } },
{ "type": "Feature", "properties": { "xmin": 764.48431, "ymin": 590.55286, "xmax": 781.32184, "ymax": 608.01917, "score": 0.30945212, "label": "Tree", "tile_idx": 6, "geo_xmin": 696205.56, "geo_ymin": 2428492.5, "geo_xmax": 696210.06, "geo_ymax": 2428497.2, "center_x": 696207.81, "center_y": 2428495.0, "width_m": 4.5, "height_m": 4.75, "crown_diameter_m": 4.6233106, "lon": 88.899934830323858, "lat": 21.949873606837706, "crown_area_raw_m2": 16.787886, "crown_area_calibrated_m2": 20.145464, "agb_tree_kg": 28.582392887758836 }, "geometry": { "type": "Polygon", "coordinates": [ [ [ 696210.0625, 2428495.0 ], [ 696210.051665634964593, 2428494.767209291923791 ], [ 696210.019266880932264, 2428494.536660485435277 ], [ 696209.965615755412728, 2428494.310573891736567 ], [ 696209.891228948137723, 2428494.091126848012209 ], [ 696209.796822844771668, 2428493.880432750098407 ], [ 696209.683306627674028, 2428493.680520696565509 ], [ 696209.551773520070128, 2428493.493315950036049 ], [ 696209.403490257682279, 2428493.32062139455229 ], [ 696209.239884889335372, 2428493.164100173395127 ], [ 696209.06253302434925, 2428493.025259670801461 ], [ 696208.873142657801509, 2428492.905436997301877 ], [ 696208.673537722788751, 2428492.805786110460758 ], [ 696208.465640523820184, 2428492.727266702800989 ], [ 696208.251453224569559, 2428492.670634958893061 ], [ 696208.033038565772586, 2428492.636436274275184 ], [ 696207.8125, 2428492.625 ], [ 696207.591961434227414, 2428492.636436274275184 ], [ 696207.373546775430441, 2428492.670634958893061 ], [ 696207.159359476179816, 2428492.727266702800989 ], [ 696206.951462277211249, 2428492.805786110460758 ], [ 696206.751857342198491, 2428492.905436997301877 ], [ 696206.56246697565075, 2428493.025259670801461 ], [ 696206.385115110664628, 2428493.164100173395127 ], [ 696206.221509742317721, 2428493.32062139455229 ], [ 696206.073226479929872, 2428493.493315950036049 ], [ 696205.941693372325972, 2428493.680520696565509 ], [ 696205.828177155228332, 2428493.880432750098407 ], [ 696205.733771051862277, 2428494.091126848012209 ], [ 696205.659384244587272, 2428494.310573891736567 ], [ 696205.605733119067736, 2428494.536660485435277 ], [ 696205.573334365035407, 2428494.767209291923791 ], [ 696205.5625, 2428495.0 ], [ 696205.573334365035407, 2428495.232790708076209 ], [ 696205.605733119067736, 2428495.463339514564723 ], [ 696205.659384244587272, 2428495.689426108263433 ], [ 696205.733771051862277, 2428495.908873151987791 ], [ 696205.828177155228332, 2428496.119567249901593 ], [ 696205.941693372325972, 2428496.319479303434491 ], [ 696206.073226479929872, 2428496.506684049963951 ], [ 696206.221509742317721, 2428496.67937860544771 ], [ 696206.385115110664628, 2428496.835899826604873 ], [ 696206.56246697565075, 2428496.974740329198539 ], [ 696206.751857342198491, 2428497.094563002698123 ], [ 696206.951462277211249, 2428497.194213889539242 ], [ 696207.159359476179816, 2428497.272733297199011 ], [ 696207.373546775430441, 2428497.329365041106939 ], [ 696207.591961434227414, 2428497.363563725724816 ], [ 696207.8125, 2428497.375 ], [ 696208.033038565772586, 2428497.363563725724816 ], [ 696208.251453224569559, 2428497.329365041106939 ], [ 696208.465640523820184, 2428497.272733297199011 ], [ 696208.673537722788751, 2428497.194213889539242 ], [ 696208.873142657801509, 2428497.094563002698123 ], [ 696209.06253302434925, 2428496.974740329198539 ], [ 696209.239884889335372, 2428496.835899826604873 ], [ 696209.403490257682279, 2428496.67937860544771 ], [ 696209.551773520070128, 2428496.506684049963951 ], [ 696209.683306627674028, 2428496.319479303434491 ], [ 696209.796822844771668, 2428496.119567249901593 ], [ 696209.891228948137723, 2428495.908873151987791 ], [ 696209.965615755412728, 2428495.689426108263433 ], [ 696210.019266880932264, 2428495.463339514564723 ], [ 696210.051665634964593, 2428495.232790708076209 ], [ 696210.0625, 2428495.0 ] ] ] } },
{ "type": "Feature", "properties": { "xmin": 487.3266, "ymin": 811.3584, "xmax": 503.09927, "ymax": 827.52399, "score": 0.30901363, "label": "Tree", "tile_idx": 13, "geo_xmin": 696130.69, "geo_ymin": 2428433.2, "geo_xmax": 696134.94, "geo_ymax": 2428437.8, "center_x": 696132.81, "center_y": 2428435.5, "width_m": 4.25, "height_m": 4.5, "crown_diameter_m": 4.3732138, "lon": 88.899201750680007, "lat": 21.949344739281553, "crown_area_raw_m2": 15.020741, "crown_area_calibrated_m2": 18.024889, "agb_tree_kg": 25.005544098899716 }, "geometry": { "type": "Polygon", "coordinates": [ [ [ 696134.9375, 2428435.5 ], [ 696134.927267544204369, 2428435.279461434110999 ], [ 696134.896668720874004, 2428435.061046775430441 ], [ 696134.845998213393614, 2428434.846859476063401 ], [ 696134.775744006619789, 2428434.638962277211249 ], [ 696134.686582686728798, 2428434.439357342198491 ], [ 696134.579372926149517, 2428434.249966975767165 ], [ 696134.455147213418968, 2428434.072615110781044 ], [ 696134.315101910033263, 2428433.909009742550552 ], [ 696134.160585728823207, 2428433.760726479813457 ], [ 696133.993086745147593, 2428433.629193372093141 ], [ 696133.814218065701425, 2428433.515677154995501 ], [ 696133.625702293822542, 2428433.421271051745862 ], [ 696133.429354939144105, 2428433.346884244587272 ], [ 696133.227066934341565, 2428433.293233118951321 ], [ 696133.020786423236132, 2428433.260834365151823 ], [ 696132.8125, 2428433.25 ], [ 696132.604213576763868, 2428433.260834365151823 ], [ 696132.397933065658435, 2428433.293233118951321 ], [ 696132.195645060855895, 2428433.346884244587272 ], [ 696131.999297706177458, 2428433.421271051745862 ], [ 696131.810781934298575, 2428433.515677154995501 ], [ 696131.631913254852407, 2428433.629193372093141 ], [ 696131.464414271176793, 2428433.760726479813457 ], [ 696131.309898089966737, 2428433.909009742550552 ], [ 696131.169852786581032, 2428434.072615110781044 ], [ 696131.045627073850483, 2428434.249966975767165 ], [ 696130.938417313271202, 2428434.439357342198491 ], [ 696130.849255993380211, 2428434.638962277211249 ], [ 696130.779001786606386, 2428434.846859476063401 ], [ 696130.728331279125996, 2428435.061046775430441 ], [ 696130.697732455795631, 2428435.279461434110999 ], [ 696130.6875, 2428435.5 ], [ 696130.697732455795631, 2428435.720538565889001 ], [ 696130.728331279125996, 2428435.938953224569559 ], [ 696130.779001786606386, 2428436.153140523936599 ], [ 696130.849255993380211, 2428436.361037722788751 ], [ 696130.938417313271202, 2428436.560642657801509 ], [ 696131.045627073850483, 2428436.750033024232835 ], [ 696131.169852786581032, 2428436.927384889218956 ], [ 696131.309898089966737, 2428437.090990257449448 ], [ 696131.464414271176793, 2428437.239273520186543 ], [ 696131.631913254852407, 2428437.370806627906859 ], [ 696131.810781934298575, 2428437.484322845004499 ], [ 696131.999297706177458, 2428437.578728948254138 ], [ 696132.195645060855895, 2428437.653115755412728 ], [ 696132.397933065658435, 2428437.706766881048679 ], [ 696132.604213576763868, 2428437.739165634848177 ], [ 696132.8125, 2428437.75 ], [ 696133.020786423236132, 2428437.739165634848177 ], [ 696133.227066934341565, 2428437.706766881048679 ], [ 696133.429354939144105, 2428437.653115755412728 ], [ 696133.625702293822542, 2428437.578728948254138 ], [ 696133.814218065701425, 2428437.484322845004499 ], [ 696133.993086745147593, 2428437.370806627906859 ], [ 696134.160585728823207, 2428437.239273520186543 ], [ 696134.315101910033263, 2428437.090990257449448 ], [ 696134.455147213418968, 2428436.927384889218956 ], [ 696134.579372926149517, 2428436.750033024232835 ], [ 696134.686582686728798, 2428436.560642657801509 ], [ 696134.775744006619789, 2428436.361037722788751 ], [ 696134.845998213393614, 2428436.153140523936599 ], [ 696134.896668720874004, 2428435.938953224569559 ], [ 696134.927267544204369, 2428435.720538565889001 ], [ 696134.9375, 2428435.5 ] ] ] } },
{ "type": "Feature", "properties": { "xmin": 259.75052, "ymin": 806.31091, "xmax": 275.09164, "ymax": 822.64783, "score": 0.3088688, "label": "Tree", "tile_idx": 12, "geo_xmin": 696069.25, "geo_ymin": 2428434.8, "geo_xmax": 696073.38, "geo_ymax": 2428439.0, "center_x": 696071.31, "center_y": 2428437.0, "width_m": 4.125, "height_m": 4.25, "crown_diameter_m": 4.1870337, "lon": 88.898606660669401, "lat": 21.949365165685137, "crown_area_raw_m2": 13.769012, "crown_area_calibrated_m2": 16.522816, "agb_tree_kg": 22.522392331615986 }, "geometry": { "type": "Polygon", "coordinates": [ [ [ 696073.375, 2428437.0 ], [ 696073.36506849876605, 2428436.791713576763868 ], [ 696073.335369640844874, 2428436.585433065891266 ], [ 696073.286189442500472, 2428436.383145060855895 ], [ 696073.218001535860822, 2428436.186797706410289 ], [ 696073.13146260776557, 2428435.998281934298575 ], [ 696073.027406075387262, 2428435.819413254968822 ], [ 696072.906834060093388, 2428435.651914271060377 ], [ 696072.770907736150548, 2428435.497398090083152 ], [ 696072.620936148567125, 2428435.357352786697447 ], [ 696072.458363605546765, 2428435.233127073850483 ], [ 696072.284755769651383, 2428435.125917313154787 ], [ 696072.101784579223022, 2428435.036755993496627 ], [ 696071.911212146864273, 2428434.966501786373556 ], [ 696071.714873789111152, 2428434.915831279009581 ], [ 696071.514660351909697, 2428434.885232456028461 ], [ 696071.3125, 2428434.875 ], [ 696071.110339648090303, 2428434.885232456028461 ], [ 696070.910126210888848, 2428434.915831279009581 ], [ 696070.713787853135727, 2428434.966501786373556 ], [ 696070.523215420776978, 2428435.036755993496627 ], [ 696070.340244230348617, 2428435.125917313154787 ], [ 696070.166636394453235, 2428435.233127073850483 ], [ 696070.004063851432875, 2428435.357352786697447 ], [ 696069.854092263849452, 2428435.497398090083152 ], [ 696069.718165939906612, 2428435.651914271060377 ], [ 696069.597593924612738, 2428435.819413254968822 ], [ 696069.49353739223443, 2428435.998281934298575 ], [ 696069.406998464139178, 2428436.186797706410289 ], [ 696069.338810557499528, 2428436.383145060855895 ], [ 696069.289630359155126, 2428436.585433065891266 ], [ 696069.25993150123395, 2428436.791713576763868 ], [ 696069.25, 2428437.0 ], [ 696069.25993150123395, 2428437.208286423236132 ], [ 696069.289630359155126, 2428437.414566934108734 ], [ 696069.338810557499528, 2428437.616854939144105 ], [ 696069.406998464139178, 2428437.813202293589711 ], [ 696069.49353739223443, 2428438.001718065701425 ], [ 696069.597593924612738, 2428438.180586745031178 ], [ 696069.718165939906612, 2428438.348085728939623 ], [ 696069.854092263849452, 2428438.502601909916848 ], [ 696070.004063851432875, 2428438.642647213302553 ], [ 696070.166636394453235, 2428438.766872926149517 ], [ 696070.340244230348617, 2428438.874082686845213 ], [ 696070.523215420776978, 2428438.963244006503373 ], [ 696070.713787853135727, 2428439.033498213626444 ], [ 696070.910126210888848, 2428439.084168720990419 ], [ 696071.110339648090303, 2428439.114767543971539 ], [ 696071.3125, 2428439.125 ], [ 696071.514660351909697, 2428439.114767543971539 ], [ 696071.714873789111152, 2428439.084168720990419 ], [ 696071.911212146864273, 2428439.033498213626444 ], [ 696072.101784579223022, 2428438.963244006503373 ], [ 696072.284755769651383, 2428438.874082686845213 ], [ 696072.458363605546765, 2428438.766872926149517 ], [ 696072.620936148567125, 2428438.642647213302553 ], [ 696072.770907736150548, 2428438.502601909916848 ], [ 696072.906834060093388, 2428438.348085728939623 ], [ 696073.027406075387262, 2428438.180586745031178 ], [ 696073.13146260776557, 2428438.001718065701425 ], [ 696073.218001535860822, 2428437.813202293589711 ], [ 696073.286189442500472, 2428437.616854939144105 ], [ 696073.335369640844874, 2428437.414566934108734 ], [ 696073.36506849876605, 2428437.208286423236132 ], [ 696073.375, 2428437.0 ] ] ] } },
{ "type": "Feature", "properties": { "xmin": 267.04047, "ymin": 781.32928, "xmax": 285.84381, "ymax": 800.91364, "score": 0.30766705, "label": "Tree", "tile_idx": 12, "geo_xmin": 696071.25, "geo_ymin": 2428440.5, "geo_xmax": 696076.31, "geo_ymax": 2428445.8, "center_x": 696073.75, "center_y": 2428443.0, "width_m": 5.0625, "height_m": 5.25, "crown_diameter_m": 5.1553979, "lon": 88.898630973295965, "lat": 21.949419070798715, "crown_area_raw_m2": 20.874411, "crown_area_calibrated_m2": 25.049294, "agb_tree_kg": 37.138957925637278 }, "geometry": { "type": "Polygon", "coordinates": [ [ [ 696076.28125, 2428443.0 ], [ 696076.26906133943703, 2428442.742705006618053 ], [ 696076.232612741063349, 2428442.487887904513627 ], [ 696076.172255224781111, 2428442.238002722151577 ], [ 696076.088570066611283, 2428441.99545599007979 ], [ 696075.982363200397231, 2428441.76258356589824 ], [ 696075.854657456162386, 2428441.541628138162196 ], [ 696075.706682710093446, 2428441.33471762901172 ], [ 696075.53986403986346, 2428441.14384469948709 ], [ 696075.355808000545949, 2428440.970847560092807 ], [ 696075.156287152320147, 2428440.817392267752439 ], [ 696074.943222990143113, 2428440.684956680983305 ], [ 696074.718667438137345, 2428440.574816226959229 ], [ 696074.484783089254051, 2428440.488031618762761 ], [ 696074.243822377640754, 2428440.425438638776541 ], [ 696073.998105886508711, 2428440.387640092521906 ], [ 696073.75, 2428440.375 ], [ 696073.501894113491289, 2428440.387640092521906 ], [ 696073.256177622359246, 2428440.425438638776541 ], [ 696073.015216910745949, 2428440.488031618762761 ], [ 696072.781332561862655, 2428440.574816226959229 ], [ 696072.556777009856887, 2428440.684956680983305 ], [ 696072.343712847679853, 2428440.817392267752439 ], [ 696072.144191999454051, 2428440.970847560092807 ], [ 696071.96013596013654, 2428441.14384469948709 ], [ 696071.793317289906554, 2428441.33471762901172 ], [ 696071.645342543837614, 2428441.541628138162196 ], [ 696071.517636799602769, 2428441.76258356589824 ], [ 696071.411429933388717, 2428441.99545599007979 ], [ 696071.327744775218889, 2428442.238002722151577 ], [ 696071.267387258936651, 2428442.487887904513627 ], [ 696071.23093866056297, 2428442.742705006618053 ], [ 696071.21875, 2428443.0 ], [ 696071.23093866056297, 2428443.257294993381947 ], [ 696071.267387258936651, 2428443.512112095486373 ], [ 696071.327744775218889, 2428443.761997277848423 ], [ 696071.411429933388717, 2428444.00454400992021 ], [ 696071.517636799602769, 2428444.23741643410176 ], [ 696071.645342543837614, 2428444.458371861837804 ], [ 696071.793317289906554, 2428444.66528237098828 ], [ 696071.96013596013654, 2428444.85615530051291 ], [ 696072.144191999454051, 2428445.029152439907193 ], [ 696072.343712847679853, 2428445.182607732247561 ], [ 696072.556777009856887, 2428445.315043319016695 ], [ 696072.781332561862655, 2428445.425183773040771 ], [ 696073.015216910745949, 2428445.511968381237239 ], [ 696073.256177622359246, 2428445.574561361223459 ], [ 696073.501894113491289, 2428445.612359907478094 ], [ 696073.75, 2428445.625 ], [ 696073.998105886508711, 2428445.612359907478094 ], [ 696074.243822377640754, 2428445.574561361223459 ], [ 696074.484783089254051, 2428445.511968381237239 ], [ 696074.718667438137345, 2428445.425183773040771 ], [ 696074.943222990143113, 2428445.315043319016695 ], [ 696075.156287152320147, 2428445.182607732247561 ], [ 696075.355808000545949, 2428445.029152439907193 ], [ 696075.53986403986346, 2428444.85615530051291 ], [ 696075.706682710093446, 2428444.66528237098828 ], [ 696075.854657456162386, 2428444.458371861837804 ], [ 696075.982363200397231, 2428444.23741643410176 ], [ 696076.088570066611283, 2428444.00454400992021 ], [ 696076.172255224781111, 2428443.761997277848423 ], [ 696076.232612741063349, 2428443.512112095486373 ], [ 696076.26906133943703, 2428443.257294993381947 ], [ 696076.28125, 2428443.0 ] ] ] } },
{ "type": "Feature", "properties": { "xmin": 711.16034, "ymin": 573.69702, "xmax": 729.617, "ymax": 592.49097, "score": 0.30745322, "label": "Tree", "tile_idx": 7, "geo_xmin": 696191.12, "geo_ymin": 2428496.8, "geo_xmax": 696196.12, "geo_ymax": 2428501.8, "center_x": 696193.62, "center_y": 2428499.2, "width_m": 5.0, "height_m": 5.0, "crown_diameter_m": 5.0, "lon": 88.899798016497257, "lat": 21.949913571217539, "crown_area_raw_m2": 19.634954, "crown_area_calibrated_m2": 23.561947, "agb_tree_kg": 34.504465191102682 }, "geometry": { "type": "Polygon", "coordinates": [ [ [ 696196.125, 2428499.25 ], [ 696196.112961816717871, 2428499.004957149270922 ], [ 696196.076963201048784, 2428498.762274194974452 ], [ 696196.01735083933454, 2428498.524288306944072 ], [ 696195.934698831290007, 2428498.29329141927883 ], [ 696195.829803160857409, 2428498.071508157998323 ], [ 696195.70367403072305, 2428497.861074417363852 ], [ 696195.557526133372448, 2428497.664016789756715 ], [ 696195.39276695298031, 2428497.48223304701969 ], [ 696195.2109832103597, 2428497.317473866511136 ], [ 696195.013925582519732, 2428497.171325969044119 ], [ 696194.803491842118092, 2428497.045196839142591 ], [ 696194.581708580954, 2428496.940301168709993 ], [ 696194.350711693172343, 2428496.857649160549045 ], [ 696194.112725805025548, 2428496.798036798834801 ], [ 696193.870042850845493, 2428496.762038183398545 ], [ 696193.625, 2428496.75 ], [ 696193.379957149154507, 2428496.762038183398545 ], [ 696193.137274194974452, 2428496.798036798834801 ], [ 696192.899288306827657, 2428496.857649160549045 ], [ 696192.668291419046, 2428496.940301168709993 ], [ 696192.446508157881908, 2428497.045196839142591 ], [ 696192.236074417480268, 2428497.171325969044119 ], [ 696192.0390167896403, 2428497.317473866511136 ], [ 696191.85723304701969, 2428497.48223304701969 ], [ 696191.692473866627552, 2428497.664016789756715 ], [ 696191.54632596927695, 2428497.861074417363852 ], [ 696191.420196839142591, 2428498.071508157998323 ], [ 696191.315301168709993, 2428498.29329141927883 ], [ 696191.23264916066546, 2428498.524288306944072 ], [ 696191.173036798951216, 2428498.762274194974452 ], [ 696191.137038183282129, 2428499.004957149270922 ], [ 696191.125, 2428499.25 ], [ 696191.137038183282129, 2428499.495042850729078 ], [ 696191.173036798951216, 2428499.737725805025548 ], [ 696191.23264916066546, 2428499.975711693055928 ], [ 696191.315301168709993, 2428500.20670858072117 ], [ 696191.420196839142591, 2428500.428491842001677 ], [ 696191.54632596927695, 2428500.638925582636148 ], [ 696191.692473866627552, 2428500.835983210243285 ], [ 696191.85723304701969, 2428501.01776695298031 ], [ 696192.0390167896403, 2428501.182526133488864 ], [ 696192.236074417480268, 2428501.328674030955881 ], [ 696192.446508157881908, 2428501.454803160857409 ], [ 696192.668291419046, 2428501.559698831290007 ], [ 696192.899288306827657, 2428501.642350839450955 ], [ 696193.137274194974452, 2428501.701963201165199 ], [ 696193.379957149154507, 2428501.737961816601455 ], [ 696193.625, 2428501.75 ], [ 696193.870042850845493, 2428501.737961816601455 ], [ 696194.112725805025548, 2428501.701963201165199 ], [ 696194.350711693172343, 2428501.642350839450955 ], [ 696194.581708580954, 2428501.559698831290007 ], [ 696194.803491842118092, 2428501.454803160857409 ], [ 696195.013925582519732, 2428501.328674030955881 ], [ 696195.2109832103597, 2428501.182526133488864 ], [ 696195.39276695298031, 2428501.01776695298031 ], [ 696195.557526133372448, 2428500.835983210243285 ], [ 696195.70367403072305, 2428500.638925582636148 ], [ 696195.829803160857409, 2428500.428491842001677 ], [ 696195.934698831290007, 2428500.20670858072117 ], [ 696196.01735083933454, 2428499.975711693055928 ], [ 696196.076963201048784, 2428499.737725805025548 ], [ 696196.112961816717871, 2428499.495042850729078 ], [ 696196.125, 2428499.25 ] ] ] } },
{ "type": "Feature", "properties": { "xmin": 337.5491, "ymin": 828.84814, "xmax": 358.08759, "ymax": 850.25287, "score": 0.3066394, "label": "Tree", "tile_idx": 9, "geo_xmin": 696090.25, "geo_ymin": 2428427.2, "geo_xmax": 696095.81, "geo_ymax": 2428433.0, "center_x": 696093.0, "center_y": 2428430.0, "width_m": 5.5625, "height_m": 5.75, "crown_diameter_m": 5.6554732, "lon": 88.898815738433171, "lat": 21.94929953159939, "crown_area_raw_m2": 25.12047, "crown_area_calibrated_m2": 30.144566, "agb_tree_kg": 46.396665433917157 }, "geometry": { "type": "Polygon", "coordinates": [ [ [ 696095.78125, 2428430.0 ], [ 696095.767857521073893, 2428429.718200721777976 ], [ 696095.727809061063454, 2428429.439115324057639 ], [ 696095.661490308702923, 2428429.165431553032249 ], [ 696095.569539949763566, 2428428.899785132147372 ], [ 696095.452843516482972, 2428428.644734381698072 ], [ 696095.312524859211408, 2428428.402735580224544 ], [ 696095.149935323395766, 2428428.176119307987392 ], [ 696094.966640735161491, 2428427.967068003956228 ], [ 696094.764406321570277, 2428427.777594946790487 ], [ 696094.545179710607044, 2428427.609524864703417 ], [ 696094.31107217434328, 2428427.464476365130395 ], [ 696094.064338296302594, 2428427.34384634392336 ], [ 696093.80735425860621, 2428427.248796534724534 ], [ 696093.542594958096743, 2428427.180242318660021 ], [ 696093.272610171581618, 2428427.138843910768628 ], [ 696093.0, 2428427.125 ], [ 696092.727389828418382, 2428427.138843910768628 ], [ 696092.457405041903257, 2428427.180242318660021 ], [ 696092.19264574139379, 2428427.248796534724534 ], [ 696091.935661703697406, 2428427.34384634392336 ], [ 696091.68892782565672, 2428427.464476365130395 ], [ 696091.454820289392956, 2428427.609524864703417 ], [ 696091.235593678429723, 2428427.777594946790487 ], [ 696091.033359264838509, 2428427.967068003956228 ], [ 696090.850064676604234, 2428428.176119307987392 ], [ 696090.687475140788592, 2428428.402735580224544 ], [ 696090.547156483517028, 2428428.644734381698072 ], [ 696090.430460050236434, 2428428.899785132147372 ], [ 696090.338509691297077, 2428429.165431553032249 ], [ 696090.272190938936546, 2428429.439115324057639 ], [ 696090.232142478926107, 2428429.718200721777976 ], [ 696090.21875, 2428430.0 ], [ 696090.232142478926107, 2428430.281799278222024 ], [ 696090.272190938936546, 2428430.560884675942361 ], [ 696090.338509691297077, 2428430.834568446967751 ], [ 696090.430460050236434, 2428431.100214867852628 ], [ 696090.547156483517028, 2428431.355265618301928 ], [ 696090.687475140788592, 2428431.597264419775456 ], [ 696090.850064676604234, 2428431.823880692012608 ], [ 696091.033359264838509, 2428432.032931996043772 ], [ 696091.235593678429723, 2428432.222405053209513 ], [ 696091.454820289392956, 2428432.390475135296583 ], [ 696091.68892782565672, 2428432.535523634869605 ], [ 696091.935661703697406, 2428432.65615365607664 ], [ 696092.19264574139379, 2428432.751203465275466 ], [ 696092.457405041903257, 2428432.819757681339979 ], [ 696092.727389828418382, 2428432.861156089231372 ], [ 696093.0, 2428432.875 ], [ 696093.272610171581618, 2428432.861156089231372 ], [ 696093.542594958096743, 2428432.819757681339979 ], [ 696093.80735425860621, 2428432.751203465275466 ], [ 696094.064338296302594, 2428432.65615365607664 ], [ 696094.31107217434328, 2428432.535523634869605 ], [ 696094.545179710607044, 2428432.390475135296583 ], [ 696094.764406321570277, 2428432.222405053209513 ], [ 696094.966640735161491, 2428432.032931996043772 ], [ 696095.149935323395766, 2428431.823880692012608 ], [ 696095.312524859211408, 2428431.597264419775456 ], [ 696095.452843516482972, 2428431.355265618301928 ], [ 696095.569539949763566, 2428431.100214867852628 ], [ 696095.661490308702923, 2428430.834568446967751 ], [ 696095.727809061063454, 2428430.560884675942361 ], [ 696095.767857521073893, 2428430.281799278222024 ], [ 696095.78125, 2428430.0 ] ] ] } },
{ "type": "Feature", "properties": { "xmin": 985.20605, "ymin": 560.86847, "xmax": 1013.1807, "ymax": 590.3429, "score": 0.30610198, "label": "Tree", "tile_idx": 6, "geo_xmin": 696265.12, "geo_ymin": 2428497.2, "geo_xmax": 696272.69, "geo_ymax": 2428505.2, "center_x": 696268.88, "center_y": 2428501.2, "width_m": 7.5625, "height_m": 8.0, "crown_diameter_m": 7.7781744, "lon": 88.900526617646932, "lat": 21.949923204101559, "crown_area_raw_m2": 47.51659, "crown_area_calibrated_m2": 57.019909, "agb_tree_kg": 99.820868554373632 }, "geometry": { "type": "Polygon", "coordinates": [ [ [ 696272.65625, 2428501.25 ], [ 696272.638042247737758, 2428500.857931438833475 ], [ 696272.583594341529533, 2428500.469638711772859 ], [ 696272.493430644506589, 2428500.088861290831119 ], [ 696272.368419482256286, 2428499.719266270752996 ], [ 696272.209764780825935, 2428499.364413052797318 ], [ 696272.018994471523911, 2428499.027719067875296 ], [ 696271.797945776721463, 2428498.712426863145083 ], [ 696271.548747516353615, 2428498.421572875231504 ], [ 696271.273799605784006, 2428498.157958186697215 ], [ 696270.97574994363822, 2428497.924121550749987 ], [ 696270.657468911143951, 2428497.722314942628145 ], [ 696270.322021728614345, 2428497.554481870029122 ], [ 696269.972638935898431, 2428497.422238657251 ], [ 696269.612685280153528, 2428497.326858878601342 ], [ 696269.24562731187325, 2428497.269261093344539 ], [ 696268.875, 2428497.25 ], [ 696268.50437268812675, 2428497.269261093344539 ], [ 696268.137314719846472, 2428497.326858878601342 ], [ 696267.777361064101569, 2428497.422238657251 ], [ 696267.427978271385655, 2428497.554481870029122 ], [ 696267.092531088856049, 2428497.722314942628145 ], [ 696266.77425005636178, 2428497.924121550749987 ], [ 696266.476200394215994, 2428498.157958186697215 ], [ 696266.201252483646385, 2428498.421572875231504 ], [ 696265.952054223278537, 2428498.712426863145083 ], [ 696265.731005528476089, 2428499.027719067875296 ], [ 696265.540235219174065, 2428499.364413052797318 ], [ 696265.381580517743714, 2428499.719266270752996 ], [ 696265.256569355493411, 2428500.088861290831119 ], [ 696265.166405658470467, 2428500.469638711772859 ], [ 696265.111957752262242, 2428500.857931438833475 ], [ 696265.09375, 2428501.25 ], [ 696265.111957752262242, 2428501.642068561166525 ], [ 696265.166405658470467, 2428502.030361288227141 ], [ 696265.256569355493411, 2428502.411138709168881 ], [ 696265.381580517743714, 2428502.780733729247004 ], [ 696265.540235219174065, 2428503.135586947202682 ], [ 696265.731005528476089, 2428503.472280932124704 ], [ 696265.952054223278537, 2428503.787573136854917 ], [ 696266.201252483646385, 2428504.078427124768496 ], [ 696266.476200394215994, 2428504.342041813302785 ], [ 696266.77425005636178, 2428504.575878449250013 ], [ 696267.092531088856049, 2428504.777685057371855 ], [ 696267.427978271385655, 2428504.945518129970878 ], [ 696267.777361064101569, 2428505.077761342749 ], [ 696268.137314719846472, 2428505.173141121398658 ], [ 696268.50437268812675, 2428505.230738906655461 ], [ 696268.875, 2428505.25 ], [ 696269.24562731187325, 2428505.230738906655461 ], [ 696269.612685280153528, 2428505.173141121398658 ], [ 696269.972638935898431, 2428505.077761342749 ], [ 696270.322021728614345, 2428504.945518129970878 ], [ 696270.657468911143951, 2428504.777685057371855 ], [ 696270.97574994363822, 2428504.575878449250013 ], [ 696271.273799605784006, 2428504.342041813302785 ], [ 696271.548747516353615, 2428504.078427124768496 ], [ 696271.797945776721463, 2428503.787573136854917 ], [ 696272.018994471523911, 2428503.472280932124704 ], [ 696272.209764780825935, 2428503.135586947202682 ], [ 696272.368419482256286, 2428502.780733729247004 ], [ 696272.493430644506589, 2428502.411138709168881 ], [ 696272.583594341529533, 2428502.030361288227141 ], [ 696272.638042247737758, 2428501.642068561166525 ], [ 696272.65625, 2428501.25 ] ] ] } },
{ "type": "Feature", "properties": { "xmin": 434.30542, "ymin": 38.203892, "xmax": 453.6864, "ymax": 57.722279, "score": 0.30601051, "label": "Tree", "tile_idx": 1, "geo_xmin": 696116.38, "geo_ymin": 2428641.2, "geo_xmax": 696121.62, "geo_ymax": 2428646.5, "center_x": 696119.0, "center_y": 2428644.0, "width_m": 5.25, "height_m": 5.25, "crown_diameter_m": 5.25, "lon": 88.899093070280557, "lat": 21.951228964100803, "crown_area_raw_m2": 21.647537, "crown_area_calibrated_m2": 25.977045, "agb_tree_kg": 38.798449952558542 }, "geometry": { "type": "Polygon", "coordinates": [ [ [ 696121.625, 2428644.0 ], [ 696121.612359907478094, 2428643.742705006618053 ], [ 696121.574561361107044, 2428643.487887904513627 ], [ 696121.511968381353654, 2428643.238002722151577 ], [ 696121.425183772807941, 2428642.99545599007979 ], [ 696121.31504331890028, 2428642.76258356589824 ], [ 696121.182607732247561, 2428642.541628138162196 ], [ 696121.029152440023609, 2428642.33471762901172 ], [ 696120.856155300629325, 2428642.14384469948709 ], [ 696120.665282370871864, 2428641.970847560092807 ], [ 696120.458371861721389, 2428641.817392267752439 ], [ 696120.237416434218176, 2428641.684956680983305 ], [ 696120.00454400992021, 2428641.574816226959229 ], [ 696119.761997277848423, 2428641.488031618762761 ], [ 696119.512112095253542, 2428641.425438638776541 ], [ 696119.257294993381947, 2428641.387640092521906 ], [ 696119.0, 2428641.375 ], [ 696118.742705006618053, 2428641.387640092521906 ], [ 696118.487887904746458, 2428641.425438638776541 ], [ 696118.238002722151577, 2428641.488031618762761 ], [ 696117.99545599007979, 2428641.574816226959229 ], [ 696117.762583565781824, 2428641.684956680983305 ], [ 696117.541628138278611, 2428641.817392267752439 ], [ 696117.334717629128136, 2428641.970847560092807 ], [ 696117.143844699370675, 2428642.14384469948709 ], [ 696116.970847559976391, 2428642.33471762901172 ], [ 696116.817392267752439, 2428642.541628138162196 ], [ 696116.68495668109972, 2428642.76258356589824 ], [ 696116.574816227192059, 2428642.99545599007979 ], [ 696116.488031618646346, 2428643.238002722151577 ], [ 696116.425438638892956, 2428643.487887904513627 ], [ 696116.387640092521906, 2428643.742705006618053 ], [ 696116.375, 2428644.0 ], [ 696116.387640092521906, 2428644.257294993381947 ], [ 696116.425438638892956, 2428644.512112095486373 ], [ 696116.488031618646346, 2428644.761997277848423 ], [ 696116.574816227192059, 2428645.00454400992021 ], [ 696116.68495668109972, 2428645.23741643410176 ], [ 696116.817392267752439, 2428645.458371861837804 ], [ 696116.970847559976391, 2428645.66528237098828 ], [ 696117.143844699370675, 2428645.85615530051291 ], [ 696117.334717629128136, 2428646.029152439907193 ], [ 696117.541628138278611, 2428646.182607732247561 ], [ 696117.762583565781824, 2428646.315043319016695 ], [ 696117.99545599007979, 2428646.425183773040771 ], [ 696118.238002722151577, 2428646.511968381237239 ], [ 696118.487887904746458, 2428646.574561361223459 ], [ 696118.742705006618053, 2428646.612359907478094 ], [ 696119.0, 2428646.625 ], [ 696119.257294993381947, 2428646.612359907478094 ], [ 696119.512112095253542, 2428646.574561361223459 ], [ 696119.761997277848423, 2428646.511968381237239 ], [ 696120.00454400992021, 2428646.425183773040771 ], [ 696120.237416434218176, 2428646.315043319016695 ], [ 696120.458371861721389, 2428646.182607732247561 ], [ 696120.665282370871864, 2428646.029152439907193 ], [ 696120.856155300629325, 2428645.85615530051291 ], [ 696121.029152440023609, 2428645.66528237098828 ], [ 696121.182607732247561, 2428645.458371861837804 ], [ 696121.31504331890028, 2428645.23741643410176 ], [ 696121.425183772807941, 2428645.00454400992021 ], [ 696121.511968381353654, 2428644.761997277848423 ], [ 696121.574561361107044, 2428644.512112095486373 ], [ 696121.612359907478094, 2428644.257294993381947 ], [ 696121.625, 2428644.0 ] ] ] } },
{ "type": "Feature", "properties": { "xmin": 990.12616, "ymin": 640.0, "xmax": 1010.8368, "ymax": 648.75739, "score": 0.30537206, "label": "Tree", "tile_idx": 10, "geo_xmin": 696266.44, "geo_ymin": 2428481.5, "geo_xmax": 696272.06, "geo_ymax": 2428484.0, "center_x": 696269.25, "center_y": 2428482.8, "width_m": 5.625, "height_m": 2.5, "crown_diameter_m": 3.75, "lon": 88.90052802630224, "lat": 21.949756113977401, "crown_area_raw_m2": 11.044662, "crown_area_calibrated_m2": 13.253595, "agb_tree_kg": 17.279158068781932 }, "geometry": { "type": "Polygon", "coordinates": [ [ [ 696272.0625, 2428482.75 ], [ 696272.048957043793052, 2428482.62747857440263 ], [ 696272.008458601078019, 2428482.506137097254395 ], [ 696271.941394694265909, 2428482.387144153472036 ], [ 696271.848411185201257, 2428482.271645709406585 ], [ 696271.730403556022793, 2428482.160754078999162 ], [ 696271.588508284650743, 2428482.055537208914757 ], [ 696271.424091900116764, 2428481.957008394878358 ], [ 696271.238737822044641, 2428481.866116523742676 ], [ 696271.034231111756526, 2428481.783736933488399 ], [ 696270.812541280407459, 2428481.71066298475489 ], [ 696270.575803322368301, 2428481.647598419338465 ], [ 696270.326297153485939, 2428481.595150584354997 ], [ 696270.066425654804334, 2428481.553824580274522 ], [ 696269.798691530711949, 2428481.5240183994174 ], [ 696269.52567320712842, 2428481.506019091699272 ], [ 696269.25, 2428481.5 ], [ 696268.97432679287158, 2428481.506019091699272 ], [ 696268.701308469288051, 2428481.5240183994174 ], [ 696268.433574345195666, 2428481.553824580274522 ], [ 696268.173702846514061, 2428481.595150584354997 ], [ 696267.924196677631699, 2428481.647598419338465 ], [ 696267.687458719592541, 2428481.71066298475489 ], [ 696267.465768888243474, 2428481.783736933488399 ], [ 696267.261262177955359, 2428481.866116523742676 ], [ 696267.075908099883236, 2428481.957008394878358 ], [ 696266.911491715349257, 2428482.055537208914757 ], [ 696266.769596443977207, 2428482.160754078999162 ], [ 696266.651588814798743, 2428482.271645709406585 ], [ 696266.558605305734091, 2428482.387144153472036 ], [ 696266.491541398921981, 2428482.506137097254395 ], [ 696266.451042956206948, 2428482.62747857440263 ], [ 696266.4375, 2428482.75 ], [ 696266.451042956206948, 2428482.87252142559737 ], [ 696266.491541398921981, 2428482.993862902745605 ], [ 696266.558605305734091, 2428483.112855846527964 ], [ 696266.651588814798743, 2428483.228354290593415 ], [ 696266.769596443977207, 2428483.339245921000838 ], [ 696266.911491715349257, 2428483.444462791085243 ], [ 696267.075908099883236, 2428483.542991605121642 ], [ 696267.261262177955359, 2428483.633883476257324 ], [ 696267.465768888243474, 2428483.716263066511601 ], [ 696267.687458719592541, 2428483.78933701524511 ], [ 696267.924196677631699, 2428483.852401580661535 ], [ 696268.173702846514061, 2428483.904849415645003 ], [ 696268.433574345195666, 2428483.946175419725478 ], [ 696268.701308469288051, 2428483.9759816005826 ], [ 696268.97432679287158, 2428483.993980908300728 ], [ 696269.25, 2428484.0 ], [ 696269.52567320712842, 2428483.993980908300728 ], [ 696269.798691530711949, 2428483.9759816005826 ], [ 696270.066425654804334, 2428483.946175419725478 ], [ 696270.326297153485939, 2428483.904849415645003 ], [ 696270.575803322368301, 2428483.852401580661535 ], [ 696270.812541280407459, 2428483.78933701524511 ], [ 696271.034231111756526, 2428483.716263066511601 ], [ 696271.238737822044641, 2428483.633883476257324 ], [ 696271.424091900116764, 2428483.542991605121642 ], [ 696271.588508284650743, 2428483.444462791085243 ], [ 696271.730403556022793, 2428483.339245921000838 ], [ 696271.848411185201257, 2428483.228354290593415 ], [ 696271.941394694265909, 2428483.112855846527964 ], [ 696272.008458601078019, 2428482.993862902745605 ], [ 696272.048957043793052, 2428482.87252142559737 ], [ 696272.0625, 2428482.75 ] ] ] } },
{ "type": "Feature", "properties": { "xmin": 290.80548, "ymin": 805.07422, "xmax": 309.7879, "ymax": 824.90894, "score": 0.30355063, "label": "Tree", "tile_idx": 12, "geo_xmin": 696077.62, "geo_ymin": 2428434.0, "geo_xmax": 696082.75, "geo_ymax": 2428439.5, "center_x": 696080.19, "center_y": 2428436.8, "width_m": 5.125, "height_m": 5.5, "crown_diameter_m": 5.3091903, "lon": 88.898692533479007, "lat": 21.949361915281635, "crown_area_raw_m2": 22.138411, "crown_area_calibrated_m2": 26.566093, "agb_tree_kg": 39.858359438897686 }, "geometry": { "type": "Polygon", "coordinates": [ [ [ 696082.75, 2428436.75 ], [ 696082.737660862039775, 2428436.480452863965183 ], [ 696082.700762281077914, 2428436.213501614518464 ], [ 696082.639659610344097, 2428435.951717137359083 ], [ 696082.554941302048974, 2428435.69762056088075 ], [ 696082.447423239937052, 2428435.453658973798156 ], [ 696082.318140881485306, 2428435.2221818594262 ], [ 696082.168339286698028, 2428435.005418468732387 ], [ 696081.99946112674661, 2428434.80545635195449 ], [ 696081.813132790615782, 2428434.624221253208816 ], [ 696081.611148722120561, 2428434.463458565995097 ], [ 696081.395454138168134, 2428434.324716522824019 ], [ 696081.168126295437105, 2428434.209331285674125 ], [ 696080.931354485452175, 2428434.118414076510817 ], [ 696080.687418950139545, 2428434.052840478718281 ], [ 696080.438668922055513, 2428434.013242001645267 ], [ 696080.1875, 2428434.0 ], [ 696079.936331077944487, 2428434.013242001645267 ], [ 696079.687581049860455, 2428434.052840478718281 ], [ 696079.443645514547825, 2428434.118414076510817 ], [ 696079.206873704562895, 2428434.209331285674125 ], [ 696078.979545861831866, 2428434.324716522824019 ], [ 696078.763851277879439, 2428434.463458565995097 ], [ 696078.561867209384218, 2428434.624221253208816 ], [ 696078.37553887325339, 2428434.80545635195449 ], [ 696078.206660713301972, 2428435.005418468732387 ], [ 696078.056859118514694, 2428435.2221818594262 ], [ 696077.927576760062948, 2428435.453658973798156 ], [ 696077.820058697951026, 2428435.69762056088075 ], [ 696077.735340389655903, 2428435.951717137359083 ], [ 696077.674237718922086, 2428436.213501614518464 ], [ 696077.637339137960225, 2428436.480452863965183 ], [ 696077.625, 2428436.75 ], [ 696077.637339137960225, 2428437.019547136034817 ], [ 696077.674237718922086, 2428437.286498385481536 ], [ 696077.735340389655903, 2428437.548282862640917 ], [ 696077.820058697951026, 2428437.80237943911925 ], [ 696077.927576760062948, 2428438.046341026201844 ], [ 696078.056859118514694, 2428438.2778181405738 ], [ 696078.206660713301972, 2428438.494581531267613 ], [ 696078.37553887325339, 2428438.69454364804551 ], [ 696078.561867209384218, 2428438.875778746791184 ], [ 696078.763851277879439, 2428439.036541434004903 ], [ 696078.979545861831866, 2428439.175283477175981 ], [ 696079.206873704562895, 2428439.290668714325875 ], [ 696079.443645514547825, 2428439.381585923489183 ], [ 696079.687581049860455, 2428439.447159521281719 ], [ 696079.936331077944487, 2428439.486757998354733 ], [ 696080.1875, 2428439.5 ], [ 696080.438668922055513, 2428439.486757998354733 ], [ 696080.687418950139545, 2428439.447159521281719 ], [ 696080.931354485452175, 2428439.381585923489183 ], [ 696081.168126295437105, 2428439.290668714325875 ], [ 696081.395454138168134, 2428439.175283477175981 ], [ 696081.611148722120561, 2428439.036541434004903 ], [ 696081.813132790615782, 2428438.875778746791184 ], [ 696081.99946112674661, 2428438.69454364804551 ], [ 696082.168339286698028, 2428438.494581531267613 ], [ 696082.318140881485306, 2428438.2778181405738 ], [ 696082.447423239937052, 2428438.046341026201844 ], [ 696082.554941302048974, 2428437.80237943911925 ], [ 696082.639659610344097, 2428437.548282862640917 ], [ 696082.700762281077914, 2428437.286498385481536 ], [ 696082.737660862039775, 2428437.019547136034817 ], [ 696082.75, 2428436.75 ] ] ] } },
{ "type": "Feature", "properties": { "xmin": 330.00427, "ymin": 817.79578, "xmax": 349.01086, "ymax": 837.18274, "score": 0.3020812, "label": "Tree", "tile_idx": 12, "geo_xmin": 696088.25, "geo_ymin": 2428430.8, "geo_xmax": 696093.38, "geo_ymax": 2428436.0, "center_x": 696090.81, "center_y": 2428433.5, "width_m": 5.125, "height_m": 5.25, "crown_diameter_m": 5.1871233, "lon": 88.898794985025162, "lat": 21.949331380103821, "crown_area_raw_m2": 21.132118, "crown_area_calibrated_m2": 25.358543, "agb_tree_kg": 37.690759373839704 }, "geometry": { "type": "Polygon", "coordinates": [ [ [ 696093.375, 2428433.5 ], [ 696093.362660862039775, 2428433.242705006618053 ], [ 696093.325762281077914, 2428432.987887904513627 ], [ 696093.264659610344097, 2428432.738002722151577 ], [ 696093.179941302048974, 2428432.49545599007979 ], [ 696093.072423239937052, 2428432.26258356589824 ], [ 696092.943140881485306, 2428432.041628138162196 ], [ 696092.793339286698028, 2428431.83471762901172 ], [ 696092.62446112674661, 2428431.64384469948709 ], [ 696092.438132790615782, 2428431.470847560092807 ], [ 696092.236148722120561, 2428431.317392267752439 ], [ 696092.020454138168134, 2428431.184956680983305 ], [ 696091.793126295437105, 2428431.074816226959229 ], [ 696091.556354485452175, 2428430.988031618762761 ], [ 696091.312418950139545, 2428430.925438638776541 ], [ 696091.063668922055513, 2428430.887640092521906 ], [ 696090.8125, 2428430.875 ], [ 696090.561331077944487, 2428430.887640092521906 ], [ 696090.312581049860455, 2428430.925438638776541 ], [ 696090.068645514547825, 2428430.988031618762761 ], [ 696089.831873704562895, 2428431.074816226959229 ], [ 696089.604545861831866, 2428431.184956680983305 ], [ 696089.388851277879439, 2428431.317392267752439 ], [ 696089.186867209384218, 2428431.470847560092807 ], [ 696089.00053887325339, 2428431.64384469948709 ], [ 696088.831660713301972, 2428431.83471762901172 ], [ 696088.681859118514694, 2428432.041628138162196 ], [ 696088.552576760062948, 2428432.26258356589824 ], [ 696088.445058697951026, 2428432.49545599007979 ], [ 696088.360340389655903, 2428432.738002722151577 ], [ 696088.299237718922086, 2428432.987887904513627 ], [ 696088.262339137960225, 2428433.242705006618053 ], [ 696088.25, 2428433.5 ], [ 696088.262339137960225, 2428433.757294993381947 ], [ 696088.299237718922086, 2428434.012112095486373 ], [ 696088.360340389655903, 2428434.261997277848423 ], [ 696088.445058697951026, 2428434.50454400992021 ], [ 696088.552576760062948, 2428434.73741643410176 ], [ 696088.681859118514694, 2428434.958371861837804 ], [ 696088.831660713301972, 2428435.16528237098828 ], [ 696089.00053887325339, 2428435.35615530051291 ], [ 696089.186867209384218, 2428435.529152439907193 ], [ 696089.388851277879439, 2428435.682607732247561 ], [ 696089.604545861831866, 2428435.815043319016695 ], [ 696089.831873704562895, 2428435.925183773040771 ], [ 696090.068645514547825, 2428436.011968381237239 ], [ 696090.312581049860455, 2428436.074561361223459 ], [ 696090.561331077944487, 2428436.112359907478094 ], [ 696090.8125, 2428436.125 ], [ 696091.063668922055513, 2428436.112359907478094 ], [ 696091.312418950139545, 2428436.074561361223459 ], [ 696091.556354485452175, 2428436.011968381237239 ], [ 696091.793126295437105, 2428435.925183773040771 ], [ 696092.020454138168134, 2428435.815043319016695 ], [ 696092.236148722120561, 2428435.682607732247561 ], [ 696092.438132790615782, 2428435.529152439907193 ], [ 696092.62446112674661, 2428435.35615530051291 ], [ 696092.793339286698028, 2428435.16528237098828 ], [ 696092.943140881485306, 2428434.958371861837804 ], [ 696093.072423239937052, 2428434.73741643410176 ], [ 696093.179941302048974, 2428434.50454400992021 ], [ 696093.264659610344097, 2428434.261997277848423 ], [ 696093.325762281077914, 2428434.012112095486373 ], [ 696093.362660862039775, 2428433.757294993381947 ], [ 696093.375, 2428433.5 ] ] ] } },
{ "type": "Feature", "properties": { "xmin": 918.0343, "ymin": 207.31354, "xmax": 936.67383, "ymax": 226.85718, "score": 0.29991704, "label": "Tree", "tile_idx": 2, "geo_xmin": 696247.0, "geo_ymin": 2428595.5, "geo_xmax": 696252.0, "geo_ymax": 2428600.8, "center_x": 696249.5, "center_y": 2428598.0, "width_m": 5.0, "height_m": 5.25, "crown_diameter_m": 5.1234756, "lon": 88.900350697511882, "lat": 21.950798990572196, "crown_area_raw_m2": 20.616703, "crown_area_calibrated_m2": 24.740046, "agb_tree_kg": 36.588522485870328 }, "geometry": { "type": "Polygon", "coordinates": [ [ [ 696252.0, 2428598.0 ], [ 696251.987961816717871, 2428597.742705006618053 ], [ 696251.951963201048784, 2428597.487887904513627 ], [ 696251.89235083933454, 2428597.238002722151577 ], [ 696251.809698831290007, 2428596.99545599007979 ], [ 696251.704803160857409, 2428596.76258356589824 ], [ 696251.57867403072305, 2428596.541628138162196 ], [ 696251.432526133372448, 2428596.33471762901172 ], [ 696251.26776695298031, 2428596.14384469948709 ], [ 696251.0859832103597, 2428595.970847560092807 ], [ 696250.888925582519732, 2428595.817392267752439 ], [ 696250.678491842118092, 2428595.684956680983305 ], [ 696250.456708580954, 2428595.574816226959229 ], [ 696250.225711693172343, 2428595.488031618762761 ], [ 696249.987725805025548, 2428595.425438638776541 ], [ 696249.745042850845493, 2428595.387640092521906 ], [ 696249.5, 2428595.375 ], [ 696249.254957149154507, 2428595.387640092521906 ], [ 696249.012274194974452, 2428595.425438638776541 ], [ 696248.774288306827657, 2428595.488031618762761 ], [ 696248.543291419046, 2428595.574816226959229 ], [ 696248.321508157881908, 2428595.684956680983305 ], [ 696248.111074417480268, 2428595.817392267752439 ], [ 696247.9140167896403, 2428595.970847560092807 ], [ 696247.73223304701969, 2428596.14384469948709 ], [ 696247.567473866627552, 2428596.33471762901172 ], [ 696247.42132596927695, 2428596.541628138162196 ], [ 696247.295196839142591, 2428596.76258356589824 ], [ 696247.190301168709993, 2428596.99545599007979 ], [ 696247.10764916066546, 2428597.238002722151577 ], [ 696247.048036798951216, 2428597.487887904513627 ], [ 696247.012038183282129, 2428597.742705006618053 ], [ 696247.0, 2428598.0 ], [ 696247.012038183282129, 2428598.257294993381947 ], [ 696247.048036798951216, 2428598.512112095486373 ], [ 696247.10764916066546, 2428598.761997277848423 ], [ 696247.190301168709993, 2428599.00454400992021 ], [ 696247.295196839142591, 2428599.23741643410176 ], [ 696247.42132596927695, 2428599.458371861837804 ], [ 696247.567473866627552, 2428599.66528237098828 ], [ 696247.73223304701969, 2428599.85615530051291 ], [ 696247.9140167896403, 2428600.029152439907193 ], [ 696248.111074417480268, 2428600.182607732247561 ], [ 696248.321508157881908, 2428600.315043319016695 ], [ 696248.543291419046, 2428600.425183773040771 ], [ 696248.774288306827657, 2428600.511968381237239 ], [ 696249.012274194974452, 2428600.574561361223459 ], [ 696249.254957149154507, 2428600.612359907478094 ], [ 696249.5, 2428600.625 ], [ 696249.745042850845493, 2428600.612359907478094 ], [ 696249.987725805025548, 2428600.574561361223459 ], [ 696250.225711693172343, 2428600.511968381237239 ], [ 696250.456708580954, 2428600.425183773040771 ], [ 696250.678491842118092, 2428600.315043319016695 ], [ 696250.888925582519732, 2428600.182607732247561 ], [ 696251.0859832103597, 2428600.029152439907193 ], [ 696251.26776695298031, 2428599.85615530051291 ], [ 696251.432526133372448, 2428599.66528237098828 ], [ 696251.57867403072305, 2428599.458371861837804 ], [ 696251.704803160857409, 2428599.23741643410176 ], [ 696251.809698831290007, 2428599.00454400992021 ], [ 696251.89235083933454, 2428598.761997277848423 ], [ 696251.951963201048784, 2428598.512112095486373 ], [ 696251.987961816717871, 2428598.257294993381947 ], [ 696252.0, 2428598.0 ] ] ] } },
{ "type": "Feature", "properties": { "xmin": 615.50391, "ymin": 427.86862, "xmax": 631.18201, "ymax": 444.17374, "score": 0.296112, "label": "Tree", "tile_idx": 5, "geo_xmin": 696165.31, "geo_ymin": 2428536.8, "geo_xmax": 696169.56, "geo_ymax": 2428541.2, "center_x": 696167.44, "center_y": 2428539.0, "width_m": 4.25, "height_m": 4.5, "crown_diameter_m": 4.3732138, "lon": 88.899549311787865, "lat": 21.950275430814713, "crown_area_raw_m2": 15.020741, "crown_area_calibrated_m2": 18.024889, "agb_tree_kg": 25.005544098899716 }, "geometry": { "type": "Polygon", "coordinates": [ [ [ 696169.5625, 2428539.0 ], [ 696169.552267544204369, 2428538.779461434110999 ], [ 696169.521668720874004, 2428538.561046775430441 ], [ 696169.470998213393614, 2428538.346859476063401 ], [ 696169.400744006619789, 2428538.138962277211249 ], [ 696169.311582686728798, 2428537.939357342198491 ], [ 696169.204372926149517, 2428537.749966975767165 ], [ 696169.080147213418968, 2428537.572615110781044 ], [ 696168.940101910033263, 2428537.409009742550552 ], [ 696168.785585728823207, 2428537.260726479813457 ], [ 696168.618086745147593, 2428537.129193372093141 ], [ 696168.439218065701425, 2428537.015677154995501 ], [ 696168.250702293822542, 2428536.921271051745862 ], [ 696168.054354939144105, 2428536.846884244587272 ], [ 696167.852066934341565, 2428536.793233118951321 ], [ 696167.645786423236132, 2428536.760834365151823 ], [ 696167.4375, 2428536.75 ], [ 696167.229213576763868, 2428536.760834365151823 ], [ 696167.022933065658435, 2428536.793233118951321 ], [ 696166.820645060855895, 2428536.846884244587272 ], [ 696166.624297706177458, 2428536.921271051745862 ], [ 696166.435781934298575, 2428537.015677154995501 ], [ 696166.256913254852407, 2428537.129193372093141 ], [ 696166.089414271176793, 2428537.260726479813457 ], [ 696165.934898089966737, 2428537.409009742550552 ], [ 696165.794852786581032, 2428537.572615110781044 ], [ 696165.670627073850483, 2428537.749966975767165 ], [ 696165.563417313271202, 2428537.939357342198491 ], [ 696165.474255993380211, 2428538.138962277211249 ], [ 696165.404001786606386, 2428538.346859476063401 ], [ 696165.353331279125996, 2428538.561046775430441 ], [ 696165.322732455795631, 2428538.779461434110999 ], [ 696165.3125, 2428539.0 ], [ 696165.322732455795631, 2428539.220538565889001 ], [ 696165.353331279125996, 2428539.438953224569559 ], [ 696165.404001786606386, 2428539.653140523936599 ], [ 696165.474255993380211, 2428539.861037722788751 ], [ 696165.563417313271202, 2428540.060642657801509 ], [ 696165.670627073850483, 2428540.250033024232835 ], [ 696165.794852786581032, 2428540.427384889218956 ], [ 696165.934898089966737, 2428540.590990257449448 ], [ 696166.089414271176793, 2428540.739273520186543 ], [ 696166.256913254852407, 2428540.870806627906859 ], [ 696166.435781934298575, 2428540.984322845004499 ], [ 696166.624297706177458, 2428541.078728948254138 ], [ 696166.820645060855895, 2428541.153115755412728 ], [ 696167.022933065658435, 2428541.206766881048679 ], [ 696167.229213576763868, 2428541.239165634848177 ], [ 696167.4375, 2428541.25 ], [ 696167.645786423236132, 2428541.239165634848177 ], [ 696167.852066934341565, 2428541.206766881048679 ], [ 696168.054354939144105, 2428541.153115755412728 ], [ 696168.250702293822542, 2428541.078728948254138 ], [ 696168.439218065701425, 2428540.984322845004499 ], [ 696168.618086745147593, 2428540.870806627906859 ], [ 696168.785585728823207, 2428540.739273520186543 ], [ 696168.940101910033263, 2428540.590990257449448 ], [ 696169.080147213418968, 2428540.427384889218956 ], [ 696169.204372926149517, 2428540.250033024232835 ], [ 696169.311582686728798, 2428540.060642657801509 ], [ 696169.400744006619789, 2428539.861037722788751 ], [ 696169.470998213393614, 2428539.653140523936599 ], [ 696169.521668720874004, 2428539.438953224569559 ], [ 696169.552267544204369, 2428539.220538565889001 ], [ 696169.5625, 2428539.0 ] ] ] } },
{ "type": "Feature", "properties": { "xmin": 770.41412, "ymin": 27.990219, "xmax": 790.59894, "ymax": 48.304283, "score": 0.295618, "label": "Tree", "tile_idx": 2, "geo_xmin": 696207.12, "geo_ymin": 2428643.8, "geo_xmax": 696212.56, "geo_ymax": 2428649.2, "center_x": 696209.88, "center_y": 2428646.5, "width_m": 5.4375, "height_m": 5.5, "crown_diameter_m": 5.4686608, "lon": 88.899972977556232, "lat": 21.951241364932098, "crown_area_raw_m2": 23.488316, "crown_area_calibrated_m2": 28.18598, "agb_tree_kg": 42.797392301097155 }, "geometry": { "type": "Polygon", "coordinates": [ [ [ 696212.59375, 2428646.5 ], [ 696212.580658475635573, 2428646.230452863965183 ], [ 696212.541509981150739, 2428645.963501614518464 ], [ 696212.476681537809782, 2428645.701717137359083 ], [ 696212.386797479004599, 2428645.44762056088075 ], [ 696212.272723437403329, 2428645.203658973798156 ], [ 696212.135558008449152, 2428644.9721818594262 ], [ 696211.976622170070186, 2428644.755418468732387 ], [ 696211.797446561395191, 2428644.55545635195449 ], [ 696211.599756741314195, 2428644.374221253208816 ], [ 696211.385456571006216, 2428644.213458565995097 ], [ 696211.156609878293239, 2428644.074716522824019 ], [ 696210.915420581703074, 2428643.959331285674125 ], [ 696210.664211466326378, 2428643.868414076510817 ], [ 696210.405401812982745, 2428643.802840478718281 ], [ 696210.141484100255184, 2428643.763242001645267 ], [ 696209.875, 2428643.75 ], [ 696209.608515899744816, 2428643.763242001645267 ], [ 696209.344598187017255, 2428643.802840478718281 ], [ 696209.085788533673622, 2428643.868414076510817 ], [ 696208.834579418296926, 2428643.959331285674125 ], [ 696208.593390121706761, 2428644.074716522824019 ], [ 696208.364543428993784, 2428644.213458565995097 ], [ 696208.150243258685805, 2428644.374221253208816 ], [ 696207.952553438604809, 2428644.55545635195449 ], [ 696207.773377829929814, 2428644.755418468732387 ], [ 696207.614441991550848, 2428644.9721818594262 ], [ 696207.477276562596671, 2428645.203658973798156 ], [ 696207.363202520995401, 2428645.44762056088075 ], [ 696207.273318462190218, 2428645.701717137359083 ], [ 696207.208490018849261, 2428645.963501614518464 ], [ 696207.169341524364427, 2428646.230452863965183 ], [ 696207.15625, 2428646.5 ], [ 696207.169341524364427, 2428646.769547136034817 ], [ 696207.208490018849261, 2428647.036498385481536 ], [ 696207.273318462190218, 2428647.298282862640917 ], [ 696207.363202520995401, 2428647.55237943911925 ], [ 696207.477276562596671, 2428647.796341026201844 ], [ 696207.614441991550848, 2428648.0278181405738 ], [ 696207.773377829929814, 2428648.244581531267613 ], [ 696207.952553438604809, 2428648.44454364804551 ], [ 696208.150243258685805, 2428648.625778746791184 ], [ 696208.364543428993784, 2428648.786541434004903 ], [ 696208.593390121706761, 2428648.925283477175981 ], [ 696208.834579418296926, 2428649.040668714325875 ], [ 696209.085788533673622, 2428649.131585923489183 ], [ 696209.344598187017255, 2428649.197159521281719 ], [ 696209.608515899744816, 2428649.236757998354733 ], [ 696209.875, 2428649.25 ], [ 696210.141484100255184, 2428649.236757998354733 ], [ 696210.405401812982745, 2428649.197159521281719 ], [ 696210.664211466326378, 2428649.131585923489183 ], [ 696210.915420581703074, 2428649.040668714325875 ], [ 696211.156609878293239, 2428648.925283477175981 ], [ 696211.385456571006216, 2428648.786541434004903 ], [ 696211.599756741314195, 2428648.625778746791184 ], [ 696211.797446561395191, 2428648.44454364804551 ], [ 696211.976622170070186, 2428648.244581531267613 ], [ 696212.135558008449152, 2428648.0278181405738 ], [ 696212.272723437403329, 2428647.796341026201844 ], [ 696212.386797479004599, 2428647.55237943911925 ], [ 696212.476681537809782, 2428647.298282862640917 ], [ 696212.541509981150739, 2428647.036498385481536 ], [ 696212.580658475635573, 2428646.769547136034817 ], [ 696212.59375, 2428646.5 ] ] ] } },
{ "type": "Feature", "properties": { "xmin": 293.81671, "ymin": 758.91602, "xmax": 312.08301, "ymax": 778.12445, "score": 0.29544085, "label": "Tree", "tile_idx": 8, "geo_xmin": 696078.44, "geo_ymin": 2428446.8, "geo_xmax": 696083.38, "geo_ymax": 2428451.8, "center_x": 696080.88, "center_y": 2428449.2, "width_m": 4.9375, "height_m": 5.0, "crown_diameter_m": 4.9686518, "lon": 88.898700687154601, "lat": 21.949474708837759, "crown_area_raw_m2": 19.389517, "crown_area_calibrated_m2": 23.267422, "agb_tree_kg": 33.986693013935643 }, "geometry": { "type": "Polygon", "coordinates": [ [ [ 696083.34375, 2428449.25 ], [ 696083.331862293998711, 2428449.004957149270922 ], [ 696083.296313661034219, 2428448.762274194974452 ], [ 696083.237446453887969, 2428448.524288306944072 ], [ 696083.155827595852315, 2428448.29329141927883 ], [ 696083.052243121317588, 2428448.071508157998323 ], [ 696082.92769060540013, 2428447.861074417363852 ], [ 696082.783369556767866, 2428447.664016789756715 ], [ 696082.62066986609716, 2428447.48223304701969 ], [ 696082.441158420289867, 2428447.317473866511136 ], [ 696082.246564012719318, 2428447.171325969044119 ], [ 696082.038760694093071, 2428447.045196839142591 ], [ 696081.81974972365424, 2428446.940301168709993 ], [ 696081.591640296974219, 2428446.857649160549045 ], [ 696081.356629232526757, 2428446.798036798834801 ], [ 696081.116979815182276, 2428446.762038183398545 ], [ 696080.875, 2428446.75 ], [ 696080.633020184817724, 2428446.762038183398545 ], [ 696080.393370767473243, 2428446.798036798834801 ], [ 696080.158359703025781, 2428446.857649160549045 ], [ 696079.93025027634576, 2428446.940301168709993 ], [ 696079.711239305906929, 2428447.045196839142591 ], [ 696079.503435987280682, 2428447.171325969044119 ], [ 696079.308841579710133, 2428447.317473866511136 ], [ 696079.12933013390284, 2428447.48223304701969 ], [ 696078.966630443232134, 2428447.664016789756715 ], [ 696078.82230939459987, 2428447.861074417363852 ], [ 696078.697756878682412, 2428448.071508157998323 ], [ 696078.594172404147685, 2428448.29329141927883 ], [ 696078.512553546112031, 2428448.524288306944072 ], [ 696078.453686338965781, 2428448.762274194974452 ], [ 696078.418137706001289, 2428449.004957149270922 ], [ 696078.40625, 2428449.25 ], [ 696078.418137706001289, 2428449.495042850729078 ], [ 696078.453686338965781, 2428449.737725805025548 ], [ 696078.512553546112031, 2428449.975711693055928 ], [ 696078.594172404147685, 2428450.20670858072117 ], [ 696078.697756878682412, 2428450.428491842001677 ], [ 696078.82230939459987, 2428450.638925582636148 ], [ 696078.966630443232134, 2428450.835983210243285 ], [ 696079.12933013390284, 2428451.01776695298031 ], [ 696079.308841579710133, 2428451.182526133488864 ], [ 696079.503435987280682, 2428451.328674030955881 ], [ 696079.711239305906929, 2428451.454803160857409 ], [ 696079.93025027634576, 2428451.559698831290007 ], [ 696080.158359703025781, 2428451.642350839450955 ], [ 696080.393370767473243, 2428451.701963201165199 ], [ 696080.633020184817724, 2428451.737961816601455 ], [ 696080.875, 2428451.75 ], [ 696081.116979815182276, 2428451.737961816601455 ], [ 696081.356629232526757, 2428451.701963201165199 ], [ 696081.591640296974219, 2428451.642350839450955 ], [ 696081.81974972365424, 2428451.559698831290007 ], [ 696082.038760694093071, 2428451.454803160857409 ], [ 696082.246564012719318, 2428451.328674030955881 ], [ 696082.441158420289867, 2428451.182526133488864 ], [ 696082.62066986609716, 2428451.01776695298031 ], [ 696082.783369556767866, 2428450.835983210243285 ], [ 696082.92769060540013, 2428450.638925582636148 ], [ 696083.052243121317588, 2428450.428491842001677 ], [ 696083.155827595852315, 2428450.20670858072117 ], [ 696083.237446453887969, 2428449.975711693055928 ], [ 696083.296313661034219, 2428449.737725805025548 ], [ 696083.331862293998711, 2428449.495042850729078 ], [ 696083.34375, 2428449.25 ] ] ] } },
{ "type": "Feature", "properties": { "xmin": 265.32156, "ymin": 968.15503, "xmax": 279.94772, "ymax": 983.49561, "score": 0.2941013, "label": "Tree", "tile_idx": 12, "geo_xmin": 696070.75, "geo_ymin": 2428391.2, "geo_xmax": 696074.69, "geo_ymax": 2428395.2, "center_x": 696072.75, "center_y": 2428393.2, "width_m": 3.9375, "height_m": 4.0, "crown_diameter_m": 3.968627, "lon": 88.898615327475895, "lat": 21.948969958140101, "crown_area_raw_m2": 12.370022, "crown_area_calibrated_m2": 14.844027, "agb_tree_kg": 19.800795719775849 }, "geometry": { "type": "Polygon", "coordinates": [ [ [ 696074.71875, 2428393.25 ], [ 696074.709269930608571, 2428393.053965719416738 ], [ 696074.680921020801179, 2428392.85981935588643 ], [ 696074.633976285927929, 2428392.66943064564839 ], [ 696074.568887829664163, 2428392.484633135143667 ], [ 696074.486282489146106, 2428392.307206526398659 ], [ 696074.386955799185671, 2428392.138859534170479 ], [ 696074.27186433004681, 2428391.981213431805372 ], [ 696074.142116475501098, 2428391.835786437615752 ], [ 696073.99896177824121, 2428391.703979093115777 ], [ 696073.843778896261938, 2428391.587060775607824 ], [ 696073.67806232557632, 2428391.486157471314073 ], [ 696073.503408007440157, 2428391.40224093478173 ], [ 696073.321497958386317, 2428391.3361193286255 ], [ 696073.134084071498364, 2428391.288429439067841 ], [ 696072.94297124503646, 2428391.259630546439439 ], [ 696072.75, 2428391.25 ], [ 696072.55702875496354, 2428391.259630546439439 ], [ 696072.365915928501636, 2428391.288429439067841 ], [ 696072.178502041613683, 2428391.3361193286255 ], [ 696071.996591992559843, 2428391.40224093478173 ], [ 696071.82193767442368, 2428391.486157471314073 ], [ 696071.656221103738062, 2428391.587060775607824 ], [ 696071.50103822175879, 2428391.703979093115777 ], [ 696071.357883524498902, 2428391.835786437615752 ], [ 696071.22813566995319, 2428391.981213431805372 ], [ 696071.113044200814329, 2428392.138859534170479 ], [ 696071.013717510853894, 2428392.307206526398659 ], [ 696070.931112170335837, 2428392.484633135143667 ], [ 696070.866023714072071, 2428392.66943064564839 ], [ 696070.819078979198821, 2428392.85981935588643 ], [ 696070.790730069391429, 2428393.053965719416738 ], [ 696070.78125, 2428393.25 ], [ 696070.790730069391429, 2428393.446034280583262 ], [ 696070.819078979198821, 2428393.64018064411357 ], [ 696070.866023714072071, 2428393.83056935435161 ], [ 696070.931112170335837, 2428394.015366864856333 ], [ 696071.013717510853894, 2428394.192793473601341 ], [ 696071.113044200814329, 2428394.361140465829521 ], [ 696071.22813566995319, 2428394.518786568194628 ], [ 696071.357883524498902, 2428394.664213562384248 ], [ 696071.50103822175879, 2428394.796020906884223 ], [ 696071.656221103738062, 2428394.912939224392176 ], [ 696071.82193767442368, 2428395.013842528685927 ], [ 696071.996591992559843, 2428395.09775906521827 ], [ 696072.178502041613683, 2428395.1638806713745 ], [ 696072.365915928501636, 2428395.211570560932159 ], [ 696072.55702875496354, 2428395.240369453560561 ], [ 696072.75, 2428395.25 ], [ 696072.94297124503646, 2428395.240369453560561 ], [ 696073.134084071498364, 2428395.211570560932159 ], [ 696073.321497958386317, 2428395.1638806713745 ], [ 696073.503408007440157, 2428395.09775906521827 ], [ 696073.67806232557632, 2428395.013842528685927 ], [ 696073.843778896261938, 2428394.912939224392176 ], [ 696073.99896177824121, 2428394.796020906884223 ], [ 696074.142116475501098, 2428394.664213562384248 ], [ 696074.27186433004681, 2428394.518786568194628 ], [ 696074.386955799185671, 2428394.361140465829521 ], [ 696074.486282489146106, 2428394.192793473601341 ], [ 696074.568887829664163, 2428394.015366864856333 ], [ 696074.633976285927929, 2428393.83056935435161 ], [ 696074.680921020801179, 2428393.64018064411357 ], [ 696074.709269930608571, 2428393.446034280583262 ], [ 696074.71875, 2428393.25 ] ] ] } },
{ "type": "Feature", "properties": { "xmin": 897.37622, "ymin": 612.80505, "xmax": 912.67535, "ymax": 628.50513, "score": 0.29179978, "label": "Tree", "tile_idx": 7, "geo_xmin": 696241.44, "geo_ymin": 2428487.0, "geo_xmax": 696245.56, "geo_ymax": 2428491.2, "center_x": 696243.5, "center_y": 2428489.0, "width_m": 4.125, "height_m": 4.25, "crown_diameter_m": 4.1870337, "lon": 88.900279537033256, "lat": 21.949815432953127, "crown_area_raw_m2": 13.769012, "crown_area_calibrated_m2": 16.522816, "agb_tree_kg": 22.522392331615986 }, "geometry": { "type": "Polygon", "coordinates": [ [ [ 696245.5625, 2428489.0 ], [ 696245.55256849876605, 2428488.791713576763868 ], [ 696245.522869640844874, 2428488.585433065891266 ], [ 696245.473689442500472, 2428488.383145060855895 ], [ 696245.405501535860822, 2428488.186797706410289 ], [ 696245.31896260776557, 2428487.998281934298575 ], [ 696245.214906075387262, 2428487.819413254968822 ], [ 696245.094334060093388, 2428487.651914271060377 ], [ 696244.958407736150548, 2428487.497398090083152 ], [ 696244.808436148567125, 2428487.357352786697447 ], [ 696244.645863605546765, 2428487.233127073850483 ], [ 696244.472255769651383, 2428487.125917313154787 ], [ 696244.289284579223022, 2428487.036755993496627 ], [ 696244.098712146864273, 2428486.966501786373556 ], [ 696243.902373789111152, 2428486.915831279009581 ], [ 696243.702160351909697, 2428486.885232456028461 ], [ 696243.5, 2428486.875 ], [ 696243.297839648090303, 2428486.885232456028461 ], [ 696243.097626210888848, 2428486.915831279009581 ], [ 696242.901287853135727, 2428486.966501786373556 ], [ 696242.710715420776978, 2428487.036755993496627 ], [ 696242.527744230348617, 2428487.125917313154787 ], [ 696242.354136394453235, 2428487.233127073850483 ], [ 696242.191563851432875, 2428487.357352786697447 ], [ 696242.041592263849452, 2428487.497398090083152 ], [ 696241.905665939906612, 2428487.651914271060377 ], [ 696241.785093924612738, 2428487.819413254968822 ], [ 696241.68103739223443, 2428487.998281934298575 ], [ 696241.594498464139178, 2428488.186797706410289 ], [ 696241.526310557499528, 2428488.383145060855895 ], [ 696241.477130359155126, 2428488.585433065891266 ], [ 696241.44743150123395, 2428488.791713576763868 ], [ 696241.4375, 2428489.0 ], [ 696241.44743150123395, 2428489.208286423236132 ], [ 696241.477130359155126, 2428489.414566934108734 ], [ 696241.526310557499528, 2428489.616854939144105 ], [ 696241.594498464139178, 2428489.813202293589711 ], [ 696241.68103739223443, 2428490.001718065701425 ], [ 696241.785093924612738, 2428490.180586745031178 ], [ 696241.905665939906612, 2428490.348085728939623 ], [ 696242.041592263849452, 2428490.502601909916848 ], [ 696242.191563851432875, 2428490.642647213302553 ], [ 696242.354136394453235, 2428490.766872926149517 ], [ 696242.527744230348617, 2428490.874082686845213 ], [ 696242.710715420776978, 2428490.963244006503373 ], [ 696242.901287853135727, 2428491.033498213626444 ], [ 696243.097626210888848, 2428491.084168720990419 ], [ 696243.297839648090303, 2428491.114767543971539 ], [ 696243.5, 2428491.125 ], [ 696243.702160351909697, 2428491.114767543971539 ], [ 696243.902373789111152, 2428491.084168720990419 ], [ 696244.098712146864273, 2428491.033498213626444 ], [ 696244.289284579223022, 2428490.963244006503373 ], [ 696244.472255769651383, 2428490.874082686845213 ], [ 696244.645863605546765, 2428490.766872926149517 ], [ 696244.808436148567125, 2428490.642647213302553 ], [ 696244.958407736150548, 2428490.502601909916848 ], [ 696245.094334060093388, 2428490.348085728939623 ], [ 696245.214906075387262, 2428490.180586745031178 ], [ 696245.31896260776557, 2428490.001718065701425 ], [ 696245.405501535860822, 2428489.813202293589711 ], [ 696245.473689442500472, 2428489.616854939144105 ], [ 696245.522869640844874, 2428489.414566934108734 ], [ 696245.55256849876605, 2428489.208286423236132 ], [ 696245.5625, 2428489.0 ] ] ] } },
{ "type": "Feature", "properties": { "xmin": 105.68649, "ymin": 644.789, "xmax": 125.1133, "ymax": 665.10968, "score": 0.2905519, "label": "Tree", "tile_idx": 4, "geo_xmin": 696027.69, "geo_ymin": 2428477.2, "geo_xmax": 696032.88, "geo_ymax": 2428482.8, "center_x": 696030.25, "center_y": 2428480.0, "width_m": 5.1875, "height_m": 5.5, "crown_diameter_m": 5.341465, "lon": 88.898214365023478, "lat": 21.949758034000709, "crown_area_raw_m2": 22.408392, "crown_area_calibrated_m2": 26.890072, "agb_tree_kg": 40.443336754586021 }, "geometry": { "type": "Polygon", "coordinates": [ [ [ 696032.84375, 2428480.0 ], [ 696032.831260384758934, 2428479.730452863965183 ], [ 696032.793911821092479, 2428479.463501614518464 ], [ 696032.732063995790668, 2428479.201717137359083 ], [ 696032.646312537486665, 2428478.94762056088075 ], [ 696032.537483279360458, 2428478.703658973798156 ], [ 696032.406624306924641, 2428478.4721818594262 ], [ 696032.254995863419026, 2428478.255418468732387 ], [ 696032.084058213746175, 2428478.05545635195449 ], [ 696031.895457580802031, 2428477.874221253208816 ], [ 696031.691010291920975, 2428477.713458565995097 ], [ 696031.472685286193155, 2428477.574716522824019 ], [ 696031.242585152736865, 2428477.459331285674125 ], [ 696031.002925881650299, 2428477.368414076510817 ], [ 696030.756015522754751, 2428477.302840478718281 ], [ 696030.50423195771873, 2428477.263242001645267 ], [ 696030.25, 2428477.25 ], [ 696029.99576804228127, 2428477.263242001645267 ], [ 696029.743984477245249, 2428477.302840478718281 ], [ 696029.497074118349701, 2428477.368414076510817 ], [ 696029.257414847263135, 2428477.459331285674125 ], [ 696029.027314713806845, 2428477.574716522824019 ], [ 696028.808989708079025, 2428477.713458565995097 ], [ 696028.604542419197969, 2428477.874221253208816 ], [ 696028.415941786253825, 2428478.05545635195449 ], [ 696028.245004136580974, 2428478.255418468732387 ], [ 696028.093375693075359, 2428478.4721818594262 ], [ 696027.962516720639542, 2428478.703658973798156 ], [ 696027.853687462513335, 2428478.94762056088075 ], [ 696027.767936004209332, 2428479.201717137359083 ], [ 696027.706088178907521, 2428479.463501614518464 ], [ 696027.668739615241066, 2428479.730452863965183 ], [ 696027.65625, 2428480.0 ], [ 696027.668739615241066, 2428480.269547136034817 ], [ 696027.706088178907521, 2428480.536498385481536 ], [ 696027.767936004209332, 2428480.798282862640917 ], [ 696027.853687462513335, 2428481.05237943911925 ], [ 696027.962516720639542, 2428481.296341026201844 ], [ 696028.093375693075359, 2428481.5278181405738 ], [ 696028.245004136580974, 2428481.744581531267613 ], [ 696028.415941786253825, 2428481.94454364804551 ], [ 696028.604542419197969, 2428482.125778746791184 ], [ 696028.808989708079025, 2428482.286541434004903 ], [ 696029.027314713806845, 2428482.425283477175981 ], [ 696029.257414847263135, 2428482.540668714325875 ], [ 696029.497074118349701, 2428482.631585923489183 ], [ 696029.743984477245249, 2428482.697159521281719 ], [ 696029.99576804228127, 2428482.736757998354733 ], [ 696030.25, 2428482.75 ], [ 696030.50423195771873, 2428482.736757998354733 ], [ 696030.756015522754751, 2428482.697159521281719 ], [ 696031.002925881650299, 2428482.631585923489183 ], [ 696031.242585152736865, 2428482.540668714325875 ], [ 696031.472685286193155, 2428482.425283477175981 ], [ 696031.691010291920975, 2428482.286541434004903 ], [ 696031.895457580802031, 2428482.125778746791184 ], [ 696032.084058213746175, 2428481.94454364804551 ], [ 696032.254995863419026, 2428481.744581531267613 ], [ 696032.406624306924641, 2428481.5278181405738 ], [ 696032.537483279360458, 2428481.296341026201844 ], [ 696032.646312537486665, 2428481.05237943911925 ], [ 696032.732063995790668, 2428480.798282862640917 ], [ 696032.793911821092479, 2428480.536498385481536 ], [ 696032.831260384758934, 2428480.269547136034817 ], [ 696032.84375, 2428480.0 ] ] ] } },
{ "type": "Feature", "properties": { "xmin": 541.47333, "ymin": 959.92242, "xmax": 560.98199, "ymax": 979.72137, "score": 0.28999817, "label": "Tree", "tile_idx": 13, "geo_xmin": 696145.31, "geo_ymin": 2428392.2, "geo_xmax": 696150.56, "geo_ymax": 2428397.5, "center_x": 696147.94, "center_y": 2428395.0, "width_m": 5.25, "height_m": 5.25, "crown_diameter_m": 5.25, "lon": 88.899343289218024, "lat": 21.948977346211077, "crown_area_raw_m2": 21.647537, "crown_area_calibrated_m2": 25.977045, "agb_tree_kg": 38.798449952558542 }, "geometry": { "type": "Polygon", "coordinates": [ [ [ 696150.5625, 2428395.0 ], [ 696150.549859907478094, 2428394.742705006618053 ], [ 696150.512061361107044, 2428394.487887904513627 ], [ 696150.449468381353654, 2428394.238002722151577 ], [ 696150.362683772807941, 2428393.99545599007979 ], [ 696150.25254331890028, 2428393.76258356589824 ], [ 696150.120107732247561, 2428393.541628138162196 ], [ 696149.966652440023609, 2428393.33471762901172 ], [ 696149.793655300629325, 2428393.14384469948709 ], [ 696149.602782370871864, 2428392.970847560092807 ], [ 696149.395871861721389, 2428392.817392267752439 ], [ 696149.174916434218176, 2428392.684956680983305 ], [ 696148.94204400992021, 2428392.574816226959229 ], [ 696148.699497277848423, 2428392.488031618762761 ], [ 696148.449612095253542, 2428392.425438638776541 ], [ 696148.194794993381947, 2428392.387640092521906 ], [ 696147.9375, 2428392.375 ], [ 696147.680205006618053, 2428392.387640092521906 ], [ 696147.425387904746458, 2428392.425438638776541 ], [ 696147.175502722151577, 2428392.488031618762761 ], [ 696146.93295599007979, 2428392.574816226959229 ], [ 696146.700083565781824, 2428392.684956680983305 ], [ 696146.479128138278611, 2428392.817392267752439 ], [ 696146.272217629128136, 2428392.970847560092807 ], [ 696146.081344699370675, 2428393.14384469948709 ], [ 696145.908347559976391, 2428393.33471762901172 ], [ 696145.754892267752439, 2428393.541628138162196 ], [ 696145.62245668109972, 2428393.76258356589824 ], [ 696145.512316227192059, 2428393.99545599007979 ], [ 696145.425531618646346, 2428394.238002722151577 ], [ 696145.362938638892956, 2428394.487887904513627 ], [ 696145.325140092521906, 2428394.742705006618053 ], [ 696145.3125, 2428395.0 ], [ 696145.325140092521906, 2428395.257294993381947 ], [ 696145.362938638892956, 2428395.512112095486373 ], [ 696145.425531618646346, 2428395.761997277848423 ], [ 696145.512316227192059, 2428396.00454400992021 ], [ 696145.62245668109972, 2428396.23741643410176 ], [ 696145.754892267752439, 2428396.458371861837804 ], [ 696145.908347559976391, 2428396.66528237098828 ], [ 696146.081344699370675, 2428396.85615530051291 ], [ 696146.272217629128136, 2428397.029152439907193 ], [ 696146.479128138278611, 2428397.182607732247561 ], [ 696146.700083565781824, 2428397.315043319016695 ], [ 696146.93295599007979, 2428397.425183773040771 ], [ 696147.175502722151577, 2428397.511968381237239 ], [ 696147.425387904746458, 2428397.574561361223459 ], [ 696147.680205006618053, 2428397.612359907478094 ], [ 696147.9375, 2428397.625 ], [ 696148.194794993381947, 2428397.612359907478094 ], [ 696148.449612095253542, 2428397.574561361223459 ], [ 696148.699497277848423, 2428397.511968381237239 ], [ 696148.94204400992021, 2428397.425183773040771 ], [ 696149.174916434218176, 2428397.315043319016695 ], [ 696149.395871861721389, 2428397.182607732247561 ], [ 696149.602782370871864, 2428397.029152439907193 ], [ 696149.793655300629325, 2428396.85615530051291 ], [ 696149.966652440023609, 2428396.66528237098828 ], [ 696150.120107732247561, 2428396.458371861837804 ], [ 696150.25254331890028, 2428396.23741643410176 ], [ 696150.362683772807941, 2428396.00454400992021 ], [ 696150.449468381353654, 2428395.761997277848423 ], [ 696150.512061361107044, 2428395.512112095486373 ], [ 696150.549859907478094, 2428395.257294993381947 ], [ 696150.5625, 2428395.0 ] ] ] } },
{ "type": "Feature", "properties": { "xmin": 932.88776, "ymin": 285.0004, "xmax": 949.19983, "ymax": 301.12082, "score": 0.28921038, "label": "Tree", "tile_idx": 3, "geo_xmin": 696251.0, "geo_ymin": 2428575.5, "geo_xmax": 696255.44, "geo_ymax": 2428579.8, "center_x": 696253.25, "center_y": 2428577.5, "width_m": 4.4375, "height_m": 4.25, "crown_diameter_m": 4.3427382, "lon": 88.900384533709214, "lat": 21.950613463214747, "crown_area_raw_m2": 14.812119, "crown_area_calibrated_m2": 17.774544, "agb_tree_kg": 24.588679729796993 }, "geometry": { "type": "Polygon", "coordinates": [ [ [ 696255.46875, 2428577.5 ], [ 696255.458066112361848, 2428577.291713576763868 ], [ 696255.426117340917699, 2428577.085433065891266 ], [ 696255.373211369849741, 2428576.883145060855895 ], [ 696255.299857712816447, 2428576.686797706410289 ], [ 696255.206762805231847, 2428576.498281934298575 ], [ 696255.094823202351108, 2428576.319413254968822 ], [ 696254.96511694334913, 2428576.151914271060377 ], [ 696254.818893170799129, 2428575.997398090083152 ], [ 696254.657560099265538, 2428575.857352786697447 ], [ 696254.482671454548836, 2428575.733127073850483 ], [ 696254.295911509776488, 2428575.625917313154787 ], [ 696254.099078865605406, 2428575.536755993496627 ], [ 696253.89406912762206, 2428575.466501786373556 ], [ 696253.682856651954353, 2428575.415831279009581 ], [ 696253.467475530109368, 2428575.385232456028461 ], [ 696253.25, 2428575.375 ], [ 696253.032524469890632, 2428575.385232456028461 ], [ 696252.817143348045647, 2428575.415831279009581 ], [ 696252.60593087237794, 2428575.466501786373556 ], [ 696252.400921134394594, 2428575.536755993496627 ], [ 696252.204088490223512, 2428575.625917313154787 ], [ 696252.017328545451164, 2428575.733127073850483 ], [ 696251.842439900734462, 2428575.857352786697447 ], [ 696251.681106829200871, 2428575.997398090083152 ], [ 696251.53488305665087, 2428576.151914271060377 ], [ 696251.405176797648892, 2428576.319413254968822 ], [ 696251.293237194768153, 2428576.498281934298575 ], [ 696251.200142287183553, 2428576.686797706410289 ], [ 696251.126788630150259, 2428576.883145060855895 ], [ 696251.073882659082301, 2428577.085433065891266 ], [ 696251.041933887638152, 2428577.291713576763868 ], [ 696251.03125, 2428577.5 ], [ 696251.041933887638152, 2428577.708286423236132 ], [ 696251.073882659082301, 2428577.914566934108734 ], [ 696251.126788630150259, 2428578.116854939144105 ], [ 696251.200142287183553, 2428578.313202293589711 ], [ 696251.293237194768153, 2428578.501718065701425 ], [ 696251.405176797648892, 2428578.680586745031178 ], [ 696251.53488305665087, 2428578.848085728939623 ], [ 696251.681106829200871, 2428579.002601909916848 ], [ 696251.842439900734462, 2428579.142647213302553 ], [ 696252.017328545451164, 2428579.266872926149517 ], [ 696252.204088490223512, 2428579.374082686845213 ], [ 696252.400921134394594, 2428579.463244006503373 ], [ 696252.60593087237794, 2428579.533498213626444 ], [ 696252.817143348045647, 2428579.584168720990419 ], [ 696253.032524469890632, 2428579.614767543971539 ], [ 696253.25, 2428579.625 ], [ 696253.467475530109368, 2428579.614767543971539 ], [ 696253.682856651954353, 2428579.584168720990419 ], [ 696253.89406912762206, 2428579.533498213626444 ], [ 696254.099078865605406, 2428579.463244006503373 ], [ 696254.295911509776488, 2428579.374082686845213 ], [ 696254.482671454548836, 2428579.266872926149517 ], [ 696254.657560099265538, 2428579.142647213302553 ], [ 696254.818893170799129, 2428579.002601909916848 ], [ 696254.96511694334913, 2428578.848085728939623 ], [ 696255.094823202351108, 2428578.680586745031178 ], [ 696255.206762805231847, 2428578.501718065701425 ], [ 696255.299857712816447, 2428578.313202293589711 ], [ 696255.373211369849741, 2428578.116854939144105 ], [ 696255.426117340917699, 2428577.914566934108734 ], [ 696255.458066112361848, 2428577.708286423236132 ], [ 696255.46875, 2428577.5 ] ] ] } },
{ "type": "Feature", "properties": { "xmin": 740.38293, "ymin": 686.48767, "xmax": 756.26324, "ymax": 702.8205, "score": 0.28853762, "label": "Tree", "tile_idx": 14, "geo_xmin": 696199.0, "geo_ymin": 2428467.0, "geo_xmax": 696203.31, "geo_ymax": 2428471.5, "center_x": 696201.12, "center_y": 2428469.2, "width_m": 4.3125, "height_m": 4.5, "crown_diameter_m": 4.4052525, "lon": 88.899867010194995, "lat": 21.949641842568354, "crown_area_raw_m2": 15.241633, "crown_area_calibrated_m2": 18.289961, "agb_tree_kg": 25.448208719029687 }, "geometry": { "type": "Polygon", "coordinates": [ [ [ 696203.28125, 2428469.25 ], [ 696203.270867066923529, 2428469.029461434110999 ], [ 696203.239818260888569, 2428468.811046775430441 ], [ 696203.1884025989566, 2428468.596859476063401 ], [ 696203.117115241941065, 2428468.388962277211249 ], [ 696203.026642726268619, 2428468.189357342198491 ], [ 696202.917856351472437, 2428467.999966975767165 ], [ 696202.79180379002355, 2428467.822615110781044 ], [ 696202.649698996916413, 2428467.659009742550552 ], [ 696202.492910519009456, 2428467.510726479813457 ], [ 696202.322948314948007, 2428467.379193372093141 ], [ 696202.141449213726446, 2428467.265677154995501 ], [ 696201.950161151005886, 2428467.171271051745862 ], [ 696201.750926335342228, 2428467.096884244587272 ], [ 696201.545663506840356, 2428467.043233118951321 ], [ 696201.336349458782934, 2428467.010834365151823 ], [ 696201.125, 2428467.0 ], [ 696200.913650541217066, 2428467.010834365151823 ], [ 696200.704336493159644, 2428467.043233118951321 ], [ 696200.499073664657772, 2428467.096884244587272 ], [ 696200.299838848994114, 2428467.171271051745862 ], [ 696200.108550786273554, 2428467.265677154995501 ], [ 696199.927051685051993, 2428467.379193372093141 ], [ 696199.757089480990544, 2428467.510726479813457 ], [ 696199.600301003083587, 2428467.659009742550552 ], [ 696199.45819620997645, 2428467.822615110781044 ], [ 696199.332143648527563, 2428467.999966975767165 ], [ 696199.223357273731381, 2428468.189357342198491 ], [ 696199.132884758058935, 2428468.388962277211249 ], [ 696199.0615974010434, 2428468.596859476063401 ], [ 696199.010181739111431, 2428468.811046775430441 ], [ 696198.979132933076471, 2428469.029461434110999 ], [ 696198.96875, 2428469.25 ], [ 696198.979132933076471, 2428469.470538565889001 ], [ 696199.010181739111431, 2428469.688953224569559 ], [ 696199.0615974010434, 2428469.903140523936599 ], [ 696199.132884758058935, 2428470.111037722788751 ], [ 696199.223357273731381, 2428470.310642657801509 ], [ 696199.332143648527563, 2428470.500033024232835 ], [ 696199.45819620997645, 2428470.677384889218956 ], [ 696199.600301003083587, 2428470.840990257449448 ], [ 696199.757089480990544, 2428470.989273520186543 ], [ 696199.927051685051993, 2428471.120806627906859 ], [ 696200.108550786273554, 2428471.234322845004499 ], [ 696200.299838848994114, 2428471.328728948254138 ], [ 696200.499073664657772, 2428471.403115755412728 ], [ 696200.704336493159644, 2428471.456766881048679 ], [ 696200.913650541217066, 2428471.489165634848177 ], [ 696201.125, 2428471.5 ], [ 696201.336349458782934, 2428471.489165634848177 ], [ 696201.545663506840356, 2428471.456766881048679 ], [ 696201.750926335342228, 2428471.403115755412728 ], [ 696201.950161151005886, 2428471.328728948254138 ], [ 696202.141449213726446, 2428471.234322845004499 ], [ 696202.322948314948007, 2428471.120806627906859 ], [ 696202.492910519009456, 2428470.989273520186543 ], [ 696202.649698996916413, 2428470.840990257449448 ], [ 696202.79180379002355, 2428470.677384889218956 ], [ 696202.917856351472437, 2428470.500033024232835 ], [ 696203.026642726268619, 2428470.310642657801509 ], [ 696203.117115241941065, 2428470.111037722788751 ], [ 696203.1884025989566, 2428469.903140523936599 ], [ 696203.239818260888569, 2428469.688953224569559 ], [ 696203.270867066923529, 2428469.470538565889001 ], [ 696203.28125, 2428469.25 ] ] ] } },
{ "type": "Feature", "properties": { "xmin": 239.38727, "ymin": 606.39648, "xmax": 258.48676, "ymax": 626.41772, "score": 0.2877101, "label": "Tree", "tile_idx": 4, "geo_xmin": 696063.75, "geo_ymin": 2428487.5, "geo_xmax": 696068.94, "geo_ymax": 2428493.0, "center_x": 696066.38, "center_y": 2428490.2, "width_m": 5.1875, "height_m": 5.5, "crown_diameter_m": 5.341465, "lon": 88.898565256010272, "lat": 21.949846546378545, "crown_area_raw_m2": 22.408392, "crown_area_calibrated_m2": 26.890072, "agb_tree_kg": 40.443336754586021 }, "geometry": { "type": "Polygon", "coordinates": [ [ [ 696068.96875, 2428490.25 ], [ 696068.956260384758934, 2428489.980452863965183 ], [ 696068.918911821092479, 2428489.713501614518464 ], [ 696068.857063995790668, 2428489.451717137359083 ], [ 696068.771312537486665, 2428489.19762056088075 ], [ 696068.662483279360458, 2428488.953658973798156 ], [ 696068.531624306924641, 2428488.7221818594262 ], [ 696068.379995863419026, 2428488.505418468732387 ], [ 696068.209058213746175, 2428488.30545635195449 ], [ 696068.020457580802031, 2428488.124221253208816 ], [ 696067.816010291920975, 2428487.963458565995097 ], [ 696067.597685286193155, 2428487.824716522824019 ], [ 696067.367585152736865, 2428487.709331285674125 ], [ 696067.127925881650299, 2428487.618414076510817 ], [ 696066.881015522754751, 2428487.552840478718281 ], [ 696066.62923195771873, 2428487.513242001645267 ], [ 696066.375, 2428487.5 ], [ 696066.12076804228127, 2428487.513242001645267 ], [ 696065.868984477245249, 2428487.552840478718281 ], [ 696065.622074118349701, 2428487.618414076510817 ], [ 696065.382414847263135, 2428487.709331285674125 ], [ 696065.152314713806845, 2428487.824716522824019 ], [ 696064.933989708079025, 2428487.963458565995097 ], [ 696064.729542419197969, 2428488.124221253208816 ], [ 696064.540941786253825, 2428488.30545635195449 ], [ 696064.370004136580974, 2428488.505418468732387 ], [ 696064.218375693075359, 2428488.7221818594262 ], [ 696064.087516720639542, 2428488.953658973798156 ], [ 696063.978687462513335, 2428489.19762056088075 ], [ 696063.892936004209332, 2428489.451717137359083 ], [ 696063.831088178907521, 2428489.713501614518464 ], [ 696063.793739615241066, 2428489.980452863965183 ], [ 696063.78125, 2428490.25 ], [ 696063.793739615241066, 2428490.519547136034817 ], [ 696063.831088178907521, 2428490.786498385481536 ], [ 696063.892936004209332, 2428491.048282862640917 ], [ 696063.978687462513335, 2428491.30237943911925 ], [ 696064.087516720639542, 2428491.546341026201844 ], [ 696064.218375693075359, 2428491.7778181405738 ], [ 696064.370004136580974, 2428491.994581531267613 ], [ 696064.540941786253825, 2428492.19454364804551 ], [ 696064.729542419197969, 2428492.375778746791184 ], [ 696064.933989708079025, 2428492.536541434004903 ], [ 696065.152314713806845, 2428492.675283477175981 ], [ 696065.382414847263135, 2428492.790668714325875 ], [ 696065.622074118349701, 2428492.881585923489183 ], [ 696065.868984477245249, 2428492.947159521281719 ], [ 696066.12076804228127, 2428492.986757998354733 ], [ 696066.375, 2428493.0 ], [ 696066.62923195771873, 2428492.986757998354733 ], [ 696066.881015522754751, 2428492.947159521281719 ], [ 696067.127925881650299, 2428492.881585923489183 ], [ 696067.367585152736865, 2428492.790668714325875 ], [ 696067.597685286193155, 2428492.675283477175981 ], [ 696067.816010291920975, 2428492.536541434004903 ], [ 696068.020457580802031, 2428492.375778746791184 ], [ 696068.209058213746175, 2428492.19454364804551 ], [ 696068.379995863419026, 2428491.994581531267613 ], [ 696068.531624306924641, 2428491.7778181405738 ], [ 696068.662483279360458, 2428491.546341026201844 ], [ 696068.771312537486665, 2428491.30237943911925 ], [ 696068.857063995790668, 2428491.048282862640917 ], [ 696068.918911821092479, 2428490.786498385481536 ], [ 696068.956260384758934, 2428490.519547136034817 ], [ 696068.96875, 2428490.25 ] ] ] } },
{ "type": "Feature", "properties": { "xmin": 800.48438, "ymin": 684.53839, "xmax": 822.08789, "ymax": 705.21619, "score": 0.28647822, "label": "Tree", "tile_idx": 10, "geo_xmin": 696215.25, "geo_ymin": 2428466.2, "geo_xmax": 696221.06, "geo_ymax": 2428472.0, "center_x": 696218.12, "center_y": 2428469.0, "width_m": 5.8125, "height_m": 5.75, "crown_diameter_m": 5.7811656, "lon": 88.900031526579539, "lat": 21.94963768176353, "crown_area_raw_m2": 26.249479, "crown_area_calibrated_m2": 31.499376, "agb_tree_kg": 48.91436895740258 }, "geometry": { "type": "Polygon", "coordinates": [ [ [ 696221.03125, 2428469.0 ], [ 696221.017255611834116, 2428468.718200721777976 ], [ 696220.975407221121714, 2428468.439115324057639 ], [ 696220.906107850722037, 2428468.165431553032249 ], [ 696220.810024891397916, 2428467.899785132147372 ], [ 696220.688083674525842, 2428467.644734381698072 ], [ 696220.541458560735919, 2428467.402735580224544 ], [ 696220.371561630046926, 2428467.176119307987392 ], [ 696220.180029082810506, 2428466.967068003956228 ], [ 696219.968705482082441, 2428466.777594946790487 ], [ 696219.739625989692286, 2428466.609524864703417 ], [ 696219.494996766443364, 2428466.464476365130395 ], [ 696219.237173725268804, 2428466.34384634392336 ], [ 696218.96863984328229, 2428466.248796534724534 ], [ 696218.691981248324737, 2428466.180242318660021 ], [ 696218.409862314118072, 2428466.138843910768628 ], [ 696218.125, 2428466.125 ], [ 696217.840137685881928, 2428466.138843910768628 ], [ 696217.558018751675263, 2428466.180242318660021 ], [ 696217.28136015671771, 2428466.248796534724534 ], [ 696217.012826274731196, 2428466.34384634392336 ], [ 696216.755003233556636, 2428466.464476365130395 ], [ 696216.510374010307714, 2428466.609524864703417 ], [ 696216.281294517917559, 2428466.777594946790487 ], [ 696216.069970917189494, 2428466.967068003956228 ], [ 696215.878438369953074, 2428467.176119307987392 ], [ 696215.708541439264081, 2428467.402735580224544 ], [ 696215.561916325474158, 2428467.644734381698072 ], [ 696215.439975108602084, 2428467.899785132147372 ], [ 696215.343892149277963, 2428468.165431553032249 ], [ 696215.274592778878286, 2428468.439115324057639 ], [ 696215.232744388165884, 2428468.718200721777976 ], [ 696215.21875, 2428469.0 ], [ 696215.232744388165884, 2428469.281799278222024 ], [ 696215.274592778878286, 2428469.560884675942361 ], [ 696215.343892149277963, 2428469.834568446967751 ], [ 696215.439975108602084, 2428470.100214867852628 ], [ 696215.561916325474158, 2428470.355265618301928 ], [ 696215.708541439264081, 2428470.597264419775456 ], [ 696215.878438369953074, 2428470.823880692012608 ], [ 696216.069970917189494, 2428471.032931996043772 ], [ 696216.281294517917559, 2428471.222405053209513 ], [ 696216.510374010307714, 2428471.390475135296583 ], [ 696216.755003233556636, 2428471.535523634869605 ], [ 696217.012826274731196, 2428471.65615365607664 ], [ 696217.28136015671771, 2428471.751203465275466 ], [ 696217.558018751675263, 2428471.819757681339979 ], [ 696217.840137685881928, 2428471.861156089231372 ], [ 696218.125, 2428471.875 ], [ 696218.409862314118072, 2428471.861156089231372 ], [ 696218.691981248324737, 2428471.819757681339979 ], [ 696218.96863984328229, 2428471.751203465275466 ], [ 696219.237173725268804, 2428471.65615365607664 ], [ 696219.494996766443364, 2428471.535523634869605 ], [ 696219.739625989692286, 2428471.390475135296583 ], [ 696219.968705482082441, 2428471.222405053209513 ], [ 696220.180029082810506, 2428471.032931996043772 ], [ 696220.371561630046926, 2428470.823880692012608 ], [ 696220.541458560735919, 2428470.597264419775456 ], [ 696220.688083674525842, 2428470.355265618301928 ], [ 696220.810024891397916, 2428470.100214867852628 ], [ 696220.906107850722037, 2428469.834568446967751 ], [ 696220.975407221121714, 2428469.560884675942361 ], [ 696221.017255611834116, 2428469.281799278222024 ], [ 696221.03125, 2428469.0 ] ] ] } },
{ "type": "Feature", "properties": { "xmin": 912.13147, "ymin": 745.08545, "xmax": 927.37329, "ymax": 759.92407, "score": 0.28478721, "label": "Tree", "tile_idx": 14, "geo_xmin": 696245.38, "geo_ymin": 2428451.5, "geo_xmax": 696249.5, "geo_ymax": 2428455.5, "center_x": 696247.44, "center_y": 2428453.5, "width_m": 4.125, "height_m": 4.0, "crown_diameter_m": 4.0620193, "lon": 88.900313387422614, "lat": 21.949494440155576, "crown_area_raw_m2": 12.95907, "crown_area_calibrated_m2": 15.550885, "agb_tree_kg": 20.939540554446658 }, "geometry": { "type": "Polygon", "coordinates": [ [ [ 696249.5, 2428453.5 ], [ 696249.49006849876605, 2428453.303965719416738 ], [ 696249.460369640844874, 2428453.10981935588643 ], [ 696249.411189442500472, 2428452.91943064564839 ], [ 696249.343001535860822, 2428452.734633135143667 ], [ 696249.25646260776557, 2428452.557206526398659 ], [ 696249.152406075387262, 2428452.388859534170479 ], [ 696249.031834060093388, 2428452.231213431805372 ], [ 696248.895907736150548, 2428452.085786437615752 ], [ 696248.745936148567125, 2428451.953979093115777 ], [ 696248.583363605546765, 2428451.837060775607824 ], [ 696248.409755769651383, 2428451.736157471314073 ], [ 696248.226784579223022, 2428451.65224093478173 ], [ 696248.036212146864273, 2428451.5861193286255 ], [ 696247.839873789111152, 2428451.538429439067841 ], [ 696247.639660351909697, 2428451.509630546439439 ], [ 696247.4375, 2428451.5 ], [ 696247.235339648090303, 2428451.509630546439439 ], [ 696247.035126210888848, 2428451.538429439067841 ], [ 696246.838787853135727, 2428451.5861193286255 ], [ 696246.648215420776978, 2428451.65224093478173 ], [ 696246.465244230348617, 2428451.736157471314073 ], [ 696246.291636394453235, 2428451.837060775607824 ], [ 696246.129063851432875, 2428451.953979093115777 ], [ 696245.979092263849452, 2428452.085786437615752 ], [ 696245.843165939906612, 2428452.231213431805372 ], [ 696245.722593924612738, 2428452.388859534170479 ], [ 696245.61853739223443, 2428452.557206526398659 ], [ 696245.531998464139178, 2428452.734633135143667 ], [ 696245.463810557499528, 2428452.91943064564839 ], [ 696245.414630359155126, 2428453.10981935588643 ], [ 696245.38493150123395, 2428453.303965719416738 ], [ 696245.375, 2428453.5 ], [ 696245.38493150123395, 2428453.696034280583262 ], [ 696245.414630359155126, 2428453.89018064411357 ], [ 696245.463810557499528, 2428454.08056935435161 ], [ 696245.531998464139178, 2428454.265366864856333 ], [ 696245.61853739223443, 2428454.442793473601341 ], [ 696245.722593924612738, 2428454.611140465829521 ], [ 696245.843165939906612, 2428454.768786568194628 ], [ 696245.979092263849452, 2428454.914213562384248 ], [ 696246.129063851432875, 2428455.046020906884223 ], [ 696246.291636394453235, 2428455.162939224392176 ], [ 696246.465244230348617, 2428455.263842528685927 ], [ 696246.648215420776978, 2428455.34775906521827 ], [ 696246.838787853135727, 2428455.4138806713745 ], [ 696247.035126210888848, 2428455.461570560932159 ], [ 696247.235339648090303, 2428455.490369453560561 ], [ 696247.4375, 2428455.5 ], [ 696247.639660351909697, 2428455.490369453560561 ], [ 696247.839873789111152, 2428455.461570560932159 ], [ 696248.036212146864273, 2428455.4138806713745 ], [ 696248.226784579223022, 2428455.34775906521827 ], [ 696248.409755769651383, 2428455.263842528685927 ], [ 696248.583363605546765, 2428455.162939224392176 ], [ 696248.745936148567125, 2428455.046020906884223 ], [ 696248.895907736150548, 2428454.914213562384248 ], [ 696249.031834060093388, 2428454.768786568194628 ], [ 696249.152406075387262, 2428454.611140465829521 ], [ 696249.25646260776557, 2428454.442793473601341 ], [ 696249.343001535860822, 2428454.265366864856333 ], [ 696249.411189442500472, 2428454.08056935435161 ], [ 696249.460369640844874, 2428453.89018064411357 ], [ 696249.49006849876605, 2428453.696034280583262 ], [ 696249.5, 2428453.5 ] ] ] } },
{ "type": "Feature", "properties": { "xmin": 896.07428, "ymin": 467.14316, "xmax": 912.05353, "ymax": 484.1962, "score": 0.28278822, "label": "Tree", "tile_idx": 6, "geo_xmin": 696241.06, "geo_ymin": 2428526.0, "geo_xmax": 696245.38, "geo_ymax": 2428530.5, "center_x": 696243.25, "center_y": 2428528.2, "width_m": 4.3125, "height_m": 4.5, "crown_diameter_m": 4.4052525, "lon": 88.900281828876999, "lat": 21.950169873906269, "crown_area_raw_m2": 15.241633, "crown_area_calibrated_m2": 18.289961, "agb_tree_kg": 25.448208719029687 }, "geometry": { "type": "Polygon", "coordinates": [ [ [ 696245.40625, 2428528.25 ], [ 696245.395867066923529, 2428528.029461434110999 ], [ 696245.364818260888569, 2428527.811046775430441 ], [ 696245.3134025989566, 2428527.596859476063401 ], [ 696245.242115241941065, 2428527.388962277211249 ], [ 696245.151642726268619, 2428527.189357342198491 ], [ 696245.042856351472437, 2428526.999966975767165 ], [ 696244.91680379002355, 2428526.822615110781044 ], [ 696244.774698996916413, 2428526.659009742550552 ], [ 696244.617910519009456, 2428526.510726479813457 ], [ 696244.447948314948007, 2428526.379193372093141 ], [ 696244.266449213726446, 2428526.265677154995501 ], [ 696244.075161151005886, 2428526.171271051745862 ], [ 696243.875926335342228, 2428526.096884244587272 ], [ 696243.670663506840356, 2428526.043233118951321 ], [ 696243.461349458782934, 2428526.010834365151823 ], [ 696243.25, 2428526.0 ], [ 696243.038650541217066, 2428526.010834365151823 ], [ 696242.829336493159644, 2428526.043233118951321 ], [ 696242.624073664657772, 2428526.096884244587272 ], [ 696242.424838848994114, 2428526.171271051745862 ], [ 696242.233550786273554, 2428526.265677154995501 ], [ 696242.052051685051993, 2428526.379193372093141 ], [ 696241.882089480990544, 2428526.510726479813457 ], [ 696241.725301003083587, 2428526.659009742550552 ], [ 696241.58319620997645, 2428526.822615110781044 ], [ 696241.457143648527563, 2428526.999966975767165 ], [ 696241.348357273731381, 2428527.189357342198491 ], [ 696241.257884758058935, 2428527.388962277211249 ], [ 696241.1865974010434, 2428527.596859476063401 ], [ 696241.135181739111431, 2428527.811046775430441 ], [ 696241.104132933076471, 2428528.029461434110999 ], [ 696241.09375, 2428528.25 ], [ 696241.104132933076471, 2428528.470538565889001 ], [ 696241.135181739111431, 2428528.688953224569559 ], [ 696241.1865974010434, 2428528.903140523936599 ], [ 696241.257884758058935, 2428529.111037722788751 ], [ 696241.348357273731381, 2428529.310642657801509 ], [ 696241.457143648527563, 2428529.500033024232835 ], [ 696241.58319620997645, 2428529.677384889218956 ], [ 696241.725301003083587, 2428529.840990257449448 ], [ 696241.882089480990544, 2428529.989273520186543 ], [ 696242.052051685051993, 2428530.120806627906859 ], [ 696242.233550786273554, 2428530.234322845004499 ], [ 696242.424838848994114, 2428530.328728948254138 ], [ 696242.624073664657772, 2428530.403115755412728 ], [ 696242.829336493159644, 2428530.456766881048679 ], [ 696243.038650541217066, 2428530.489165634848177 ], [ 696243.25, 2428530.5 ], [ 696243.461349458782934, 2428530.489165634848177 ], [ 696243.670663506840356, 2428530.456766881048679 ], [ 696243.875926335342228, 2428530.403115755412728 ], [ 696244.075161151005886, 2428530.328728948254138 ], [ 696244.266449213726446, 2428530.234322845004499 ], [ 696244.447948314948007, 2428530.120806627906859 ], [ 696244.617910519009456, 2428529.989273520186543 ], [ 696244.774698996916413, 2428529.840990257449448 ], [ 696244.91680379002355, 2428529.677384889218956 ], [ 696245.042856351472437, 2428529.500033024232835 ], [ 696245.151642726268619, 2428529.310642657801509 ], [ 696245.242115241941065, 2428529.111037722788751 ], [ 696245.3134025989566, 2428528.903140523936599 ], [ 696245.364818260888569, 2428528.688953224569559 ], [ 696245.395867066923529, 2428528.470538565889001 ], [ 696245.40625, 2428528.25 ] ] ] } },
{ "type": "Feature", "properties": { "xmin": 58.682945, "ymin": 566.28107, "xmax": 76.827721, "ymax": 585.77142, "score": 0.28230038, "label": "Tree", "tile_idx": 4, "geo_xmin": 696015.0, "geo_ymin": 2428498.5, "geo_xmax": 696019.88, "geo_ymax": 2428503.8, "center_x": 696017.44, "center_y": 2428501.0, "width_m": 4.875, "height_m": 5.25, "crown_diameter_m": 5.0590267, "lon": 88.898092868010593, "lat": 21.949949089660784, "crown_area_raw_m2": 20.101284, "crown_area_calibrated_m2": 24.121542, "agb_tree_kg": 35.491831674043468 }, "geometry": { "type": "Polygon", "coordinates": [ [ [ 696019.875, 2428501.0 ], [ 696019.863262771279551, 2428500.742705006618053 ], [ 696019.828164121019654, 2428500.487887904513627 ], [ 696019.770042068324983, 2428500.238002722151577 ], [ 696019.68945636053104, 2428499.99545599007979 ], [ 696019.587183081894182, 2428499.76258356589824 ], [ 696019.464207179960795, 2428499.541628138162196 ], [ 696019.321712980046868, 2428499.33471762901172 ], [ 696019.161072779097594, 2428499.14384469948709 ], [ 696018.983833630103618, 2428498.970847560092807 ], [ 696018.791702443035319, 2428498.817392267752439 ], [ 696018.58652954606805, 2428498.684956680983305 ], [ 696018.37029086635448, 2428498.574816226959229 ], [ 696018.145068900776096, 2428498.488031618762761 ], [ 696017.913032659911551, 2428498.425438638776541 ], [ 696017.676416779519059, 2428498.387640092521906 ], [ 696017.4375, 2428498.375 ], [ 696017.198583220480941, 2428498.387640092521906 ], [ 696016.961967340088449, 2428498.425438638776541 ], [ 696016.729931099223904, 2428498.488031618762761 ], [ 696016.50470913364552, 2428498.574816226959229 ], [ 696016.28847045393195, 2428498.684956680983305 ], [ 696016.083297556964681, 2428498.817392267752439 ], [ 696015.891166369896382, 2428498.970847560092807 ], [ 696015.713927220902406, 2428499.14384469948709 ], [ 696015.553287019953132, 2428499.33471762901172 ], [ 696015.410792820039205, 2428499.541628138162196 ], [ 696015.287816918105818, 2428499.76258356589824 ], [ 696015.18554363946896, 2428499.99545599007979 ], [ 696015.104957931675017, 2428500.238002722151577 ], [ 696015.046835878980346, 2428500.487887904513627 ], [ 696015.011737228720449, 2428500.742705006618053 ], [ 696015.0, 2428501.0 ], [ 696015.011737228720449, 2428501.257294993381947 ], [ 696015.046835878980346, 2428501.512112095486373 ], [ 696015.104957931675017, 2428501.761997277848423 ], [ 696015.18554363946896, 2428502.00454400992021 ], [ 696015.287816918105818, 2428502.23741643410176 ], [ 696015.410792820039205, 2428502.458371861837804 ], [ 696015.553287019953132, 2428502.66528237098828 ], [ 696015.713927220902406, 2428502.85615530051291 ], [ 696015.891166369896382, 2428503.029152439907193 ], [ 696016.083297556964681, 2428503.182607732247561 ], [ 696016.28847045393195, 2428503.315043319016695 ], [ 696016.50470913364552, 2428503.425183773040771 ], [ 696016.729931099223904, 2428503.511968381237239 ], [ 696016.961967340088449, 2428503.574561361223459 ], [ 696017.198583220480941, 2428503.612359907478094 ], [ 696017.4375, 2428503.625 ], [ 696017.676416779519059, 2428503.612359907478094 ], [ 696017.913032659911551, 2428503.574561361223459 ], [ 696018.145068900776096, 2428503.511968381237239 ], [ 696018.37029086635448, 2428503.425183773040771 ], [ 696018.58652954606805, 2428503.315043319016695 ], [ 696018.791702443035319, 2428503.182607732247561 ], [ 696018.983833630103618, 2428503.029152439907193 ], [ 696019.161072779097594, 2428502.85615530051291 ], [ 696019.321712980046868, 2428502.66528237098828 ], [ 696019.464207179960795, 2428502.458371861837804 ], [ 696019.587183081894182, 2428502.23741643410176 ], [ 696019.68945636053104, 2428502.00454400992021 ], [ 696019.770042068324983, 2428501.761997277848423 ], [ 696019.828164121019654, 2428501.512112095486373 ], [ 696019.863262771279551, 2428501.257294993381947 ], [ 696019.875, 2428501.0 ] ] ] } },
{ "type": "Feature", "properties": { "xmin": 537.85828, "ymin": 102.08382, "xmax": 557.73181, "ymax": 123.22183, "score": 0.28146815, "label": "Tree", "tile_idx": 1, "geo_xmin": 696144.38, "geo_ymin": 2428623.5, "geo_xmax": 696149.69, "geo_ymax": 2428629.2, "center_x": 696147.0, "center_y": 2428626.5, "width_m": 5.3125, "height_m": 5.75, "crown_diameter_m": 5.5269227, "lon": 88.899361991142626, "lat": 21.951067811490052, "crown_area_raw_m2": 23.991459, "crown_area_calibrated_m2": 28.789751, "agb_tree_kg": 43.901714519780178 }, "geometry": { "type": "Polygon", "coordinates": [ [ [ 696149.65625, 2428626.5 ], [ 696149.643459430197254, 2428626.218200721777976 ], [ 696149.605210901121609, 2428625.939115324057639 ], [ 696149.541872766800225, 2428625.665431553032249 ], [ 696149.454055008245632, 2428625.399785132147372 ], [ 696149.342603358440101, 2428625.144734381698072 ], [ 696149.208591157686897, 2428624.902735580224544 ], [ 696149.053309016744606, 2428624.676119307987392 ], [ 696148.878252387512475, 2428624.467068003956228 ], [ 696148.685107161058113, 2428624.277594946790487 ], [ 696148.475733431405388, 2428624.109524864703417 ], [ 696148.252147582243197, 2428623.964476365130395 ], [ 696148.01650286721997, 2428623.84384634392336 ], [ 696147.771068673930131, 2428623.748796534724534 ], [ 696147.518208667868748, 2428623.680242318660021 ], [ 696147.260358029045165, 2428623.638843910768628 ], [ 696147.0, 2428623.625 ], [ 696146.739641970954835, 2428623.638843910768628 ], [ 696146.481791332131252, 2428623.680242318660021 ], [ 696146.228931326069869, 2428623.748796534724534 ], [ 696145.98349713278003, 2428623.84384634392336 ], [ 696145.747852417756803, 2428623.964476365130395 ], [ 696145.524266568594612, 2428624.109524864703417 ], [ 696145.314892838941887, 2428624.277594946790487 ], [ 696145.121747612487525, 2428624.467068003956228 ], [ 696144.946690983255394, 2428624.676119307987392 ], [ 696144.791408842313103, 2428624.902735580224544 ], [ 696144.657396641559899, 2428625.144734381698072 ], [ 696144.545944991754368, 2428625.399785132147372 ], [ 696144.458127233199775, 2428625.665431553032249 ], [ 696144.394789098878391, 2428625.939115324057639 ], [ 696144.356540569802746, 2428626.218200721777976 ], [ 696144.34375, 2428626.5 ], [ 696144.356540569802746, 2428626.781799278222024 ], [ 696144.394789098878391, 2428627.060884675942361 ], [ 696144.458127233199775, 2428627.334568446967751 ], [ 696144.545944991754368, 2428627.600214867852628 ], [ 696144.657396641559899, 2428627.855265618301928 ], [ 696144.791408842313103, 2428628.097264419775456 ], [ 696144.946690983255394, 2428628.323880692012608 ], [ 696145.121747612487525, 2428628.532931996043772 ], [ 696145.314892838941887, 2428628.722405053209513 ], [ 696145.524266568594612, 2428628.890475135296583 ], [ 696145.747852417756803, 2428629.035523634869605 ], [ 696145.98349713278003, 2428629.15615365607664 ], [ 696146.228931326069869, 2428629.251203465275466 ], [ 696146.481791332131252, 2428629.319757681339979 ], [ 696146.739641970954835, 2428629.361156089231372 ], [ 696147.0, 2428629.375 ], [ 696147.260358029045165, 2428629.361156089231372 ], [ 696147.518208667868748, 2428629.319757681339979 ], [ 696147.771068673930131, 2428629.251203465275466 ], [ 696148.01650286721997, 2428629.15615365607664 ], [ 696148.252147582243197, 2428629.035523634869605 ], [ 696148.475733431405388, 2428628.890475135296583 ], [ 696148.685107161058113, 2428628.722405053209513 ], [ 696148.878252387512475, 2428628.532931996043772 ], [ 696149.053309016744606, 2428628.323880692012608 ], [ 696149.208591157686897, 2428628.097264419775456 ], [ 696149.342603358440101, 2428627.855265618301928 ], [ 696149.454055008245632, 2428627.600214867852628 ], [ 696149.541872766800225, 2428627.334568446967751 ], [ 696149.605210901121609, 2428627.060884675942361 ], [ 696149.643459430197254, 2428626.781799278222024 ], [ 696149.65625, 2428626.5 ] ] ] } },
{ "type": "Feature", "properties": { "xmin": 282.79602, "ymin": 315.50729, "xmax": 302.17908, "ymax": 334.69498, "score": 0.28111342, "label": "Tree", "tile_idx": 0, "geo_xmin": 696075.5, "geo_ymin": 2428566.5, "geo_xmax": 696080.69, "geo_ymax": 2428571.5, "center_x": 696078.12, "center_y": 2428569.0, "width_m": 5.1875, "height_m": 5.0, "crown_diameter_m": 5.0928874, "lon": 88.898688432320569, "lat": 21.950556315665676, "crown_area_raw_m2": 20.371265, "crown_area_calibrated_m2": 24.44552, "agb_tree_kg": 36.065590311746341 }, "geometry": { "type": "Polygon", "coordinates": [ [ [ 696080.71875, 2428569.0 ], [ 696080.706260384758934, 2428568.754957149270922 ], [ 696080.668911821092479, 2428568.512274194974452 ], [ 696080.607063995790668, 2428568.274288306944072 ], [ 696080.521312537486665, 2428568.04329141927883 ], [ 696080.412483279360458, 2428567.821508157998323 ], [ 696080.281624306924641, 2428567.611074417363852 ], [ 696080.129995863419026, 2428567.414016789756715 ], [ 696079.959058213746175, 2428567.23223304701969 ], [ 696079.770457580802031, 2428567.067473866511136 ], [ 696079.566010291920975, 2428566.921325969044119 ], [ 696079.347685286193155, 2428566.795196839142591 ], [ 696079.117585152736865, 2428566.690301168709993 ], [ 696078.877925881650299, 2428566.607649160549045 ], [ 696078.631015522754751, 2428566.548036798834801 ], [ 696078.37923195771873, 2428566.512038183398545 ], [ 696078.125, 2428566.5 ], [ 696077.87076804228127, 2428566.512038183398545 ], [ 696077.618984477245249, 2428566.548036798834801 ], [ 696077.372074118349701, 2428566.607649160549045 ], [ 696077.132414847263135, 2428566.690301168709993 ], [ 696076.902314713806845, 2428566.795196839142591 ], [ 696076.683989708079025, 2428566.921325969044119 ], [ 696076.479542419197969, 2428567.067473866511136 ], [ 696076.290941786253825, 2428567.23223304701969 ], [ 696076.120004136580974, 2428567.414016789756715 ], [ 696075.968375693075359, 2428567.611074417363852 ], [ 696075.837516720639542, 2428567.821508157998323 ], [ 696075.728687462513335, 2428568.04329141927883 ], [ 696075.642936004209332, 2428568.274288306944072 ], [ 696075.581088178907521, 2428568.512274194974452 ], [ 696075.543739615241066, 2428568.754957149270922 ], [ 696075.53125, 2428569.0 ], [ 696075.543739615241066, 2428569.245042850729078 ], [ 696075.581088178907521, 2428569.487725805025548 ], [ 696075.642936004209332, 2428569.725711693055928 ], [ 696075.728687462513335, 2428569.95670858072117 ], [ 696075.837516720639542, 2428570.178491842001677 ], [ 696075.968375693075359, 2428570.388925582636148 ], [ 696076.120004136580974, 2428570.585983210243285 ], [ 696076.290941786253825, 2428570.76776695298031 ], [ 696076.479542419197969, 2428570.932526133488864 ], [ 696076.683989708079025, 2428571.078674030955881 ], [ 696076.902314713806845, 2428571.204803160857409 ], [ 696077.132414847263135, 2428571.309698831290007 ], [ 696077.372074118349701, 2428571.392350839450955 ], [ 696077.618984477245249, 2428571.451963201165199 ], [ 696077.87076804228127, 2428571.487961816601455 ], [ 696078.125, 2428571.5 ], [ 696078.37923195771873, 2428571.487961816601455 ], [ 696078.631015522754751, 2428571.451963201165199 ], [ 696078.877925881650299, 2428571.392350839450955 ], [ 696079.117585152736865, 2428571.309698831290007 ], [ 696079.347685286193155, 2428571.204803160857409 ], [ 696079.566010291920975, 2428571.078674030955881 ], [ 696079.770457580802031, 2428570.932526133488864 ], [ 696079.959058213746175, 2428570.76776695298031 ], [ 696080.129995863419026, 2428570.585983210243285 ], [ 696080.281624306924641, 2428570.388925582636148 ], [ 696080.412483279360458, 2428570.178491842001677 ], [ 696080.521312537486665, 2428569.95670858072117 ], [ 696080.607063995790668, 2428569.725711693055928 ], [ 696080.668911821092479, 2428569.487725805025548 ], [ 696080.706260384758934, 2428569.245042850729078 ], [ 696080.71875, 2428569.0 ] ] ] } },
{ "type": "Feature", "properties": { "xmin": 1011.7993, "ymin": 52.32655, "xmax": 1027.4788, "ymax": 68.373886, "score": 0.28088868, "label": "Tree", "tile_idx": 2, "geo_xmin": 696272.31, "geo_ymin": 2428638.2, "geo_xmax": 696276.56, "geo_ymax": 2428642.5, "center_x": 696274.44, "center_y": 2428640.5, "width_m": 4.25, "height_m": 4.25, "crown_diameter_m": 4.25, "lon": 88.900597177310985, "lat": 21.951179956686115, "crown_area_raw_m2": 14.186255, "crown_area_calibrated_m2": 17.023508, "agb_tree_kg": 23.34524294231452 }, "geometry": { "type": "Polygon", "coordinates": [ [ [ 696276.5625, 2428640.5 ], [ 696276.552267544204369, 2428640.291713576763868 ], [ 696276.521668720874004, 2428640.085433065891266 ], [ 696276.470998213393614, 2428639.883145060855895 ], [ 696276.400744006619789, 2428639.686797706410289 ], [ 696276.311582686728798, 2428639.498281934298575 ], [ 696276.204372926149517, 2428639.319413254968822 ], [ 696276.080147213418968, 2428639.151914271060377 ], [ 696275.940101910033263, 2428638.997398090083152 ], [ 696275.785585728823207, 2428638.857352786697447 ], [ 696275.618086745147593, 2428638.733127073850483 ], [ 696275.439218065701425, 2428638.625917313154787 ], [ 696275.250702293822542, 2428638.536755993496627 ], [ 696275.054354939144105, 2428638.466501786373556 ], [ 696274.852066934341565, 2428638.415831279009581 ], [ 696274.645786423236132, 2428638.385232456028461 ], [ 696274.4375, 2428638.375 ], [ 696274.229213576763868, 2428638.385232456028461 ], [ 696274.022933065658435, 2428638.415831279009581 ], [ 696273.820645060855895, 2428638.466501786373556 ], [ 696273.624297706177458, 2428638.536755993496627 ], [ 696273.435781934298575, 2428638.625917313154787 ], [ 696273.256913254852407, 2428638.733127073850483 ], [ 696273.089414271176793, 2428638.857352786697447 ], [ 696272.934898089966737, 2428638.997398090083152 ], [ 696272.794852786581032, 2428639.151914271060377 ], [ 696272.670627073850483, 2428639.319413254968822 ], [ 696272.563417313271202, 2428639.498281934298575 ], [ 696272.474255993380211, 2428639.686797706410289 ], [ 696272.404001786606386, 2428639.883145060855895 ], [ 696272.353331279125996, 2428640.085433065891266 ], [ 696272.322732455795631, 2428640.291713576763868 ], [ 696272.3125, 2428640.5 ], [ 696272.322732455795631, 2428640.708286423236132 ], [ 696272.353331279125996, 2428640.914566934108734 ], [ 696272.404001786606386, 2428641.116854939144105 ], [ 696272.474255993380211, 2428641.313202293589711 ], [ 696272.563417313271202, 2428641.501718065701425 ], [ 696272.670627073850483, 2428641.680586745031178 ], [ 696272.794852786581032, 2428641.848085728939623 ], [ 696272.934898089966737, 2428642.002601909916848 ], [ 696273.089414271176793, 2428642.142647213302553 ], [ 696273.256913254852407, 2428642.266872926149517 ], [ 696273.435781934298575, 2428642.374082686845213 ], [ 696273.624297706177458, 2428642.463244006503373 ], [ 696273.820645060855895, 2428642.533498213626444 ], [ 696274.022933065658435, 2428642.584168720990419 ], [ 696274.229213576763868, 2428642.614767543971539 ], [ 696274.4375, 2428642.625 ], [ 696274.645786423236132, 2428642.614767543971539 ], [ 696274.852066934341565, 2428642.584168720990419 ], [ 696275.054354939144105, 2428642.533498213626444 ], [ 696275.250702293822542, 2428642.463244006503373 ], [ 696275.439218065701425, 2428642.374082686845213 ], [ 696275.618086745147593, 2428642.266872926149517 ], [ 696275.785585728823207, 2428642.142647213302553 ], [ 696275.940101910033263, 2428642.002601909916848 ], [ 696276.080147213418968, 2428641.848085728939623 ], [ 696276.204372926149517, 2428641.680586745031178 ], [ 696276.311582686728798, 2428641.501718065701425 ], [ 696276.400744006619789, 2428641.313202293589711 ], [ 696276.470998213393614, 2428641.116854939144105 ], [ 696276.521668720874004, 2428640.914566934108734 ], [ 696276.552267544204369, 2428640.708286423236132 ], [ 696276.5625, 2428640.5 ] ] ] } },
{ "type": "Feature", "properties": { "xmin": 174.28664, "ymin": 590.60254, "xmax": 194.99132, "ymax": 610.95013, "score": 0.28035361, "label": "Tree", "tile_idx": 4, "geo_xmin": 696046.19, "geo_ymin": 2428491.8, "geo_xmax": 696051.75, "geo_ymax": 2428497.2, "center_x": 696049.0, "center_y": 2428494.5, "width_m": 5.5625, "height_m": 5.5, "crown_diameter_m": 5.5311618, "lon": 88.898397589203171, "lat": 21.949886866244817, "crown_area_raw_m2": 24.028275, "crown_area_calibrated_m2": 28.833931, "agb_tree_kg": 43.982705788525259 }, "geometry": { "type": "Polygon", "coordinates": [ [ [ 696051.78125, 2428494.5 ], [ 696051.767857521073893, 2428494.230452863965183 ], [ 696051.727809061063454, 2428493.963501614518464 ], [ 696051.661490308702923, 2428493.701717137359083 ], [ 696051.569539949763566, 2428493.44762056088075 ], [ 696051.452843516482972, 2428493.203658973798156 ], [ 696051.312524859211408, 2428492.9721818594262 ], [ 696051.149935323395766, 2428492.755418468732387 ], [ 696050.966640735161491, 2428492.55545635195449 ], [ 696050.764406321570277, 2428492.374221253208816 ], [ 696050.545179710607044, 2428492.213458565995097 ], [ 696050.31107217434328, 2428492.074716522824019 ], [ 696050.064338296302594, 2428491.959331285674125 ], [ 696049.80735425860621, 2428491.868414076510817 ], [ 696049.542594958096743, 2428491.802840478718281 ], [ 696049.272610171581618, 2428491.763242001645267 ], [ 696049.0, 2428491.75 ], [ 696048.727389828418382, 2428491.763242001645267 ], [ 696048.457405041903257, 2428491.802840478718281 ], [ 696048.19264574139379, 2428491.868414076510817 ], [ 696047.935661703697406, 2428491.959331285674125 ], [ 696047.68892782565672, 2428492.074716522824019 ], [ 696047.454820289392956, 2428492.213458565995097 ], [ 696047.235593678429723, 2428492.374221253208816 ], [ 696047.033359264838509, 2428492.55545635195449 ], [ 696046.850064676604234, 2428492.755418468732387 ], [ 696046.687475140788592, 2428492.9721818594262 ], [ 696046.547156483517028, 2428493.203658973798156 ], [ 696046.430460050236434, 2428493.44762056088075 ], [ 696046.338509691297077, 2428493.701717137359083 ], [ 696046.272190938936546, 2428493.963501614518464 ], [ 696046.232142478926107, 2428494.230452863965183 ], [ 696046.21875, 2428494.5 ], [ 696046.232142478926107, 2428494.769547136034817 ], [ 696046.272190938936546, 2428495.036498385481536 ], [ 696046.338509691297077, 2428495.298282862640917 ], [ 696046.430460050236434, 2428495.55237943911925 ], [ 696046.547156483517028, 2428495.796341026201844 ], [ 696046.687475140788592, 2428496.0278181405738 ], [ 696046.850064676604234, 2428496.244581531267613 ], [ 696047.033359264838509, 2428496.44454364804551 ], [ 696047.235593678429723, 2428496.625778746791184 ], [ 696047.454820289392956, 2428496.786541434004903 ], [ 696047.68892782565672, 2428496.925283477175981 ], [ 696047.935661703697406, 2428497.040668714325875 ], [ 696048.19264574139379, 2428497.131585923489183 ], [ 696048.457405041903257, 2428497.197159521281719 ], [ 696048.727389828418382, 2428497.236757998354733 ], [ 696049.0, 2428497.25 ], [ 696049.272610171581618, 2428497.236757998354733 ], [ 696049.542594958096743, 2428497.197159521281719 ], [ 696049.80735425860621, 2428497.131585923489183 ], [ 696050.064338296302594, 2428497.040668714325875 ], [ 696050.31107217434328, 2428496.925283477175981 ], [ 696050.545179710607044, 2428496.786541434004903 ], [ 696050.764406321570277, 2428496.625778746791184 ], [ 696050.966640735161491, 2428496.44454364804551 ], [ 696051.149935323395766, 2428496.244581531267613 ], [ 696051.312524859211408, 2428496.0278181405738 ], [ 696051.452843516482972, 2428495.796341026201844 ], [ 696051.569539949763566, 2428495.55237943911925 ], [ 696051.661490308702923, 2428495.298282862640917 ], [ 696051.727809061063454, 2428495.036498385481536 ], [ 696051.767857521073893, 2428494.769547136034817 ], [ 696051.78125, 2428494.5 ] ] ] } },
{ "type": "Feature", "properties": { "xmin": 861.47583, "ymin": 245.52362, "xmax": 881.86792, "ymax": 265.24835, "score": 0.27776918, "label": "Tree", "tile_idx": 2, "geo_xmin": 696231.75, "geo_ymin": 2428585.2, "geo_xmax": 696237.25, "geo_ymax": 2428590.5, "center_x": 696234.5, "center_y": 2428588.0, "width_m": 5.5, "height_m": 5.25, "crown_diameter_m": 5.3735461, "lon": 88.900204307952833, "lat": 21.950710374124483, "crown_area_raw_m2": 22.678373, "crown_area_calibrated_m2": 27.214048, "agb_tree_kg": 41.029744088501019 }, "geometry": { "type": "Polygon", "coordinates": [ [ [ 696237.25, 2428588.0 ], [ 696237.236757998354733, 2428587.742705006618053 ], [ 696237.197159521165304, 2428587.487887904513627 ], [ 696237.131585923256353, 2428587.238002722151577 ], [ 696237.04066871444229, 2428586.99545599007979 ], [ 696236.92528347694315, 2428586.76258356589824 ], [ 696236.786541433888488, 2428586.541628138162196 ], [ 696236.625778746791184, 2428586.33471762901172 ], [ 696236.444543648278341, 2428586.14384469948709 ], [ 696236.244581531500444, 2428585.970847560092807 ], [ 696236.02781814080663, 2428585.817392267752439 ], [ 696235.79634102631826, 2428585.684956680983305 ], [ 696235.552379439002834, 2428585.574816226959229 ], [ 696235.298282862408087, 2428585.488031618762761 ], [ 696235.036498385597952, 2428585.425438638776541 ], [ 696234.769547135918401, 2428585.387640092521906 ], [ 696234.5, 2428585.375 ], [ 696234.230452864081599, 2428585.387640092521906 ], [ 696233.963501614402048, 2428585.425438638776541 ], [ 696233.701717137591913, 2428585.488031618762761 ], [ 696233.447620560997166, 2428585.574816226959229 ], [ 696233.20365897368174, 2428585.684956680983305 ], [ 696232.97218185919337, 2428585.817392267752439 ], [ 696232.755418468499556, 2428585.970847560092807 ], [ 696232.555456351721659, 2428586.14384469948709 ], [ 696232.374221253208816, 2428586.33471762901172 ], [ 696232.213458566111512, 2428586.541628138162196 ], [ 696232.07471652305685, 2428586.76258356589824 ], [ 696231.95933128555771, 2428586.99545599007979 ], [ 696231.868414076743647, 2428587.238002722151577 ], [ 696231.802840478834696, 2428587.487887904513627 ], [ 696231.763242001645267, 2428587.742705006618053 ], [ 696231.75, 2428588.0 ], [ 696231.763242001645267, 2428588.257294993381947 ], [ 696231.802840478834696, 2428588.512112095486373 ], [ 696231.868414076743647, 2428588.761997277848423 ], [ 696231.95933128555771, 2428589.00454400992021 ], [ 696232.07471652305685, 2428589.23741643410176 ], [ 696232.213458566111512, 2428589.458371861837804 ], [ 696232.374221253208816, 2428589.66528237098828 ], [ 696232.555456351721659, 2428589.85615530051291 ], [ 696232.755418468499556, 2428590.029152439907193 ], [ 696232.97218185919337, 2428590.182607732247561 ], [ 696233.20365897368174, 2428590.315043319016695 ], [ 696233.447620560997166, 2428590.425183773040771 ], [ 696233.701717137591913, 2428590.511968381237239 ], [ 696233.963501614402048, 2428590.574561361223459 ], [ 696234.230452864081599, 2428590.612359907478094 ], [ 696234.5, 2428590.625 ], [ 696234.769547135918401, 2428590.612359907478094 ], [ 696235.036498385597952, 2428590.574561361223459 ], [ 696235.298282862408087, 2428590.511968381237239 ], [ 696235.552379439002834, 2428590.425183773040771 ], [ 696235.79634102631826, 2428590.315043319016695 ], [ 696236.02781814080663, 2428590.182607732247561 ], [ 696236.244581531500444, 2428590.029152439907193 ], [ 696236.444543648278341, 2428589.85615530051291 ], [ 696236.625778746791184, 2428589.66528237098828 ], [ 696236.786541433888488, 2428589.458371861837804 ], [ 696236.92528347694315, 2428589.23741643410176 ], [ 696237.04066871444229, 2428589.00454400992021 ], [ 696237.131585923256353, 2428588.761997277848423 ], [ 696237.197159521165304, 2428588.512112095486373 ], [ 696237.236757998354733, 2428588.257294993381947 ], [ 696237.25, 2428588.0 ] ] ] } },
{ "type": "Feature", "properties": { "xmin": 367.95172, "ymin": 272.63458, "xmax": 383.71301, "ymax": 288.80157, "score": 0.27523705, "label": "Tree", "tile_idx": 0, "geo_xmin": 696098.5, "geo_ymin": 2428578.8, "geo_xmax": 696102.75, "geo_ymax": 2428583.2, "center_x": 696100.62, "center_y": 2428581.0, "width_m": 4.25, "height_m": 4.5, "crown_diameter_m": 4.3732138, "lon": 88.898907655354094, "lat": 21.950662153523322, "crown_area_raw_m2": 15.020741, "crown_area_calibrated_m2": 18.024889, "agb_tree_kg": 25.005544098899716 }, "geometry": { "type": "Polygon", "coordinates": [ [ [ 696102.75, 2428581.0 ], [ 696102.739767544204369, 2428580.779461434110999 ], [ 696102.709168720874004, 2428580.561046775430441 ], [ 696102.658498213393614, 2428580.346859476063401 ], [ 696102.588244006619789, 2428580.138962277211249 ], [ 696102.499082686728798, 2428579.939357342198491 ], [ 696102.391872926149517, 2428579.749966975767165 ], [ 696102.267647213418968, 2428579.572615110781044 ], [ 696102.127601910033263, 2428579.409009742550552 ], [ 696101.973085728823207, 2428579.260726479813457 ], [ 696101.805586745147593, 2428579.129193372093141 ], [ 696101.626718065701425, 2428579.015677154995501 ], [ 696101.438202293822542, 2428578.921271051745862 ], [ 696101.241854939144105, 2428578.846884244587272 ], [ 696101.039566934341565, 2428578.793233118951321 ], [ 696100.833286423236132, 2428578.760834365151823 ], [ 696100.625, 2428578.75 ], [ 696100.416713576763868, 2428578.760834365151823 ], [ 696100.210433065658435, 2428578.793233118951321 ], [ 696100.008145060855895, 2428578.846884244587272 ], [ 696099.811797706177458, 2428578.921271051745862 ], [ 696099.623281934298575, 2428579.015677154995501 ], [ 696099.444413254852407, 2428579.129193372093141 ], [ 696099.276914271176793, 2428579.260726479813457 ], [ 696099.122398089966737, 2428579.409009742550552 ], [ 696098.982352786581032, 2428579.572615110781044 ], [ 696098.858127073850483, 2428579.749966975767165 ], [ 696098.750917313271202, 2428579.939357342198491 ], [ 696098.661755993380211, 2428580.138962277211249 ], [ 696098.591501786606386, 2428580.346859476063401 ], [ 696098.540831279125996, 2428580.561046775430441 ], [ 696098.510232455795631, 2428580.779461434110999 ], [ 696098.5, 2428581.0 ], [ 696098.510232455795631, 2428581.220538565889001 ], [ 696098.540831279125996, 2428581.438953224569559 ], [ 696098.591501786606386, 2428581.653140523936599 ], [ 696098.661755993380211, 2428581.861037722788751 ], [ 696098.750917313271202, 2428582.060642657801509 ], [ 696098.858127073850483, 2428582.250033024232835 ], [ 696098.982352786581032, 2428582.427384889218956 ], [ 696099.122398089966737, 2428582.590990257449448 ], [ 696099.276914271176793, 2428582.739273520186543 ], [ 696099.444413254852407, 2428582.870806627906859 ], [ 696099.623281934298575, 2428582.984322845004499 ], [ 696099.811797706177458, 2428583.078728948254138 ], [ 696100.008145060855895, 2428583.153115755412728 ], [ 696100.210433065658435, 2428583.206766881048679 ], [ 696100.416713576763868, 2428583.239165634848177 ], [ 696100.625, 2428583.25 ], [ 696100.833286423236132, 2428583.239165634848177 ], [ 696101.039566934341565, 2428583.206766881048679 ], [ 696101.241854939144105, 2428583.153115755412728 ], [ 696101.438202293822542, 2428583.078728948254138 ], [ 696101.626718065701425, 2428582.984322845004499 ], [ 696101.805586745147593, 2428582.870806627906859 ], [ 696101.973085728823207, 2428582.739273520186543 ], [ 696102.127601910033263, 2428582.590990257449448 ], [ 696102.267647213418968, 2428582.427384889218956 ], [ 696102.391872926149517, 2428582.250033024232835 ], [ 696102.499082686728798, 2428582.060642657801509 ], [ 696102.588244006619789, 2428581.861037722788751 ], [ 696102.658498213393614, 2428581.653140523936599 ], [ 696102.709168720874004, 2428581.438953224569559 ], [ 696102.739767544204369, 2428581.220538565889001 ], [ 696102.75, 2428581.0 ] ] ] } },
{ "type": "Feature", "properties": { "xmin": 966.81744, "ymin": 701.77979, "xmax": 984.7818, "ymax": 721.62103, "score": 0.27449435, "label": "Tree", "tile_idx": 14, "geo_xmin": 696260.19, "geo_ymin": 2428462.0, "geo_xmax": 696265.0, "geo_ymax": 2428467.2, "center_x": 696262.62, "center_y": 2428464.5, "width_m": 4.8125, "height_m": 5.25, "crown_diameter_m": 5.0264921, "lon": 88.900461710632882, "lat": 21.949592065232746, "crown_area_raw_m2": 19.843575, "crown_area_calibrated_m2": 23.81229, "agb_tree_kg": 34.945598610206616 }, "geometry": { "type": "Polygon", "coordinates": [ [ [ 696265.03125, 2428464.5 ], [ 696265.019663248560391, 2428464.242705006618053 ], [ 696264.985014581005089, 2428463.987887904513627 ], [ 696264.927637682878412, 2428463.738002722151577 ], [ 696264.848085125093348, 2428463.49545599007979 ], [ 696264.74712304235436, 2428463.26258356589824 ], [ 696264.625723754637875, 2428463.041628138162196 ], [ 696264.485056403442286, 2428462.83471762901172 ], [ 696264.326475692214444, 2428462.64384469948709 ], [ 696264.151508840033785, 2428462.470847560092807 ], [ 696263.961840873234905, 2428462.317392267752439 ], [ 696263.759298398043029, 2428462.184956680983305 ], [ 696263.545832009171136, 2428462.074816226959229 ], [ 696263.323497504694387, 2428461.988031618762761 ], [ 696263.094436087296344, 2428461.925438638776541 ], [ 696262.860853743972257, 2428461.887640092521906 ], [ 696262.625, 2428461.875 ], [ 696262.389146256027743, 2428461.887640092521906 ], [ 696262.155563912703656, 2428461.925438638776541 ], [ 696261.926502495305613, 2428461.988031618762761 ], [ 696261.704167990828864, 2428462.074816226959229 ], [ 696261.490701601956971, 2428462.184956680983305 ], [ 696261.288159126765095, 2428462.317392267752439 ], [ 696261.098491159966215, 2428462.470847560092807 ], [ 696260.923524307785556, 2428462.64384469948709 ], [ 696260.764943596557714, 2428462.83471762901172 ], [ 696260.624276245362125, 2428463.041628138162196 ], [ 696260.50287695764564, 2428463.26258356589824 ], [ 696260.401914874906652, 2428463.49545599007979 ], [ 696260.322362317121588, 2428463.738002722151577 ], [ 696260.264985418994911, 2428463.987887904513627 ], [ 696260.230336751439609, 2428464.242705006618053 ], [ 696260.21875, 2428464.5 ], [ 696260.230336751439609, 2428464.757294993381947 ], [ 696260.264985418994911, 2428465.012112095486373 ], [ 696260.322362317121588, 2428465.261997277848423 ], [ 696260.401914874906652, 2428465.50454400992021 ], [ 696260.50287695764564, 2428465.73741643410176 ], [ 696260.624276245362125, 2428465.958371861837804 ], [ 696260.764943596557714, 2428466.16528237098828 ], [ 696260.923524307785556, 2428466.35615530051291 ], [ 696261.098491159966215, 2428466.529152439907193 ], [ 696261.288159126765095, 2428466.682607732247561 ], [ 696261.490701601956971, 2428466.815043319016695 ], [ 696261.704167990828864, 2428466.925183773040771 ], [ 696261.926502495305613, 2428467.011968381237239 ], [ 696262.155563912703656, 2428467.074561361223459 ], [ 696262.389146256027743, 2428467.112359907478094 ], [ 696262.625, 2428467.125 ], [ 696262.860853743972257, 2428467.112359907478094 ], [ 696263.094436087296344, 2428467.074561361223459 ], [ 696263.323497504694387, 2428467.011968381237239 ], [ 696263.545832009171136, 2428466.925183773040771 ], [ 696263.759298398043029, 2428466.815043319016695 ], [ 696263.961840873234905, 2428466.682607732247561 ], [ 696264.151508840033785, 2428466.529152439907193 ], [ 696264.326475692214444, 2428466.35615530051291 ], [ 696264.485056403442286, 2428466.16528237098828 ], [ 696264.625723754637875, 2428465.958371861837804 ], [ 696264.74712304235436, 2428465.73741643410176 ], [ 696264.848085125093348, 2428465.50454400992021 ], [ 696264.927637682878412, 2428465.261997277848423 ], [ 696264.985014581005089, 2428465.012112095486373 ], [ 696265.019663248560391, 2428464.757294993381947 ], [ 696265.03125, 2428464.5 ] ] ] } },
{ "type": "Feature", "properties": { "xmin": 878.55688, "ymin": 284.66022, "xmax": 898.77234, "ymax": 305.68976, "score": 0.27099621, "label": "Tree", "tile_idx": 2, "geo_xmin": 696236.31, "geo_ymin": 2428574.2, "geo_xmax": 696241.81, "geo_ymax": 2428580.0, "center_x": 696239.06, "center_y": 2428577.0, "width_m": 5.5, "height_m": 5.75, "crown_diameter_m": 5.623611, "lon": 88.900247149139744, "lat": 21.950610537270226, "crown_area_raw_m2": 24.838219, "crown_area_calibrated_m2": 29.805864, "agb_tree_kg": 45.770759427467326 }, "geometry": { "type": "Polygon", "coordinates": [ [ [ 696241.8125, 2428577.0 ], [ 696241.799257998354733, 2428576.718200721777976 ], [ 696241.759659521165304, 2428576.439115324057639 ], [ 696241.694085923256353, 2428576.165431553032249 ], [ 696241.60316871444229, 2428575.899785132147372 ], [ 696241.48778347694315, 2428575.644734381698072 ], [ 696241.349041433888488, 2428575.402735580224544 ], [ 696241.188278746791184, 2428575.176119307987392 ], [ 696241.007043648278341, 2428574.967068003956228 ], [ 696240.807081531500444, 2428574.777594946790487 ], [ 696240.59031814080663, 2428574.609524864703417 ], [ 696240.35884102631826, 2428574.464476365130395 ], [ 696240.114879439002834, 2428574.34384634392336 ], [ 696239.860782862408087, 2428574.248796534724534 ], [ 696239.598998385597952, 2428574.180242318660021 ], [ 696239.332047135918401, 2428574.138843910768628 ], [ 696239.0625, 2428574.125 ], [ 696238.792952864081599, 2428574.138843910768628 ], [ 696238.526001614402048, 2428574.180242318660021 ], [ 696238.264217137591913, 2428574.248796534724534 ], [ 696238.010120560997166, 2428574.34384634392336 ], [ 696237.76615897368174, 2428574.464476365130395 ], [ 696237.53468185919337, 2428574.609524864703417 ], [ 696237.317918468499556, 2428574.777594946790487 ], [ 696237.117956351721659, 2428574.967068003956228 ], [ 696236.936721253208816, 2428575.176119307987392 ], [ 696236.775958566111512, 2428575.402735580224544 ], [ 696236.63721652305685, 2428575.644734381698072 ], [ 696236.52183128555771, 2428575.899785132147372 ], [ 696236.430914076743647, 2428576.165431553032249 ], [ 696236.365340478834696, 2428576.439115324057639 ], [ 696236.325742001645267, 2428576.718200721777976 ], [ 696236.3125, 2428577.0 ], [ 696236.325742001645267, 2428577.281799278222024 ], [ 696236.365340478834696, 2428577.560884675942361 ], [ 696236.430914076743647, 2428577.834568446967751 ], [ 696236.52183128555771, 2428578.100214867852628 ], [ 696236.63721652305685, 2428578.355265618301928 ], [ 696236.775958566111512, 2428578.597264419775456 ], [ 696236.936721253208816, 2428578.823880692012608 ], [ 696237.117956351721659, 2428579.032931996043772 ], [ 696237.317918468499556, 2428579.222405053209513 ], [ 696237.53468185919337, 2428579.390475135296583 ], [ 696237.76615897368174, 2428579.535523634869605 ], [ 696238.010120560997166, 2428579.65615365607664 ], [ 696238.264217137591913, 2428579.751203465275466 ], [ 696238.526001614402048, 2428579.819757681339979 ], [ 696238.792952864081599, 2428579.861156089231372 ], [ 696239.0625, 2428579.875 ], [ 696239.332047135918401, 2428579.861156089231372 ], [ 696239.598998385597952, 2428579.819757681339979 ], [ 696239.860782862408087, 2428579.751203465275466 ], [ 696240.114879439002834, 2428579.65615365607664 ], [ 696240.35884102631826, 2428579.535523634869605 ], [ 696240.59031814080663, 2428579.390475135296583 ], [ 696240.807081531500444, 2428579.222405053209513 ], [ 696241.007043648278341, 2428579.032931996043772 ], [ 696241.188278746791184, 2428578.823880692012608 ], [ 696241.349041433888488, 2428578.597264419775456 ], [ 696241.48778347694315, 2428578.355265618301928 ], [ 696241.60316871444229, 2428578.100214867852628 ], [ 696241.694085923256353, 2428577.834568446967751 ], [ 696241.759659521165304, 2428577.560884675942361 ], [ 696241.799257998354733, 2428577.281799278222024 ], [ 696241.8125, 2428577.0 ] ] ] } },
{ "type": "Feature", "properties": { "xmin": 95.634125, "ymin": 704.71613, "xmax": 110.2645, "ymax": 720.13037, "score": 0.27093872, "label": "Tree", "tile_idx": 8, "geo_xmin": 696024.94, "geo_ymin": 2428462.2, "geo_xmax": 696028.88, "geo_ymax": 2428466.5, "center_x": 696026.88, "center_y": 2428464.5, "width_m": 3.9375, "height_m": 4.25, "crown_diameter_m": 4.0907669, "lon": 88.898179839097864, "lat": 21.949618452101824, "crown_area_raw_m2": 13.143148, "crown_area_calibrated_m2": 15.771779, "agb_tree_kg": 21.297566863086708 }, "geometry": { "type": "Polygon", "coordinates": [ [ [ 696028.84375, 2428464.5 ], [ 696028.834269930608571, 2428464.291713576763868 ], [ 696028.805921020801179, 2428464.085433065891266 ], [ 696028.758976285927929, 2428463.883145060855895 ], [ 696028.693887829664163, 2428463.686797706410289 ], [ 696028.611282489146106, 2428463.498281934298575 ], [ 696028.511955799185671, 2428463.319413254968822 ], [ 696028.39686433004681, 2428463.151914271060377 ], [ 696028.267116475501098, 2428462.997398090083152 ], [ 696028.12396177824121, 2428462.857352786697447 ], [ 696027.968778896261938, 2428462.733127073850483 ], [ 696027.80306232557632, 2428462.625917313154787 ], [ 696027.628408007440157, 2428462.536755993496627 ], [ 696027.446497958386317, 2428462.466501786373556 ], [ 696027.259084071498364, 2428462.415831279009581 ], [ 696027.06797124503646, 2428462.385232456028461 ], [ 696026.875, 2428462.375 ], [ 696026.68202875496354, 2428462.385232456028461 ], [ 696026.490915928501636, 2428462.415831279009581 ], [ 696026.303502041613683, 2428462.466501786373556 ], [ 696026.121591992559843, 2428462.536755993496627 ], [ 696025.94693767442368, 2428462.625917313154787 ], [ 696025.781221103738062, 2428462.733127073850483 ], [ 696025.62603822175879, 2428462.857352786697447 ], [ 696025.482883524498902, 2428462.997398090083152 ], [ 696025.35313566995319, 2428463.151914271060377 ], [ 696025.238044200814329, 2428463.319413254968822 ], [ 696025.138717510853894, 2428463.498281934298575 ], [ 696025.056112170335837, 2428463.686797706410289 ], [ 696024.991023714072071, 2428463.883145060855895 ], [ 696024.944078979198821, 2428464.085433065891266 ], [ 696024.915730069391429, 2428464.291713576763868 ], [ 696024.90625, 2428464.5 ], [ 696024.915730069391429, 2428464.708286423236132 ], [ 696024.944078979198821, 2428464.914566934108734 ], [ 696024.991023714072071, 2428465.116854939144105 ], [ 696025.056112170335837, 2428465.313202293589711 ], [ 696025.138717510853894, 2428465.501718065701425 ], [ 696025.238044200814329, 2428465.680586745031178 ], [ 696025.35313566995319, 2428465.848085728939623 ], [ 696025.482883524498902, 2428466.002601909916848 ], [ 696025.62603822175879, 2428466.142647213302553 ], [ 696025.781221103738062, 2428466.266872926149517 ], [ 696025.94693767442368, 2428466.374082686845213 ], [ 696026.121591992559843, 2428466.463244006503373 ], [ 696026.303502041613683, 2428466.533498213626444 ], [ 696026.490915928501636, 2428466.584168720990419 ], [ 696026.68202875496354, 2428466.614767543971539 ], [ 696026.875, 2428466.625 ], [ 696027.06797124503646, 2428466.614767543971539 ], [ 696027.259084071498364, 2428466.584168720990419 ], [ 696027.446497958386317, 2428466.533498213626444 ], [ 696027.628408007440157, 2428466.463244006503373 ], [ 696027.80306232557632, 2428466.374082686845213 ], [ 696027.968778896261938, 2428466.266872926149517 ], [ 696028.12396177824121, 2428466.142647213302553 ], [ 696028.267116475501098, 2428466.002601909916848 ], [ 696028.39686433004681, 2428465.848085728939623 ], [ 696028.511955799185671, 2428465.680586745031178 ], [ 696028.611282489146106, 2428465.501718065701425 ], [ 696028.693887829664163, 2428465.313202293589711 ], [ 696028.758976285927929, 2428465.116854939144105 ], [ 696028.805921020801179, 2428464.914566934108734 ], [ 696028.834269930608571, 2428464.708286423236132 ], [ 696028.84375, 2428464.5 ] ] ] } },
{ "type": "Feature", "properties": { "xmin": 324.19614, "ymin": 436.62, "xmax": 338.9559, "ymax": 451.60315, "score": 0.27076629, "label": "Tree", "tile_idx": 4, "geo_xmin": 696086.69, "geo_ymin": 2428534.8, "geo_xmax": 696090.62, "geo_ymax": 2428538.8, "center_x": 696088.62, "center_y": 2428536.8, "width_m": 3.9375, "height_m": 4.0, "crown_diameter_m": 3.968627, "lon": 88.898786196240025, "lat": 21.950263934951636, "crown_area_raw_m2": 12.370022, "crown_area_calibrated_m2": 14.844027, "agb_tree_kg": 19.800795719775849 }, "geometry": { "type": "Polygon", "coordinates": [ [ [ 696090.59375, 2428536.75 ], [ 696090.584269930608571, 2428536.553965719416738 ], [ 696090.555921020801179, 2428536.35981935588643 ], [ 696090.508976285927929, 2428536.16943064564839 ], [ 696090.443887829664163, 2428535.984633135143667 ], [ 696090.361282489146106, 2428535.807206526398659 ], [ 696090.261955799185671, 2428535.638859534170479 ], [ 696090.14686433004681, 2428535.481213431805372 ], [ 696090.017116475501098, 2428535.335786437615752 ], [ 696089.87396177824121, 2428535.203979093115777 ], [ 696089.718778896261938, 2428535.087060775607824 ], [ 696089.55306232557632, 2428534.986157471314073 ], [ 696089.378408007440157, 2428534.90224093478173 ], [ 696089.196497958386317, 2428534.8361193286255 ], [ 696089.009084071498364, 2428534.788429439067841 ], [ 696088.81797124503646, 2428534.759630546439439 ], [ 696088.625, 2428534.75 ], [ 696088.43202875496354, 2428534.759630546439439 ], [ 696088.240915928501636, 2428534.788429439067841 ], [ 696088.053502041613683, 2428534.8361193286255 ], [ 696087.871591992559843, 2428534.90224093478173 ], [ 696087.69693767442368, 2428534.986157471314073 ], [ 696087.531221103738062, 2428535.087060775607824 ], [ 696087.37603822175879, 2428535.203979093115777 ], [ 696087.232883524498902, 2428535.335786437615752 ], [ 696087.10313566995319, 2428535.481213431805372 ], [ 696086.988044200814329, 2428535.638859534170479 ], [ 696086.888717510853894, 2428535.807206526398659 ], [ 696086.806112170335837, 2428535.984633135143667 ], [ 696086.741023714072071, 2428536.16943064564839 ], [ 696086.694078979198821, 2428536.35981935588643 ], [ 696086.665730069391429, 2428536.553965719416738 ], [ 696086.65625, 2428536.75 ], [ 696086.665730069391429, 2428536.946034280583262 ], [ 696086.694078979198821, 2428537.14018064411357 ], [ 696086.741023714072071, 2428537.33056935435161 ], [ 696086.806112170335837, 2428537.515366864856333 ], [ 696086.888717510853894, 2428537.692793473601341 ], [ 696086.988044200814329, 2428537.861140465829521 ], [ 696087.10313566995319, 2428538.018786568194628 ], [ 696087.232883524498902, 2428538.164213562384248 ], [ 696087.37603822175879, 2428538.296020906884223 ], [ 696087.531221103738062, 2428538.412939224392176 ], [ 696087.69693767442368, 2428538.513842528685927 ], [ 696087.871591992559843, 2428538.59775906521827 ], [ 696088.053502041613683, 2428538.6638806713745 ], [ 696088.240915928501636, 2428538.711570560932159 ], [ 696088.43202875496354, 2428538.740369453560561 ], [ 696088.625, 2428538.75 ], [ 696088.81797124503646, 2428538.740369453560561 ], [ 696089.009084071498364, 2428538.711570560932159 ], [ 696089.196497958386317, 2428538.6638806713745 ], [ 696089.378408007440157, 2428538.59775906521827 ], [ 696089.55306232557632, 2428538.513842528685927 ], [ 696089.718778896261938, 2428538.412939224392176 ], [ 696089.87396177824121, 2428538.296020906884223 ], [ 696090.017116475501098, 2428538.164213562384248 ], [ 696090.14686433004681, 2428538.018786568194628 ], [ 696090.261955799185671, 2428537.861140465829521 ], [ 696090.361282489146106, 2428537.692793473601341 ], [ 696090.443887829664163, 2428537.515366864856333 ], [ 696090.508976285927929, 2428537.33056935435161 ], [ 696090.555921020801179, 2428537.14018064411357 ], [ 696090.584269930608571, 2428536.946034280583262 ], [ 696090.59375, 2428536.75 ] ] ] } },
{ "type": "Feature", "properties": { "xmin": 293.20303, "ymin": 134.89751, "xmax": 312.43484, "ymax": 154.33498, "score": 0.27019644, "label": "Tree", "tile_idx": 0, "geo_xmin": 696078.31, "geo_ymin": 2428615.0, "geo_xmax": 696083.5, "geo_ymax": 2428620.2, "center_x": 696080.88, "center_y": 2428617.5, "width_m": 5.1875, "height_m": 5.25, "crown_diameter_m": 5.2186565, "lon": 88.898720867789265, "lat": 21.950993945338926, "crown_area_raw_m2": 21.389828, "crown_area_calibrated_m2": 25.667795, "agb_tree_kg": 38.243934106837898 }, "geometry": { "type": "Polygon", "coordinates": [ [ [ 696083.46875, 2428617.5 ], [ 696083.456260384758934, 2428617.242705006618053 ], [ 696083.418911821092479, 2428616.987887904513627 ], [ 696083.357063995790668, 2428616.738002722151577 ], [ 696083.271312537486665, 2428616.49545599007979 ], [ 696083.162483279360458, 2428616.26258356589824 ], [ 696083.031624306924641, 2428616.041628138162196 ], [ 696082.879995863419026, 2428615.83471762901172 ], [ 696082.709058213746175, 2428615.64384469948709 ], [ 696082.520457580802031, 2428615.470847560092807 ], [ 696082.316010291920975, 2428615.317392267752439 ], [ 696082.097685286193155, 2428615.184956680983305 ], [ 696081.867585152736865, 2428615.074816226959229 ], [ 696081.627925881650299, 2428614.988031618762761 ], [ 696081.381015522754751, 2428614.925438638776541 ], [ 696081.12923195771873, 2428614.887640092521906 ], [ 696080.875, 2428614.875 ], [ 696080.62076804228127, 2428614.887640092521906 ], [ 696080.368984477245249, 2428614.925438638776541 ], [ 696080.122074118349701, 2428614.988031618762761 ], [ 696079.882414847263135, 2428615.074816226959229 ], [ 696079.652314713806845, 2428615.184956680983305 ], [ 696079.433989708079025, 2428615.317392267752439 ], [ 696079.229542419197969, 2428615.470847560092807 ], [ 696079.040941786253825, 2428615.64384469948709 ], [ 696078.870004136580974, 2428615.83471762901172 ], [ 696078.718375693075359, 2428616.041628138162196 ], [ 696078.587516720639542, 2428616.26258356589824 ], [ 696078.478687462513335, 2428616.49545599007979 ], [ 696078.392936004209332, 2428616.738002722151577 ], [ 696078.331088178907521, 2428616.987887904513627 ], [ 696078.293739615241066, 2428617.242705006618053 ], [ 696078.28125, 2428617.5 ], [ 696078.293739615241066, 2428617.757294993381947 ], [ 696078.331088178907521, 2428618.012112095486373 ], [ 696078.392936004209332, 2428618.261997277848423 ], [ 696078.478687462513335, 2428618.50454400992021 ], [ 696078.587516720639542, 2428618.73741643410176 ], [ 696078.718375693075359, 2428618.958371861837804 ], [ 696078.870004136580974, 2428619.16528237098828 ], [ 696079.040941786253825, 2428619.35615530051291 ], [ 696079.229542419197969, 2428619.529152439907193 ], [ 696079.433989708079025, 2428619.682607732247561 ], [ 696079.652314713806845, 2428619.815043319016695 ], [ 696079.882414847263135, 2428619.925183773040771 ], [ 696080.122074118349701, 2428620.011968381237239 ], [ 696080.368984477245249, 2428620.074561361223459 ], [ 696080.62076804228127, 2428620.112359907478094 ], [ 696080.875, 2428620.125 ], [ 696081.12923195771873, 2428620.112359907478094 ], [ 696081.381015522754751, 2428620.074561361223459 ], [ 696081.627925881650299, 2428620.011968381237239 ], [ 696081.867585152736865, 2428619.925183773040771 ], [ 696082.097685286193155, 2428619.815043319016695 ], [ 696082.316010291920975, 2428619.682607732247561 ], [ 696082.520457580802031, 2428619.529152439907193 ], [ 696082.709058213746175, 2428619.35615530051291 ], [ 696082.879995863419026, 2428619.16528237098828 ], [ 696083.031624306924641, 2428618.958371861837804 ], [ 696083.162483279360458, 2428618.73741643410176 ], [ 696083.271312537486665, 2428618.50454400992021 ], [ 696083.357063995790668, 2428618.261997277848423 ], [ 696083.418911821092479, 2428618.012112095486373 ], [ 696083.456260384758934, 2428617.757294993381947 ], [ 696083.46875, 2428617.5 ] ] ] } },
{ "type": "Feature", "properties": { "xmin": 962.28876, "ymin": 775.01868, "xmax": 978.13898, "ymax": 790.74139, "score": 0.26978147, "label": "Tree", "tile_idx": 15, "geo_xmin": 696258.94, "geo_ymin": 2428443.2, "geo_xmax": 696263.25, "geo_ymax": 2428447.5, "center_x": 696261.12, "center_y": 2428445.5, "width_m": 4.3125, "height_m": 4.25, "crown_diameter_m": 4.281136, "lon": 88.90044491090201, "lat": 21.949420670270261, "crown_area_raw_m2": 14.394876, "crown_area_calibrated_m2": 17.273853, "agb_tree_kg": 23.758516165504403 }, "geometry": { "type": "Polygon", "coordinates": [ [ [ 696263.28125, 2428445.5 ], [ 696263.270867066923529, 2428445.291713576763868 ], [ 696263.239818260888569, 2428445.085433065891266 ], [ 696263.1884025989566, 2428444.883145060855895 ], [ 696263.117115241941065, 2428444.686797706410289 ], [ 696263.026642726268619, 2428444.498281934298575 ], [ 696262.917856351472437, 2428444.319413254968822 ], [ 696262.79180379002355, 2428444.151914271060377 ], [ 696262.649698996916413, 2428443.997398090083152 ], [ 696262.492910519009456, 2428443.857352786697447 ], [ 696262.322948314948007, 2428443.733127073850483 ], [ 696262.141449213726446, 2428443.625917313154787 ], [ 696261.950161151005886, 2428443.536755993496627 ], [ 696261.750926335342228, 2428443.466501786373556 ], [ 696261.545663506840356, 2428443.415831279009581 ], [ 696261.336349458782934, 2428443.385232456028461 ], [ 696261.125, 2428443.375 ], [ 696260.913650541217066, 2428443.385232456028461 ], [ 696260.704336493159644, 2428443.415831279009581 ], [ 696260.499073664657772, 2428443.466501786373556 ], [ 696260.299838848994114, 2428443.536755993496627 ], [ 696260.108550786273554, 2428443.625917313154787 ], [ 696259.927051685051993, 2428443.733127073850483 ], [ 696259.757089480990544, 2428443.857352786697447 ], [ 696259.600301003083587, 2428443.997398090083152 ], [ 696259.45819620997645, 2428444.151914271060377 ], [ 696259.332143648527563, 2428444.319413254968822 ], [ 696259.223357273731381, 2428444.498281934298575 ], [ 696259.132884758058935, 2428444.686797706410289 ], [ 696259.0615974010434, 2428444.883145060855895 ], [ 696259.010181739111431, 2428445.085433065891266 ], [ 696258.979132933076471, 2428445.291713576763868 ], [ 696258.96875, 2428445.5 ], [ 696258.979132933076471, 2428445.708286423236132 ], [ 696259.010181739111431, 2428445.914566934108734 ], [ 696259.0615974010434, 2428446.116854939144105 ], [ 696259.132884758058935, 2428446.313202293589711 ], [ 696259.223357273731381, 2428446.501718065701425 ], [ 696259.332143648527563, 2428446.680586745031178 ], [ 696259.45819620997645, 2428446.848085728939623 ], [ 696259.600301003083587, 2428447.002601909916848 ], [ 696259.757089480990544, 2428447.142647213302553 ], [ 696259.927051685051993, 2428447.266872926149517 ], [ 696260.108550786273554, 2428447.374082686845213 ], [ 696260.299838848994114, 2428447.463244006503373 ], [ 696260.499073664657772, 2428447.533498213626444 ], [ 696260.704336493159644, 2428447.584168720990419 ], [ 696260.913650541217066, 2428447.614767543971539 ], [ 696261.125, 2428447.625 ], [ 696261.336349458782934, 2428447.614767543971539 ], [ 696261.545663506840356, 2428447.584168720990419 ], [ 696261.750926335342228, 2428447.533498213626444 ], [ 696261.950161151005886, 2428447.463244006503373 ], [ 696262.141449213726446, 2428447.374082686845213 ], [ 696262.322948314948007, 2428447.266872926149517 ], [ 696262.492910519009456, 2428447.142647213302553 ], [ 696262.649698996916413, 2428447.002601909916848 ], [ 696262.79180379002355, 2428446.848085728939623 ], [ 696262.917856351472437, 2428446.680586745031178 ], [ 696263.026642726268619, 2428446.501718065701425 ], [ 696263.117115241941065, 2428446.313202293589711 ], [ 696263.1884025989566, 2428446.116854939144105 ], [ 696263.239818260888569, 2428445.914566934108734 ], [ 696263.270867066923529, 2428445.708286423236132 ], [ 696263.28125, 2428445.5 ] ] ] } },
{ "type": "Feature", "properties": { "xmin": 901.46313, "ymin": 495.776, "xmax": 916.5661, "ymax": 511.67212, "score": 0.26890638, "label": "Tree", "tile_idx": 7, "geo_xmin": 696242.5, "geo_ymin": 2428518.5, "geo_xmax": 696246.62, "geo_ymax": 2428523.0, "center_x": 696244.56, "center_y": 2428520.8, "width_m": 4.125, "height_m": 4.5, "crown_diameter_m": 4.3084221, "lon": 88.900293632542812, "lat": 21.950102004703947, "crown_area_raw_m2": 14.578954, "crown_area_calibrated_m2": 17.494745, "agb_tree_kg": 24.124174875340653 }, "geometry": { "type": "Polygon", "coordinates": [ [ [ 696246.625, 2428520.75 ], [ 696246.61506849876605, 2428520.529461434110999 ], [ 696246.585369640844874, 2428520.311046775430441 ], [ 696246.536189442500472, 2428520.096859476063401 ], [ 696246.468001535860822, 2428519.888962277211249 ], [ 696246.38146260776557, 2428519.689357342198491 ], [ 696246.277406075387262, 2428519.499966975767165 ], [ 696246.156834060093388, 2428519.322615110781044 ], [ 696246.020907736150548, 2428519.159009742550552 ], [ 696245.870936148567125, 2428519.010726479813457 ], [ 696245.708363605546765, 2428518.879193372093141 ], [ 696245.534755769651383, 2428518.765677154995501 ], [ 696245.351784579223022, 2428518.671271051745862 ], [ 696245.161212146864273, 2428518.596884244587272 ], [ 696244.964873789111152, 2428518.543233118951321 ], [ 696244.764660351909697, 2428518.510834365151823 ], [ 696244.5625, 2428518.5 ], [ 696244.360339648090303, 2428518.510834365151823 ], [ 696244.160126210888848, 2428518.543233118951321 ], [ 696243.963787853135727, 2428518.596884244587272 ], [ 696243.773215420776978, 2428518.671271051745862 ], [ 696243.590244230348617, 2428518.765677154995501 ], [ 696243.416636394453235, 2428518.879193372093141 ], [ 696243.254063851432875, 2428519.010726479813457 ], [ 696243.104092263849452, 2428519.159009742550552 ], [ 696242.968165939906612, 2428519.322615110781044 ], [ 696242.847593924612738, 2428519.499966975767165 ], [ 696242.74353739223443, 2428519.689357342198491 ], [ 696242.656998464139178, 2428519.888962277211249 ], [ 696242.588810557499528, 2428520.096859476063401 ], [ 696242.539630359155126, 2428520.311046775430441 ], [ 696242.50993150123395, 2428520.529461434110999 ], [ 696242.5, 2428520.75 ], [ 696242.50993150123395, 2428520.970538565889001 ], [ 696242.539630359155126, 2428521.188953224569559 ], [ 696242.588810557499528, 2428521.403140523936599 ], [ 696242.656998464139178, 2428521.611037722788751 ], [ 696242.74353739223443, 2428521.810642657801509 ], [ 696242.847593924612738, 2428522.000033024232835 ], [ 696242.968165939906612, 2428522.177384889218956 ], [ 696243.104092263849452, 2428522.340990257449448 ], [ 696243.254063851432875, 2428522.489273520186543 ], [ 696243.416636394453235, 2428522.620806627906859 ], [ 696243.590244230348617, 2428522.734322845004499 ], [ 696243.773215420776978, 2428522.828728948254138 ], [ 696243.963787853135727, 2428522.903115755412728 ], [ 696244.160126210888848, 2428522.956766881048679 ], [ 696244.360339648090303, 2428522.989165634848177 ], [ 696244.5625, 2428523.0 ], [ 696244.764660351909697, 2428522.989165634848177 ], [ 696244.964873789111152, 2428522.956766881048679 ], [ 696245.161212146864273, 2428522.903115755412728 ], [ 696245.351784579223022, 2428522.828728948254138 ], [ 696245.534755769651383, 2428522.734322845004499 ], [ 696245.708363605546765, 2428522.620806627906859 ], [ 696245.870936148567125, 2428522.489273520186543 ], [ 696246.020907736150548, 2428522.340990257449448 ], [ 696246.156834060093388, 2428522.177384889218956 ], [ 696246.277406075387262, 2428522.000033024232835 ], [ 696246.38146260776557, 2428521.810642657801509 ], [ 696246.468001535860822, 2428521.611037722788751 ], [ 696246.536189442500472, 2428521.403140523936599 ], [ 696246.585369640844874, 2428521.188953224569559 ], [ 696246.61506849876605, 2428520.970538565889001 ], [ 696246.625, 2428520.75 ] ] ] } },
{ "type": "Feature", "properties": { "xmin": 263.85135, "ymin": 670.98425, "xmax": 280.76199, "ymax": 688.28033, "score": 0.26829326, "label": "Tree", "tile_idx": 8, "geo_xmin": 696070.38, "geo_ymin": 2428471.0, "geo_xmax": 696074.94, "geo_ymax": 2428475.5, "center_x": 696072.62, "center_y": 2428473.2, "width_m": 4.5625, "height_m": 4.5, "crown_diameter_m": 4.5311422, "lon": 88.898623712227661, "lat": 21.94969234323943, "crown_area_raw_m2": 16.125206, "crown_area_calibrated_m2": 19.350248, "agb_tree_kg": 27.231697177830284 }, "geometry": { "type": "Polygon", "coordinates": [ [ [ 696074.90625, 2428473.25 ], [ 696074.895265157683752, 2428473.029461434110999 ], [ 696074.862416420946829, 2428472.811046775430441 ], [ 696074.808020140859298, 2428472.596859476063401 ], [ 696074.732600183575414, 2428472.388962277211249 ], [ 696074.63688288431149, 2428472.189357342198491 ], [ 696074.521790053113364, 2428471.999966975767165 ], [ 696074.388430096791126, 2428471.822615110781044 ], [ 696074.238087344565429, 2428471.659009742550552 ], [ 696074.07220967952162, 2428471.510726479813457 ], [ 696073.892394594033249, 2428471.379193372093141 ], [ 696073.70037380582653, 2428471.265677154995501 ], [ 696073.497996580088511, 2428471.171271051745862 ], [ 696073.287211920018308, 2428471.096884244587272 ], [ 696073.07004979706835, 2428471.043233118951321 ], [ 696072.848601601319388, 2428471.010834365151823 ], [ 696072.625, 2428471.0 ], [ 696072.401398398680612, 2428471.010834365151823 ], [ 696072.17995020293165, 2428471.043233118951321 ], [ 696071.962788079981692, 2428471.096884244587272 ], [ 696071.752003419911489, 2428471.171271051745862 ], [ 696071.54962619417347, 2428471.265677154995501 ], [ 696071.357605405966751, 2428471.379193372093141 ], [ 696071.17779032047838, 2428471.510726479813457 ], [ 696071.011912655434571, 2428471.659009742550552 ], [ 696070.861569903208874, 2428471.822615110781044 ], [ 696070.728209946886636, 2428471.999966975767165 ], [ 696070.61311711568851, 2428472.189357342198491 ], [ 696070.517399816424586, 2428472.388962277211249 ], [ 696070.441979859140702, 2428472.596859476063401 ], [ 696070.387583579053171, 2428472.811046775430441 ], [ 696070.354734842316248, 2428473.029461434110999 ], [ 696070.34375, 2428473.25 ], [ 696070.354734842316248, 2428473.470538565889001 ], [ 696070.387583579053171, 2428473.688953224569559 ], [ 696070.441979859140702, 2428473.903140523936599 ], [ 696070.517399816424586, 2428474.111037722788751 ], [ 696070.61311711568851, 2428474.310642657801509 ], [ 696070.728209946886636, 2428474.500033024232835 ], [ 696070.861569903208874, 2428474.677384889218956 ], [ 696071.011912655434571, 2428474.840990257449448 ], [ 696071.17779032047838, 2428474.989273520186543 ], [ 696071.357605405966751, 2428475.120806627906859 ], [ 696071.54962619417347, 2428475.234322845004499 ], [ 696071.752003419911489, 2428475.328728948254138 ], [ 696071.962788079981692, 2428475.403115755412728 ], [ 696072.17995020293165, 2428475.456766881048679 ], [ 696072.401398398680612, 2428475.489165634848177 ], [ 696072.625, 2428475.5 ], [ 696072.848601601319388, 2428475.489165634848177 ], [ 696073.07004979706835, 2428475.456766881048679 ], [ 696073.287211920018308, 2428475.403115755412728 ], [ 696073.497996580088511, 2428475.328728948254138 ], [ 696073.70037380582653, 2428475.234322845004499 ], [ 696073.892394594033249, 2428475.120806627906859 ], [ 696074.07220967952162, 2428474.989273520186543 ], [ 696074.238087344565429, 2428474.840990257449448 ], [ 696074.388430096791126, 2428474.677384889218956 ], [ 696074.521790053113364, 2428474.500033024232835 ], [ 696074.63688288431149, 2428474.310642657801509 ], [ 696074.732600183575414, 2428474.111037722788751 ], [ 696074.808020140859298, 2428473.903140523936599 ], [ 696074.862416420946829, 2428473.688953224569559 ], [ 696074.895265157683752, 2428473.470538565889001 ], [ 696074.90625, 2428473.25 ] ] ] } },
{ "type": "Feature", "properties": { "xmin": 732.80096, "ymin": 641.15454, "xmax": 747.8844, "ymax": 656.41663, "score": 0.26690441, "label": "Tree", "tile_idx": 6, "geo_xmin": 696197.0, "geo_ymin": 2428479.5, "geo_xmax": 696201.06, "geo_ymax": 2428483.8, "center_x": 696199.0, "center_y": 2428481.5, "width_m": 4.0625, "height_m": 4.25, "crown_diameter_m": 4.1551924, "lon": 88.899847912052422, "lat": 21.949752693474288, "crown_area_raw_m2": 13.56039, "crown_area_calibrated_m2": 16.272469, "agb_tree_kg": 22.112838766682799 }, "geometry": { "type": "Polygon", "coordinates": [ [ [ 696201.03125, 2428481.5 ], [ 696201.02146897604689, 2428481.291713576763868 ], [ 696200.992220100830309, 2428481.085433065891266 ], [ 696200.943785056937486, 2428480.883145060855895 ], [ 696200.87663030042313, 2428480.686797706410289 ], [ 696200.791402568225749, 2428480.498281934298575 ], [ 696200.688922649947926, 2428480.319413254968822 ], [ 696200.57017748337239, 2428480.151914271060377 ], [ 696200.436310649267398, 2428479.997398090083152 ], [ 696200.288611358497292, 2428479.857352786697447 ], [ 696200.128502035862766, 2428479.733127073850483 ], [ 696199.957524621626362, 2428479.625917313154787 ], [ 696199.777325722039677, 2428479.536755993496627 ], [ 696199.589640750666149, 2428479.466501786373556 ], [ 696199.396277216612361, 2428479.415831279009581 ], [ 696199.19909731624648, 2428479.385232456028461 ], [ 696199.0, 2428479.375 ], [ 696198.80090268375352, 2428479.385232456028461 ], [ 696198.603722783387639, 2428479.415831279009581 ], [ 696198.410359249333851, 2428479.466501786373556 ], [ 696198.222674277960323, 2428479.536755993496627 ], [ 696198.042475378373638, 2428479.625917313154787 ], [ 696197.871497964137234, 2428479.733127073850483 ], [ 696197.711388641502708, 2428479.857352786697447 ], [ 696197.563689350732602, 2428479.997398090083152 ], [ 696197.42982251662761, 2428480.151914271060377 ], [ 696197.311077350052074, 2428480.319413254968822 ], [ 696197.208597431774251, 2428480.498281934298575 ], [ 696197.12336969957687, 2428480.686797706410289 ], [ 696197.056214943062514, 2428480.883145060855895 ], [ 696197.007779899169691, 2428481.085433065891266 ], [ 696196.97853102395311, 2428481.291713576763868 ], [ 696196.96875, 2428481.5 ], [ 696196.97853102395311, 2428481.708286423236132 ], [ 696197.007779899169691, 2428481.914566934108734 ], [ 696197.056214943062514, 2428482.116854939144105 ], [ 696197.12336969957687, 2428482.313202293589711 ], [ 696197.208597431774251, 2428482.501718065701425 ], [ 696197.311077350052074, 2428482.680586745031178 ], [ 696197.42982251662761, 2428482.848085728939623 ], [ 696197.563689350732602, 2428483.002601909916848 ], [ 696197.711388641502708, 2428483.142647213302553 ], [ 696197.871497964137234, 2428483.266872926149517 ], [ 696198.042475378373638, 2428483.374082686845213 ], [ 696198.222674277960323, 2428483.463244006503373 ], [ 696198.410359249333851, 2428483.533498213626444 ], [ 696198.603722783387639, 2428483.584168720990419 ], [ 696198.80090268375352, 2428483.614767543971539 ], [ 696199.0, 2428483.625 ], [ 696199.19909731624648, 2428483.614767543971539 ], [ 696199.396277216612361, 2428483.584168720990419 ], [ 696199.589640750666149, 2428483.533498213626444 ], [ 696199.777325722039677, 2428483.463244006503373 ], [ 696199.957524621626362, 2428483.374082686845213 ], [ 696200.128502035862766, 2428483.266872926149517 ], [ 696200.288611358497292, 2428483.142647213302553 ], [ 696200.436310649267398, 2428483.002601909916848 ], [ 696200.57017748337239, 2428482.848085728939623 ], [ 696200.688922649947926, 2428482.680586745031178 ], [ 696200.791402568225749, 2428482.501718065701425 ], [ 696200.87663030042313, 2428482.313202293589711 ], [ 696200.943785056937486, 2428482.116854939144105 ], [ 696200.992220100830309, 2428481.914566934108734 ], [ 696201.02146897604689, 2428481.708286423236132 ], [ 696201.03125, 2428481.5 ] ] ] } },
{ "type": "Feature", "properties": { "xmin": 531.6228, "ymin": 124.76437, "xmax": 546.65674, "ymax": 140.33145, "score": 0.26569554, "label": "Tree", "tile_idx": 1, "geo_xmin": 696142.69, "geo_ymin": 2428618.8, "geo_xmax": 696146.75, "geo_ymax": 2428623.0, "center_x": 696144.75, "center_y": 2428621.0, "width_m": 4.0625, "height_m": 4.25, "crown_diameter_m": 4.1551924, "lon": 88.89933955277975, "lat": 21.951018400363555, "crown_area_raw_m2": 13.56039, "crown_area_calibrated_m2": 16.272469, "agb_tree_kg": 22.112838766682799 }, "geometry": { "type": "Polygon", "coordinates": [ [ [ 696146.78125, 2428621.0 ], [ 696146.77146897604689, 2428620.791713576763868 ], [ 696146.742220100830309, 2428620.585433065891266 ], [ 696146.693785056937486, 2428620.383145060855895 ], [ 696146.62663030042313, 2428620.186797706410289 ], [ 696146.541402568225749, 2428619.998281934298575 ], [ 696146.438922649947926, 2428619.819413254968822 ], [ 696146.32017748337239, 2428619.651914271060377 ], [ 696146.186310649267398, 2428619.497398090083152 ], [ 696146.038611358497292, 2428619.357352786697447 ], [ 696145.878502035862766, 2428619.233127073850483 ], [ 696145.707524621626362, 2428619.125917313154787 ], [ 696145.527325722039677, 2428619.036755993496627 ], [ 696145.339640750666149, 2428618.966501786373556 ], [ 696145.146277216612361, 2428618.915831279009581 ], [ 696144.94909731624648, 2428618.885232456028461 ], [ 696144.75, 2428618.875 ], [ 696144.55090268375352, 2428618.885232456028461 ], [ 696144.353722783387639, 2428618.915831279009581 ], [ 696144.160359249333851, 2428618.966501786373556 ], [ 696143.972674277960323, 2428619.036755993496627 ], [ 696143.792475378373638, 2428619.125917313154787 ], [ 696143.621497964137234, 2428619.233127073850483 ], [ 696143.461388641502708, 2428619.357352786697447 ], [ 696143.313689350732602, 2428619.497398090083152 ], [ 696143.17982251662761, 2428619.651914271060377 ], [ 696143.061077350052074, 2428619.819413254968822 ], [ 696142.958597431774251, 2428619.998281934298575 ], [ 696142.87336969957687, 2428620.186797706410289 ], [ 696142.806214943062514, 2428620.383145060855895 ], [ 696142.757779899169691, 2428620.585433065891266 ], [ 696142.72853102395311, 2428620.791713576763868 ], [ 696142.71875, 2428621.0 ], [ 696142.72853102395311, 2428621.208286423236132 ], [ 696142.757779899169691, 2428621.414566934108734 ], [ 696142.806214943062514, 2428621.616854939144105 ], [ 696142.87336969957687, 2428621.813202293589711 ], [ 696142.958597431774251, 2428622.001718065701425 ], [ 696143.061077350052074, 2428622.180586745031178 ], [ 696143.17982251662761, 2428622.348085728939623 ], [ 696143.313689350732602, 2428622.502601909916848 ], [ 696143.461388641502708, 2428622.642647213302553 ], [ 696143.621497964137234, 2428622.766872926149517 ], [ 696143.792475378373638, 2428622.874082686845213 ], [ 696143.972674277960323, 2428622.963244006503373 ], [ 696144.160359249333851, 2428623.033498213626444 ], [ 696144.353722783387639, 2428623.084168720990419 ], [ 696144.55090268375352, 2428623.114767543971539 ], [ 696144.75, 2428623.125 ], [ 696144.94909731624648, 2428623.114767543971539 ], [ 696145.146277216612361, 2428623.084168720990419 ], [ 696145.339640750666149, 2428623.033498213626444 ], [ 696145.527325722039677, 2428622.963244006503373 ], [ 696145.707524621626362, 2428622.874082686845213 ], [ 696145.878502035862766, 2428622.766872926149517 ], [ 696146.038611358497292, 2428622.642647213302553 ], [ 696146.186310649267398, 2428622.502601909916848 ], [ 696146.32017748337239, 2428622.348085728939623 ], [ 696146.438922649947926, 2428622.180586745031178 ], [ 696146.541402568225749, 2428622.001718065701425 ], [ 696146.62663030042313, 2428621.813202293589711 ], [ 696146.693785056937486, 2428621.616854939144105 ], [ 696146.742220100830309, 2428621.414566934108734 ], [ 696146.77146897604689, 2428621.208286423236132 ], [ 696146.78125, 2428621.0 ] ] ] } },
{ "type": "Feature", "properties": { "xmin": 457.16461, "ymin": 52.305218, "xmax": 481.80692, "ymax": 76.956772, "score": 0.26540869, "label": "Tree", "tile_idx": 1, "geo_xmin": 696122.56, "geo_ymin": 2428636.0, "geo_xmax": 696129.19, "geo_ymax": 2428642.8, "center_x": 696125.88, "center_y": 2428639.5, "width_m": 6.625, "height_m": 6.75, "crown_diameter_m": 6.6872082, "lon": 88.899159075644079, "lat": 21.951187561272064, "crown_area_raw_m2": 35.122025, "crown_area_calibrated_m2": 42.146431, "agb_tree_kg": 69.412871836340543 }, "geometry": { "type": "Polygon", "coordinates": [ [ [ 696129.1875, 2428639.5 ], [ 696129.171549407066777, 2428639.169192151166499 ], [ 696129.123851241311058, 2428638.841570163145661 ], [ 696129.044864862109534, 2428638.520289214327931 ], [ 696128.93535095138941, 2428638.208443415816873 ], [ 696128.796364188194275, 2428637.909036013297737 ], [ 696128.629243090748787, 2428637.624950463417917 ], [ 696128.435597126721404, 2428637.358922665938735 ], [ 696128.217291212640703, 2428637.113514613360167 ], [ 696127.976427753805183, 2428636.891089719720185 ], [ 696127.715326396864839, 2428636.693790058605373 ], [ 696127.436501690768637, 2428636.523515732958913 ], [ 696127.142638869700022, 2428636.381906577851623 ], [ 696126.836567993392237, 2428636.270326367113739 ], [ 696126.521236691623926, 2428636.189849678426981 ], [ 696126.199681777390651, 2428636.141251547262073 ], [ 696125.875, 2428636.125 ], [ 696125.550318222609349, 2428636.141251547262073 ], [ 696125.228763308376074, 2428636.189849678426981 ], [ 696124.913432006607763, 2428636.270326367113739 ], [ 696124.607361130299978, 2428636.381906577851623 ], [ 696124.313498309231363, 2428636.523515732958913 ], [ 696124.034673603135161, 2428636.693790058605373 ], [ 696123.773572246194817, 2428636.891089719720185 ], [ 696123.532708787359297, 2428637.113514613360167 ], [ 696123.314402873278596, 2428637.358922665938735 ], [ 696123.120756909251213, 2428637.624950463417917 ], [ 696122.953635811805725, 2428637.909036013297737 ], [ 696122.81464904861059, 2428638.208443415816873 ], [ 696122.705135137890466, 2428638.520289214327931 ], [ 696122.626148758688942, 2428638.841570163145661 ], [ 696122.578450592933223, 2428639.169192151166499 ], [ 696122.5625, 2428639.5 ], [ 696122.578450592933223, 2428639.830807848833501 ], [ 696122.626148758688942, 2428640.158429836854339 ], [ 696122.705135137890466, 2428640.479710785672069 ], [ 696122.81464904861059, 2428640.791556584183127 ], [ 696122.953635811805725, 2428641.090963986702263 ], [ 696123.120756909251213, 2428641.375049536582083 ], [ 696123.314402873278596, 2428641.641077334061265 ], [ 696123.532708787359297, 2428641.886485386639833 ], [ 696123.773572246194817, 2428642.108910280279815 ], [ 696124.034673603135161, 2428642.306209941394627 ], [ 696124.313498309231363, 2428642.476484267041087 ], [ 696124.607361130299978, 2428642.618093422148377 ], [ 696124.913432006607763, 2428642.729673632886261 ], [ 696125.228763308376074, 2428642.810150321573019 ], [ 696125.550318222609349, 2428642.858748452737927 ], [ 696125.875, 2428642.875 ], [ 696126.199681777390651, 2428642.858748452737927 ], [ 696126.521236691623926, 2428642.810150321573019 ], [ 696126.836567993392237, 2428642.729673632886261 ], [ 696127.142638869700022, 2428642.618093422148377 ], [ 696127.436501690768637, 2428642.476484267041087 ], [ 696127.715326396864839, 2428642.306209941394627 ], [ 696127.976427753805183, 2428642.108910280279815 ], [ 696128.217291212640703, 2428641.886485386639833 ], [ 696128.435597126721404, 2428641.641077334061265 ], [ 696128.629243090748787, 2428641.375049536582083 ], [ 696128.796364188194275, 2428641.090963986702263 ], [ 696128.93535095138941, 2428640.791556584183127 ], [ 696129.044864862109534, 2428640.479710785672069 ], [ 696129.123851241311058, 2428640.158429836854339 ], [ 696129.171549407066777, 2428639.830807848833501 ], [ 696129.1875, 2428639.5 ] ] ] } },
{ "type": "Feature", "properties": { "xmin": 841.35437, "ymin": 176.40538, "xmax": 860.81482, "ymax": 196.12184, "score": 0.26524776, "label": "Tree", "tile_idx": 2, "geo_xmin": 696226.31, "geo_ymin": 2428603.8, "geo_xmax": 696231.56, "geo_ymax": 2428609.0, "center_x": 696228.94, "center_y": 2428606.5, "width_m": 5.25, "height_m": 5.25, "crown_diameter_m": 5.25, "lon": 88.900152687726276, "lat": 21.950878045172178, "crown_area_raw_m2": 21.647537, "crown_area_calibrated_m2": 25.977045, "agb_tree_kg": 38.798449952558542 }, "geometry": { "type": "Polygon", "coordinates": [ [ [ 696231.5625, 2428606.5 ], [ 696231.549859907478094, 2428606.242705006618053 ], [ 696231.512061361107044, 2428605.987887904513627 ], [ 696231.449468381353654, 2428605.738002722151577 ], [ 696231.362683772807941, 2428605.49545599007979 ], [ 696231.25254331890028, 2428605.26258356589824 ], [ 696231.120107732247561, 2428605.041628138162196 ], [ 696230.966652440023609, 2428604.83471762901172 ], [ 696230.793655300629325, 2428604.64384469948709 ], [ 696230.602782370871864, 2428604.470847560092807 ], [ 696230.395871861721389, 2428604.317392267752439 ], [ 696230.174916434218176, 2428604.184956680983305 ], [ 696229.94204400992021, 2428604.074816226959229 ], [ 696229.699497277848423, 2428603.988031618762761 ], [ 696229.449612095253542, 2428603.925438638776541 ], [ 696229.194794993381947, 2428603.887640092521906 ], [ 696228.9375, 2428603.875 ], [ 696228.680205006618053, 2428603.887640092521906 ], [ 696228.425387904746458, 2428603.925438638776541 ], [ 696228.175502722151577, 2428603.988031618762761 ], [ 696227.93295599007979, 2428604.074816226959229 ], [ 696227.700083565781824, 2428604.184956680983305 ], [ 696227.479128138278611, 2428604.317392267752439 ], [ 696227.272217629128136, 2428604.470847560092807 ], [ 696227.081344699370675, 2428604.64384469948709 ], [ 696226.908347559976391, 2428604.83471762901172 ], [ 696226.754892267752439, 2428605.041628138162196 ], [ 696226.62245668109972, 2428605.26258356589824 ], [ 696226.512316227192059, 2428605.49545599007979 ], [ 696226.425531618646346, 2428605.738002722151577 ], [ 696226.362938638892956, 2428605.987887904513627 ], [ 696226.325140092521906, 2428606.242705006618053 ], [ 696226.3125, 2428606.5 ], [ 696226.325140092521906, 2428606.757294993381947 ], [ 696226.362938638892956, 2428607.012112095486373 ], [ 696226.425531618646346, 2428607.261997277848423 ], [ 696226.512316227192059, 2428607.50454400992021 ], [ 696226.62245668109972, 2428607.73741643410176 ], [ 696226.754892267752439, 2428607.958371861837804 ], [ 696226.908347559976391, 2428608.16528237098828 ], [ 696227.081344699370675, 2428608.35615530051291 ], [ 696227.272217629128136, 2428608.529152439907193 ], [ 696227.479128138278611, 2428608.682607732247561 ], [ 696227.700083565781824, 2428608.815043319016695 ], [ 696227.93295599007979, 2428608.925183773040771 ], [ 696228.175502722151577, 2428609.011968381237239 ], [ 696228.425387904746458, 2428609.074561361223459 ], [ 696228.680205006618053, 2428609.112359907478094 ], [ 696228.9375, 2428609.125 ], [ 696229.194794993381947, 2428609.112359907478094 ], [ 696229.449612095253542, 2428609.074561361223459 ], [ 696229.699497277848423, 2428609.011968381237239 ], [ 696229.94204400992021, 2428608.925183773040771 ], [ 696230.174916434218176, 2428608.815043319016695 ], [ 696230.395871861721389, 2428608.682607732247561 ], [ 696230.602782370871864, 2428608.529152439907193 ], [ 696230.793655300629325, 2428608.35615530051291 ], [ 696230.966652440023609, 2428608.16528237098828 ], [ 696231.120107732247561, 2428607.958371861837804 ], [ 696231.25254331890028, 2428607.73741643410176 ], [ 696231.362683772807941, 2428607.50454400992021 ], [ 696231.449468381353654, 2428607.261997277848423 ], [ 696231.512061361107044, 2428607.012112095486373 ], [ 696231.549859907478094, 2428606.757294993381947 ], [ 696231.5625, 2428606.5 ] ] ] } },
{ "type": "Feature", "properties": { "xmin": 704.83124, "ymin": 335.698, "xmax": 720.83472, "ymax": 352.43921, "score": 0.26462653, "label": "Tree", "tile_idx": 3, "geo_xmin": 696189.44, "geo_ymin": 2428561.5, "geo_xmax": 696193.75, "geo_ymax": 2428566.0, "center_x": 696191.62, "center_y": 2428563.8, "width_m": 4.3125, "height_m": 4.5, "crown_diameter_m": 4.4052525, "lon": 88.899786398823267, "lat": 21.950496206384898, "crown_area_raw_m2": 15.241633, "crown_area_calibrated_m2": 18.289961, "agb_tree_kg": 25.448208719029687 }, "geometry": { "type": "Polygon", "coordinates": [ [ [ 696193.78125, 2428563.75 ], [ 696193.770867066923529, 2428563.529461434110999 ], [ 696193.739818260888569, 2428563.311046775430441 ], [ 696193.6884025989566, 2428563.096859476063401 ], [ 696193.617115241941065, 2428562.888962277211249 ], [ 696193.526642726268619, 2428562.689357342198491 ], [ 696193.417856351472437, 2428562.499966975767165 ], [ 696193.29180379002355, 2428562.322615110781044 ], [ 696193.149698996916413, 2428562.159009742550552 ], [ 696192.992910519009456, 2428562.010726479813457 ], [ 696192.822948314948007, 2428561.879193372093141 ], [ 696192.641449213726446, 2428561.765677154995501 ], [ 696192.450161151005886, 2428561.671271051745862 ], [ 696192.250926335342228, 2428561.596884244587272 ], [ 696192.045663506840356, 2428561.543233118951321 ], [ 696191.836349458782934, 2428561.510834365151823 ], [ 696191.625, 2428561.5 ], [ 696191.413650541217066, 2428561.510834365151823 ], [ 696191.204336493159644, 2428561.543233118951321 ], [ 696190.999073664657772, 2428561.596884244587272 ], [ 696190.799838848994114, 2428561.671271051745862 ], [ 696190.608550786273554, 2428561.765677154995501 ], [ 696190.427051685051993, 2428561.879193372093141 ], [ 696190.257089480990544, 2428562.010726479813457 ], [ 696190.100301003083587, 2428562.159009742550552 ], [ 696189.95819620997645, 2428562.322615110781044 ], [ 696189.832143648527563, 2428562.499966975767165 ], [ 696189.723357273731381, 2428562.689357342198491 ], [ 696189.632884758058935, 2428562.888962277211249 ], [ 696189.5615974010434, 2428563.096859476063401 ], [ 696189.510181739111431, 2428563.311046775430441 ], [ 696189.479132933076471, 2428563.529461434110999 ], [ 696189.46875, 2428563.75 ], [ 696189.479132933076471, 2428563.970538565889001 ], [ 696189.510181739111431, 2428564.188953224569559 ], [ 696189.5615974010434, 2428564.403140523936599 ], [ 696189.632884758058935, 2428564.611037722788751 ], [ 696189.723357273731381, 2428564.810642657801509 ], [ 696189.832143648527563, 2428565.000033024232835 ], [ 696189.95819620997645, 2428565.177384889218956 ], [ 696190.100301003083587, 2428565.340990257449448 ], [ 696190.257089480990544, 2428565.489273520186543 ], [ 696190.427051685051993, 2428565.620806627906859 ], [ 696190.608550786273554, 2428565.734322845004499 ], [ 696190.799838848994114, 2428565.828728948254138 ], [ 696190.999073664657772, 2428565.903115755412728 ], [ 696191.204336493159644, 2428565.956766881048679 ], [ 696191.413650541217066, 2428565.989165634848177 ], [ 696191.625, 2428566.0 ], [ 696191.836349458782934, 2428565.989165634848177 ], [ 696192.045663506840356, 2428565.956766881048679 ], [ 696192.250926335342228, 2428565.903115755412728 ], [ 696192.450161151005886, 2428565.828728948254138 ], [ 696192.641449213726446, 2428565.734322845004499 ], [ 696192.822948314948007, 2428565.620806627906859 ], [ 696192.992910519009456, 2428565.489273520186543 ], [ 696193.149698996916413, 2428565.340990257449448 ], [ 696193.29180379002355, 2428565.177384889218956 ], [ 696193.417856351472437, 2428565.000033024232835 ], [ 696193.526642726268619, 2428564.810642657801509 ], [ 696193.617115241941065, 2428564.611037722788751 ], [ 696193.6884025989566, 2428564.403140523936599 ], [ 696193.739818260888569, 2428564.188953224569559 ], [ 696193.770867066923529, 2428563.970538565889001 ], [ 696193.78125, 2428563.75 ] ] ] } },
{ "type": "Feature", "properties": { "xmin": 216.51192, "ymin": 555.10919, "xmax": 240.321, "ymax": 579.09009, "score": 0.26402196, "label": "Tree", "tile_idx": 4, "geo_xmin": 696057.56, "geo_ymin": 2428500.5, "geo_xmax": 696064.0, "geo_ymax": 2428506.8, "center_x": 696060.75, "center_y": 2428503.5, "width_m": 6.4375, "height_m": 6.25, "crown_diameter_m": 6.3430572, "lon": 88.898512399459904, "lat": 21.949966818431843, "crown_area_raw_m2": 31.600004, "crown_area_calibrated_m2": 37.920006, "agb_tree_kg": 61.133224545799891 }, "geometry": { "type": "Polygon", "coordinates": [ [ [ 696063.96875, 2428503.5 ], [ 696063.953250839025714, 2428503.193696436472237 ], [ 696063.906902621267363, 2428502.89034274360165 ], [ 696063.830151705653407, 2428502.59286038344726 ], [ 696063.723737245309167, 2428502.304114273749292 ], [ 696063.588684069574811, 2428502.026885197497904 ], [ 696063.426292814547196, 2428501.763843021821231 ], [ 696063.238127396791242, 2428501.517520986963063 ], [ 696063.025999951991253, 2428501.290291308891028 ], [ 696062.791953383362852, 2428501.084342333022505 ], [ 696062.538241687580012, 2428500.901657461654395 ], [ 696062.267308246693574, 2428500.743996048811823 ], [ 696061.981762297917157, 2428500.612876460887492 ], [ 696061.684353804914281, 2428500.509561450686306 ], [ 696061.377946974011138, 2428500.435045998543501 ], [ 696061.065492670400999, 2428500.39004772901535 ], [ 696060.75, 2428500.375 ], [ 696060.434507329599001, 2428500.39004772901535 ], [ 696060.122053025988862, 2428500.435045998543501 ], [ 696059.815646195085719, 2428500.509561450686306 ], [ 696059.518237702082843, 2428500.612876460887492 ], [ 696059.232691753306426, 2428500.743996048811823 ], [ 696058.961758312419988, 2428500.901657461654395 ], [ 696058.708046616637148, 2428501.084342333022505 ], [ 696058.474000048008747, 2428501.290291308891028 ], [ 696058.261872603208758, 2428501.517520986963063 ], [ 696058.073707185452804, 2428501.763843021821231 ], [ 696057.911315930425189, 2428502.026885197497904 ], [ 696057.776262754690833, 2428502.304114273749292 ], [ 696057.669848294346593, 2428502.59286038344726 ], [ 696057.593097378732637, 2428502.89034274360165 ], [ 696057.546749160974286, 2428503.193696436472237 ], [ 696057.53125, 2428503.5 ], [ 696057.546749160974286, 2428503.806303563527763 ], [ 696057.593097378732637, 2428504.10965725639835 ], [ 696057.669848294346593, 2428504.40713961655274 ], [ 696057.776262754690833, 2428504.695885726250708 ], [ 696057.911315930425189, 2428504.973114802502096 ], [ 696058.073707185452804, 2428505.236156978178769 ], [ 696058.261872603208758, 2428505.482479013036937 ], [ 696058.474000048008747, 2428505.709708691108972 ], [ 696058.708046616637148, 2428505.915657666977495 ], [ 696058.961758312419988, 2428506.098342538345605 ], [ 696059.232691753306426, 2428506.256003951188177 ], [ 696059.518237702082843, 2428506.387123539112508 ], [ 696059.815646195085719, 2428506.490438549313694 ], [ 696060.122053025988862, 2428506.564954001456499 ], [ 696060.434507329599001, 2428506.60995227098465 ], [ 696060.75, 2428506.625 ], [ 696061.065492670400999, 2428506.60995227098465 ], [ 696061.377946974011138, 2428506.564954001456499 ], [ 696061.684353804914281, 2428506.490438549313694 ], [ 696061.981762297917157, 2428506.387123539112508 ], [ 696062.267308246693574, 2428506.256003951188177 ], [ 696062.538241687580012, 2428506.098342538345605 ], [ 696062.791953383362852, 2428505.915657666977495 ], [ 696063.025999951991253, 2428505.709708691108972 ], [ 696063.238127396791242, 2428505.482479013036937 ], [ 696063.426292814547196, 2428505.236156978178769 ], [ 696063.588684069574811, 2428504.973114802502096 ], [ 696063.723737245309167, 2428504.695885726250708 ], [ 696063.830151705653407, 2428504.40713961655274 ], [ 696063.906902621267363, 2428504.10965725639835 ], [ 696063.953250839025714, 2428503.806303563527763 ], [ 696063.96875, 2428503.5 ] ] ] } },
{ "type": "Feature", "properties": { "xmin": 296.85446, "ymin": 484.97144, "xmax": 316.83493, "ymax": 505.16333, "score": 0.26322493, "label": "Tree", "tile_idx": 4, "geo_xmin": 696079.25, "geo_ymin": 2428520.2, "geo_xmax": 696084.69, "geo_ymax": 2428525.8, "center_x": 696082.0, "center_y": 2428523.0, "width_m": 5.4375, "height_m": 5.5, "crown_diameter_m": 5.4686608, "lon": 88.898720421978453, "lat": 21.950140518755504, "crown_area_raw_m2": 23.488316, "crown_area_calibrated_m2": 28.18598, "agb_tree_kg": 42.797392301097155 }, "geometry": { "type": "Polygon", "coordinates": [ [ [ 696084.71875, 2428523.0 ], [ 696084.705658475635573, 2428522.730452863965183 ], [ 696084.666509981150739, 2428522.463501614518464 ], [ 696084.601681537809782, 2428522.201717137359083 ], [ 696084.511797479004599, 2428521.94762056088075 ], [ 696084.397723437403329, 2428521.703658973798156 ], [ 696084.260558008449152, 2428521.4721818594262 ], [ 696084.101622170070186, 2428521.255418468732387 ], [ 696083.922446561395191, 2428521.05545635195449 ], [ 696083.724756741314195, 2428520.874221253208816 ], [ 696083.510456571006216, 2428520.713458565995097 ], [ 696083.281609878293239, 2428520.574716522824019 ], [ 696083.040420581703074, 2428520.459331285674125 ], [ 696082.789211466326378, 2428520.368414076510817 ], [ 696082.530401812982745, 2428520.302840478718281 ], [ 696082.266484100255184, 2428520.263242001645267 ], [ 696082.0, 2428520.25 ], [ 696081.733515899744816, 2428520.263242001645267 ], [ 696081.469598187017255, 2428520.302840478718281 ], [ 696081.210788533673622, 2428520.368414076510817 ], [ 696080.959579418296926, 2428520.459331285674125 ], [ 696080.718390121706761, 2428520.574716522824019 ], [ 696080.489543428993784, 2428520.713458565995097 ], [ 696080.275243258685805, 2428520.874221253208816 ], [ 696080.077553438604809, 2428521.05545635195449 ], [ 696079.898377829929814, 2428521.255418468732387 ], [ 696079.739441991550848, 2428521.4721818594262 ], [ 696079.602276562596671, 2428521.703658973798156 ], [ 696079.488202520995401, 2428521.94762056088075 ], [ 696079.398318462190218, 2428522.201717137359083 ], [ 696079.333490018849261, 2428522.463501614518464 ], [ 696079.294341524364427, 2428522.730452863965183 ], [ 696079.28125, 2428523.0 ], [ 696079.294341524364427, 2428523.269547136034817 ], [ 696079.333490018849261, 2428523.536498385481536 ], [ 696079.398318462190218, 2428523.798282862640917 ], [ 696079.488202520995401, 2428524.05237943911925 ], [ 696079.602276562596671, 2428524.296341026201844 ], [ 696079.739441991550848, 2428524.5278181405738 ], [ 696079.898377829929814, 2428524.744581531267613 ], [ 696080.077553438604809, 2428524.94454364804551 ], [ 696080.275243258685805, 2428525.125778746791184 ], [ 696080.489543428993784, 2428525.286541434004903 ], [ 696080.718390121706761, 2428525.425283477175981 ], [ 696080.959579418296926, 2428525.540668714325875 ], [ 696081.210788533673622, 2428525.631585923489183 ], [ 696081.469598187017255, 2428525.697159521281719 ], [ 696081.733515899744816, 2428525.736757998354733 ], [ 696082.0, 2428525.75 ], [ 696082.266484100255184, 2428525.736757998354733 ], [ 696082.530401812982745, 2428525.697159521281719 ], [ 696082.789211466326378, 2428525.631585923489183 ], [ 696083.040420581703074, 2428525.540668714325875 ], [ 696083.281609878293239, 2428525.425283477175981 ], [ 696083.510456571006216, 2428525.286541434004903 ], [ 696083.724756741314195, 2428525.125778746791184 ], [ 696083.922446561395191, 2428524.94454364804551 ], [ 696084.101622170070186, 2428524.744581531267613 ], [ 696084.260558008449152, 2428524.5278181405738 ], [ 696084.397723437403329, 2428524.296341026201844 ], [ 696084.511797479004599, 2428524.05237943911925 ], [ 696084.601681537809782, 2428523.798282862640917 ], [ 696084.666509981150739, 2428523.536498385481536 ], [ 696084.705658475635573, 2428523.269547136034817 ], [ 696084.71875, 2428523.0 ] ] ] } },
{ "type": "Feature", "properties": { "xmin": 443.79202, "ymin": 494.72214, "xmax": 459.44208, "ymax": 511.30801, "score": 0.26308507, "label": "Tree", "tile_idx": 5, "geo_xmin": 696118.94, "geo_ymin": 2428518.8, "geo_xmax": 696123.19, "geo_ymax": 2428523.2, "center_x": 696121.06, "center_y": 2428521.0, "width_m": 4.25, "height_m": 4.5, "crown_diameter_m": 4.3732138, "lon": 88.899098277314479, "lat": 21.950118088168775, "crown_area_raw_m2": 15.020741, "crown_area_calibrated_m2": 18.024889, "agb_tree_kg": 25.005544098899716 }, "geometry": { "type": "Polygon", "coordinates": [ [ [ 696123.1875, 2428521.0 ], [ 696123.177267544204369, 2428520.779461434110999 ], [ 696123.146668720874004, 2428520.561046775430441 ], [ 696123.095998213393614, 2428520.346859476063401 ], [ 696123.025744006619789, 2428520.138962277211249 ], [ 696122.936582686728798, 2428519.939357342198491 ], [ 696122.829372926149517, 2428519.749966975767165 ], [ 696122.705147213418968, 2428519.572615110781044 ], [ 696122.565101910033263, 2428519.409009742550552 ], [ 696122.410585728823207, 2428519.260726479813457 ], [ 696122.243086745147593, 2428519.129193372093141 ], [ 696122.064218065701425, 2428519.015677154995501 ], [ 696121.875702293822542, 2428518.921271051745862 ], [ 696121.679354939144105, 2428518.846884244587272 ], [ 696121.477066934341565, 2428518.793233118951321 ], [ 696121.270786423236132, 2428518.760834365151823 ], [ 696121.0625, 2428518.75 ], [ 696120.854213576763868, 2428518.760834365151823 ], [ 696120.647933065658435, 2428518.793233118951321 ], [ 696120.445645060855895, 2428518.846884244587272 ], [ 696120.249297706177458, 2428518.921271051745862 ], [ 696120.060781934298575, 2428519.015677154995501 ], [ 696119.881913254852407, 2428519.129193372093141 ], [ 696119.714414271176793, 2428519.260726479813457 ], [ 696119.559898089966737, 2428519.409009742550552 ], [ 696119.419852786581032, 2428519.572615110781044 ], [ 696119.295627073850483, 2428519.749966975767165 ], [ 696119.188417313271202, 2428519.939357342198491 ], [ 696119.099255993380211, 2428520.138962277211249 ], [ 696119.029001786606386, 2428520.346859476063401 ], [ 696118.978331279125996, 2428520.561046775430441 ], [ 696118.947732455795631, 2428520.779461434110999 ], [ 696118.9375, 2428521.0 ], [ 696118.947732455795631, 2428521.220538565889001 ], [ 696118.978331279125996, 2428521.438953224569559 ], [ 696119.029001786606386, 2428521.653140523936599 ], [ 696119.099255993380211, 2428521.861037722788751 ], [ 696119.188417313271202, 2428522.060642657801509 ], [ 696119.295627073850483, 2428522.250033024232835 ], [ 696119.419852786581032, 2428522.427384889218956 ], [ 696119.559898089966737, 2428522.590990257449448 ], [ 696119.714414271176793, 2428522.739273520186543 ], [ 696119.881913254852407, 2428522.870806627906859 ], [ 696120.060781934298575, 2428522.984322845004499 ], [ 696120.249297706177458, 2428523.078728948254138 ], [ 696120.445645060855895, 2428523.153115755412728 ], [ 696120.647933065658435, 2428523.206766881048679 ], [ 696120.854213576763868, 2428523.239165634848177 ], [ 696121.0625, 2428523.25 ], [ 696121.270786423236132, 2428523.239165634848177 ], [ 696121.477066934341565, 2428523.206766881048679 ], [ 696121.679354939144105, 2428523.153115755412728 ], [ 696121.875702293822542, 2428523.078728948254138 ], [ 696122.064218065701425, 2428522.984322845004499 ], [ 696122.243086745147593, 2428522.870806627906859 ], [ 696122.410585728823207, 2428522.739273520186543 ], [ 696122.565101910033263, 2428522.590990257449448 ], [ 696122.705147213418968, 2428522.427384889218956 ], [ 696122.829372926149517, 2428522.250033024232835 ], [ 696122.936582686728798, 2428522.060642657801509 ], [ 696123.025744006619789, 2428521.861037722788751 ], [ 696123.095998213393614, 2428521.653140523936599 ], [ 696123.146668720874004, 2428521.438953224569559 ], [ 696123.177267544204369, 2428521.220538565889001 ], [ 696123.1875, 2428521.0 ] ] ] } },
{ "type": "Feature", "properties": { "xmin": 1004.517, "ymin": 976.37805, "xmax": 1020.7218, "ymax": 992.05664, "score": 0.26241031, "label": "Tree", "tile_idx": 11, "geo_xmin": 696270.38, "geo_ymin": 2428389.0, "geo_xmax": 696274.75, "geo_ymax": 2428393.2, "center_x": 696272.56, "center_y": 2428391.0, "width_m": 4.375, "height_m": 4.25, "crown_diameter_m": 4.312047, "lon": 88.900549073584102, "lat": 21.948927274539578, "crown_area_raw_m2": 14.603498, "crown_area_calibrated_m2": 17.524199, "agb_tree_kg": 24.172997722851342 }, "geometry": { "type": "Polygon", "coordinates": [ [ [ 696274.75, 2428391.0 ], [ 696274.739466589642689, 2428390.791713576763868 ], [ 696274.707967800903134, 2428390.585433065891266 ], [ 696274.655806984403171, 2428390.383145060855895 ], [ 696274.583486477378756, 2428390.186797706410289 ], [ 696274.491702765808441, 2428389.998281934298575 ], [ 696274.381339776911773, 2428389.819413254968822 ], [ 696274.253460366744548, 2428389.651914271060377 ], [ 696274.109296083799563, 2428389.497398090083152 ], [ 696273.950235309079289, 2428389.357352786697447 ], [ 696273.777809884748422, 2428389.233127073850483 ], [ 696273.593680361751467, 2428389.125917313154787 ], [ 696273.399620008305646, 2428389.036755993496627 ], [ 696273.197497731540352, 2428388.966501786373556 ], [ 696272.989260079455562, 2428388.915831279009581 ], [ 696272.776912494446151, 2428388.885232456028461 ], [ 696272.5625, 2428388.875 ], [ 696272.348087505553849, 2428388.885232456028461 ], [ 696272.135739920544438, 2428388.915831279009581 ], [ 696271.927502268459648, 2428388.966501786373556 ], [ 696271.725379991694354, 2428389.036755993496627 ], [ 696271.531319638248533, 2428389.125917313154787 ], [ 696271.347190115251578, 2428389.233127073850483 ], [ 696271.174764690920711, 2428389.357352786697447 ], [ 696271.015703916200437, 2428389.497398090083152 ], [ 696270.871539633255452, 2428389.651914271060377 ], [ 696270.743660223088227, 2428389.819413254968822 ], [ 696270.633297234191559, 2428389.998281934298575 ], [ 696270.541513522621244, 2428390.186797706410289 ], [ 696270.469193015596829, 2428390.383145060855895 ], [ 696270.417032199096866, 2428390.585433065891266 ], [ 696270.385533410357311, 2428390.791713576763868 ], [ 696270.375, 2428391.0 ], [ 696270.385533410357311, 2428391.208286423236132 ], [ 696270.417032199096866, 2428391.414566934108734 ], [ 696270.469193015596829, 2428391.616854939144105 ], [ 696270.541513522621244, 2428391.813202293589711 ], [ 696270.633297234191559, 2428392.001718065701425 ], [ 696270.743660223088227, 2428392.180586745031178 ], [ 696270.871539633255452, 2428392.348085728939623 ], [ 696271.015703916200437, 2428392.502601909916848 ], [ 696271.174764690920711, 2428392.642647213302553 ], [ 696271.347190115251578, 2428392.766872926149517 ], [ 696271.531319638248533, 2428392.874082686845213 ], [ 696271.725379991694354, 2428392.963244006503373 ], [ 696271.927502268459648, 2428393.033498213626444 ], [ 696272.135739920544438, 2428393.084168720990419 ], [ 696272.348087505553849, 2428393.114767543971539 ], [ 696272.5625, 2428393.125 ], [ 696272.776912494446151, 2428393.114767543971539 ], [ 696272.989260079455562, 2428393.084168720990419 ], [ 696273.197497731540352, 2428393.033498213626444 ], [ 696273.399620008305646, 2428392.963244006503373 ], [ 696273.593680361751467, 2428392.874082686845213 ], [ 696273.777809884748422, 2428392.766872926149517 ], [ 696273.950235309079289, 2428392.642647213302553 ], [ 696274.109296083799563, 2428392.502601909916848 ], [ 696274.253460366744548, 2428392.348085728939623 ], [ 696274.381339776911773, 2428392.180586745031178 ], [ 696274.491702765808441, 2428392.001718065701425 ], [ 696274.583486477378756, 2428391.813202293589711 ], [ 696274.655806984403171, 2428391.616854939144105 ], [ 696274.707967800903134, 2428391.414566934108734 ], [ 696274.739466589642689, 2428391.208286423236132 ], [ 696274.75, 2428391.0 ] ] ] } },
{ "type": "Feature", "properties": { "xmin": 599.01825, "ymin": 100.74356, "xmax": 614.80054, "ymax": 116.47064, "score": 0.26139808, "label": "Tree", "tile_idx": 1, "geo_xmin": 696160.88, "geo_ymin": 2428625.2, "geo_xmax": 696165.12, "geo_ymax": 2428629.5, "center_x": 696163.0, "center_y": 2428627.5, "width_m": 4.25, "height_m": 4.25, "crown_diameter_m": 4.25, "lon": 88.899516979924499, "lat": 21.951075050060119, "crown_area_raw_m2": 14.186255, "crown_area_calibrated_m2": 17.023508, "agb_tree_kg": 23.34524294231452 }, "geometry": { "type": "Polygon", "coordinates": [ [ [ 696165.125, 2428627.5 ], [ 696165.114767544204369, 2428627.291713576763868 ], [ 696165.084168720874004, 2428627.085433065891266 ], [ 696165.033498213393614, 2428626.883145060855895 ], [ 696164.963244006619789, 2428626.686797706410289 ], [ 696164.874082686728798, 2428626.498281934298575 ], [ 696164.766872926149517, 2428626.319413254968822 ], [ 696164.642647213418968, 2428626.151914271060377 ], [ 696164.502601910033263, 2428625.997398090083152 ], [ 696164.348085728823207, 2428625.857352786697447 ], [ 696164.180586745147593, 2428625.733127073850483 ], [ 696164.001718065701425, 2428625.625917313154787 ], [ 696163.813202293822542, 2428625.536755993496627 ], [ 696163.616854939144105, 2428625.466501786373556 ], [ 696163.414566934341565, 2428625.415831279009581 ], [ 696163.208286423236132, 2428625.385232456028461 ], [ 696163.0, 2428625.375 ], [ 696162.791713576763868, 2428625.385232456028461 ], [ 696162.585433065658435, 2428625.415831279009581 ], [ 696162.383145060855895, 2428625.466501786373556 ], [ 696162.186797706177458, 2428625.536755993496627 ], [ 696161.998281934298575, 2428625.625917313154787 ], [ 696161.819413254852407, 2428625.733127073850483 ], [ 696161.651914271176793, 2428625.857352786697447 ], [ 696161.497398089966737, 2428625.997398090083152 ], [ 696161.357352786581032, 2428626.151914271060377 ], [ 696161.233127073850483, 2428626.319413254968822 ], [ 696161.125917313271202, 2428626.498281934298575 ], [ 696161.036755993380211, 2428626.686797706410289 ], [ 696160.966501786606386, 2428626.883145060855895 ], [ 696160.915831279125996, 2428627.085433065891266 ], [ 696160.885232455795631, 2428627.291713576763868 ], [ 696160.875, 2428627.5 ], [ 696160.885232455795631, 2428627.708286423236132 ], [ 696160.915831279125996, 2428627.914566934108734 ], [ 696160.966501786606386, 2428628.116854939144105 ], [ 696161.036755993380211, 2428628.313202293589711 ], [ 696161.125917313271202, 2428628.501718065701425 ], [ 696161.233127073850483, 2428628.680586745031178 ], [ 696161.357352786581032, 2428628.848085728939623 ], [ 696161.497398089966737, 2428629.002601909916848 ], [ 696161.651914271176793, 2428629.142647213302553 ], [ 696161.819413254852407, 2428629.266872926149517 ], [ 696161.998281934298575, 2428629.374082686845213 ], [ 696162.186797706177458, 2428629.463244006503373 ], [ 696162.383145060855895, 2428629.533498213626444 ], [ 696162.585433065658435, 2428629.584168720990419 ], [ 696162.791713576763868, 2428629.614767543971539 ], [ 696163.0, 2428629.625 ], [ 696163.208286423236132, 2428629.614767543971539 ], [ 696163.414566934341565, 2428629.584168720990419 ], [ 696163.616854939144105, 2428629.533498213626444 ], [ 696163.813202293822542, 2428629.463244006503373 ], [ 696164.001718065701425, 2428629.374082686845213 ], [ 696164.180586745147593, 2428629.266872926149517 ], [ 696164.348085728823207, 2428629.142647213302553 ], [ 696164.502601910033263, 2428629.002601909916848 ], [ 696164.642647213418968, 2428628.848085728939623 ], [ 696164.766872926149517, 2428628.680586745031178 ], [ 696164.874082686728798, 2428628.501718065701425 ], [ 696164.963244006619789, 2428628.313202293589711 ], [ 696165.033498213393614, 2428628.116854939144105 ], [ 696165.084168720874004, 2428627.914566934108734 ], [ 696165.114767544204369, 2428627.708286423236132 ], [ 696165.125, 2428627.5 ] ] ] } },
{ "type": "Feature", "properties": { "xmin": 999.95026, "ymin": 723.95642, "xmax": 1015.5356, "ymax": 738.77795, "score": 0.26131243, "label": "Tree", "tile_idx": 14, "geo_xmin": 696269.12, "geo_ymin": 2428457.2, "geo_xmax": 696273.31, "geo_ymax": 2428461.2, "center_x": 696271.25, "center_y": 2428459.2, "width_m": 4.1875, "height_m": 4.0, "crown_diameter_m": 4.0926762, "lon": 88.900544563377693, "lat": 21.949543693709266, "crown_area_raw_m2": 13.155419, "crown_area_calibrated_m2": 15.786504, "agb_tree_kg": 21.321470619654164 }, "geometry": { "type": "Polygon", "coordinates": [ [ [ 696273.34375, 2428459.25 ], [ 696273.333668021485209, 2428459.053965719416738 ], [ 696273.303519180859439, 2428458.85981935588643 ], [ 696273.253593827947043, 2428458.66943064564839 ], [ 696273.184372771182097, 2428458.484633135143667 ], [ 696273.096522647188976, 2428458.307206526398659 ], [ 696272.990889500710182, 2428458.138859534170479 ], [ 696272.86849063669797, 2428457.981213431805372 ], [ 696272.730504823150113, 2428457.835786437615752 ], [ 696272.578260938753374, 2428457.703979093115777 ], [ 696272.413225175347179, 2428457.587060775607824 ], [ 696272.236986917676404, 2428457.486157471314073 ], [ 696272.051243436522782, 2428457.40224093478173 ], [ 696271.857783542945981, 2428457.3361193286255 ], [ 696271.658470361726359, 2428457.288429439067841 ], [ 696271.455223387572914, 2428457.259630546439439 ], [ 696271.25, 2428457.25 ], [ 696271.044776612427086, 2428457.259630546439439 ], [ 696270.841529638273641, 2428457.288429439067841 ], [ 696270.642216457054019, 2428457.3361193286255 ], [ 696270.448756563477218, 2428457.40224093478173 ], [ 696270.263013082323596, 2428457.486157471314073 ], [ 696270.086774824652821, 2428457.587060775607824 ], [ 696269.921739061246626, 2428457.703979093115777 ], [ 696269.769495176849887, 2428457.835786437615752 ], [ 696269.63150936330203, 2428457.981213431805372 ], [ 696269.509110499289818, 2428458.138859534170479 ], [ 696269.403477352811024, 2428458.307206526398659 ], [ 696269.315627228817903, 2428458.484633135143667 ], [ 696269.246406172052957, 2428458.66943064564839 ], [ 696269.196480819140561, 2428458.85981935588643 ], [ 696269.166331978514791, 2428459.053965719416738 ], [ 696269.15625, 2428459.25 ], [ 696269.166331978514791, 2428459.446034280583262 ], [ 696269.196480819140561, 2428459.64018064411357 ], [ 696269.246406172052957, 2428459.83056935435161 ], [ 696269.315627228817903, 2428460.015366864856333 ], [ 696269.403477352811024, 2428460.192793473601341 ], [ 696269.509110499289818, 2428460.361140465829521 ], [ 696269.63150936330203, 2428460.518786568194628 ], [ 696269.769495176849887, 2428460.664213562384248 ], [ 696269.921739061246626, 2428460.796020906884223 ], [ 696270.086774824652821, 2428460.912939224392176 ], [ 696270.263013082323596, 2428461.013842528685927 ], [ 696270.448756563477218, 2428461.09775906521827 ], [ 696270.642216457054019, 2428461.1638806713745 ], [ 696270.841529638273641, 2428461.211570560932159 ], [ 696271.044776612427086, 2428461.240369453560561 ], [ 696271.25, 2428461.25 ], [ 696271.455223387572914, 2428461.240369453560561 ], [ 696271.658470361726359, 2428461.211570560932159 ], [ 696271.857783542945981, 2428461.1638806713745 ], [ 696272.051243436522782, 2428461.09775906521827 ], [ 696272.236986917676404, 2428461.013842528685927 ], [ 696272.413225175347179, 2428460.912939224392176 ], [ 696272.578260938753374, 2428460.796020906884223 ], [ 696272.730504823150113, 2428460.664213562384248 ], [ 696272.86849063669797, 2428460.518786568194628 ], [ 696272.990889500710182, 2428460.361140465829521 ], [ 696273.096522647188976, 2428460.192793473601341 ], [ 696273.184372771182097, 2428460.015366864856333 ], [ 696273.253593827947043, 2428459.83056935435161 ], [ 696273.303519180859439, 2428459.64018064411357 ], [ 696273.333668021485209, 2428459.446034280583262 ], [ 696273.34375, 2428459.25 ] ] ] } },
{ "type": "Feature", "properties": { "xmin": 225.82349, "ymin": 238.39787, "xmax": 245.10562, "ymax": 258.15027, "score": 0.26064947, "label": "Tree", "tile_idx": 0, "geo_xmin": 696060.12, "geo_ymin": 2428587.0, "geo_xmax": 696065.31, "geo_ymax": 2428592.5, "center_x": 696062.75, "center_y": 2428589.8, "width_m": 5.1875, "height_m": 5.5, "crown_diameter_m": 5.341465, "lon": 88.898542102234458, "lat": 21.950745400965161, "crown_area_raw_m2": 22.408392, "crown_area_calibrated_m2": 26.890072, "agb_tree_kg": 40.443336754586021 }, "geometry": { "type": "Polygon", "coordinates": [ [ [ 696065.34375, 2428589.75 ], [ 696065.331260384758934, 2428589.480452863965183 ], [ 696065.293911821092479, 2428589.213501614518464 ], [ 696065.232063995790668, 2428588.951717137359083 ], [ 696065.146312537486665, 2428588.69762056088075 ], [ 696065.037483279360458, 2428588.453658973798156 ], [ 696064.906624306924641, 2428588.2221818594262 ], [ 696064.754995863419026, 2428588.005418468732387 ], [ 696064.584058213746175, 2428587.80545635195449 ], [ 696064.395457580802031, 2428587.624221253208816 ], [ 696064.191010291920975, 2428587.463458565995097 ], [ 696063.972685286193155, 2428587.324716522824019 ], [ 696063.742585152736865, 2428587.209331285674125 ], [ 696063.502925881650299, 2428587.118414076510817 ], [ 696063.256015522754751, 2428587.052840478718281 ], [ 696063.00423195771873, 2428587.013242001645267 ], [ 696062.75, 2428587.0 ], [ 696062.49576804228127, 2428587.013242001645267 ], [ 696062.243984477245249, 2428587.052840478718281 ], [ 696061.997074118349701, 2428587.118414076510817 ], [ 696061.757414847263135, 2428587.209331285674125 ], [ 696061.527314713806845, 2428587.324716522824019 ], [ 696061.308989708079025, 2428587.463458565995097 ], [ 696061.104542419197969, 2428587.624221253208816 ], [ 696060.915941786253825, 2428587.80545635195449 ], [ 696060.745004136580974, 2428588.005418468732387 ], [ 696060.593375693075359, 2428588.2221818594262 ], [ 696060.462516720639542, 2428588.453658973798156 ], [ 696060.353687462513335, 2428588.69762056088075 ], [ 696060.267936004209332, 2428588.951717137359083 ], [ 696060.206088178907521, 2428589.213501614518464 ], [ 696060.168739615241066, 2428589.480452863965183 ], [ 696060.15625, 2428589.75 ], [ 696060.168739615241066, 2428590.019547136034817 ], [ 696060.206088178907521, 2428590.286498385481536 ], [ 696060.267936004209332, 2428590.548282862640917 ], [ 696060.353687462513335, 2428590.80237943911925 ], [ 696060.462516720639542, 2428591.046341026201844 ], [ 696060.593375693075359, 2428591.2778181405738 ], [ 696060.745004136580974, 2428591.494581531267613 ], [ 696060.915941786253825, 2428591.69454364804551 ], [ 696061.104542419197969, 2428591.875778746791184 ], [ 696061.308989708079025, 2428592.036541434004903 ], [ 696061.527314713806845, 2428592.175283477175981 ], [ 696061.757414847263135, 2428592.290668714325875 ], [ 696061.997074118349701, 2428592.381585923489183 ], [ 696062.243984477245249, 2428592.447159521281719 ], [ 696062.49576804228127, 2428592.486757998354733 ], [ 696062.75, 2428592.5 ], [ 696063.00423195771873, 2428592.486757998354733 ], [ 696063.256015522754751, 2428592.447159521281719 ], [ 696063.502925881650299, 2428592.381585923489183 ], [ 696063.742585152736865, 2428592.290668714325875 ], [ 696063.972685286193155, 2428592.175283477175981 ], [ 696064.191010291920975, 2428592.036541434004903 ], [ 696064.395457580802031, 2428591.875778746791184 ], [ 696064.584058213746175, 2428591.69454364804551 ], [ 696064.754995863419026, 2428591.494581531267613 ], [ 696064.906624306924641, 2428591.2778181405738 ], [ 696065.037483279360458, 2428591.046341026201844 ], [ 696065.146312537486665, 2428590.80237943911925 ], [ 696065.232063995790668, 2428590.548282862640917 ], [ 696065.293911821092479, 2428590.286498385481536 ], [ 696065.331260384758934, 2428590.019547136034817 ], [ 696065.34375, 2428589.75 ] ] ] } },
{ "type": "Feature", "properties": { "xmin": 479.47089, "ymin": 975.21912, "xmax": 495.87778, "ymax": 991.6897, "score": 0.25972214, "label": "Tree", "tile_idx": 13, "geo_xmin": 696128.56, "geo_ymin": 2428389.0, "geo_xmax": 696133.0, "geo_ymax": 2428393.5, "center_x": 696130.75, "center_y": 2428391.2, "width_m": 4.4375, "height_m": 4.5, "crown_diameter_m": 4.4686408, "lon": 88.899176478808883, "lat": 21.948945408712124, "crown_area_raw_m2": 15.68342, "crown_area_calibrated_m2": 18.820105, "agb_tree_kg": 26.337417254456017 }, "geometry": { "type": "Polygon", "coordinates": [ [ [ 696132.96875, 2428391.25 ], [ 696132.958066112361848, 2428391.029461434110999 ], [ 696132.926117340917699, 2428390.811046775430441 ], [ 696132.873211369849741, 2428390.596859476063401 ], [ 696132.799857712816447, 2428390.388962277211249 ], [ 696132.706762805231847, 2428390.189357342198491 ], [ 696132.594823202351108, 2428389.999966975767165 ], [ 696132.46511694334913, 2428389.822615110781044 ], [ 696132.318893170799129, 2428389.659009742550552 ], [ 696132.157560099265538, 2428389.510726479813457 ], [ 696131.982671454548836, 2428389.379193372093141 ], [ 696131.795911509776488, 2428389.265677154995501 ], [ 696131.599078865605406, 2428389.171271051745862 ], [ 696131.39406912762206, 2428389.096884244587272 ], [ 696131.182856651954353, 2428389.043233118951321 ], [ 696130.967475530109368, 2428389.010834365151823 ], [ 696130.75, 2428389.0 ], [ 696130.532524469890632, 2428389.010834365151823 ], [ 696130.317143348045647, 2428389.043233118951321 ], [ 696130.10593087237794, 2428389.096884244587272 ], [ 696129.900921134394594, 2428389.171271051745862 ], [ 696129.704088490223512, 2428389.265677154995501 ], [ 696129.517328545451164, 2428389.379193372093141 ], [ 696129.342439900734462, 2428389.510726479813457 ], [ 696129.181106829200871, 2428389.659009742550552 ], [ 696129.03488305665087, 2428389.822615110781044 ], [ 696128.905176797648892, 2428389.999966975767165 ], [ 696128.793237194768153, 2428390.189357342198491 ], [ 696128.700142287183553, 2428390.388962277211249 ], [ 696128.626788630150259, 2428390.596859476063401 ], [ 696128.573882659082301, 2428390.811046775430441 ], [ 696128.541933887638152, 2428391.029461434110999 ], [ 696128.53125, 2428391.25 ], [ 696128.541933887638152, 2428391.470538565889001 ], [ 696128.573882659082301, 2428391.688953224569559 ], [ 696128.626788630150259, 2428391.903140523936599 ], [ 696128.700142287183553, 2428392.111037722788751 ], [ 696128.793237194768153, 2428392.310642657801509 ], [ 696128.905176797648892, 2428392.500033024232835 ], [ 696129.03488305665087, 2428392.677384889218956 ], [ 696129.181106829200871, 2428392.840990257449448 ], [ 696129.342439900734462, 2428392.989273520186543 ], [ 696129.517328545451164, 2428393.120806627906859 ], [ 696129.704088490223512, 2428393.234322845004499 ], [ 696129.900921134394594, 2428393.328728948254138 ], [ 696130.10593087237794, 2428393.403115755412728 ], [ 696130.317143348045647, 2428393.456766881048679 ], [ 696130.532524469890632, 2428393.489165634848177 ], [ 696130.75, 2428393.5 ], [ 696130.967475530109368, 2428393.489165634848177 ], [ 696131.182856651954353, 2428393.456766881048679 ], [ 696131.39406912762206, 2428393.403115755412728 ], [ 696131.599078865605406, 2428393.328728948254138 ], [ 696131.795911509776488, 2428393.234322845004499 ], [ 696131.982671454548836, 2428393.120806627906859 ], [ 696132.157560099265538, 2428392.989273520186543 ], [ 696132.318893170799129, 2428392.840990257449448 ], [ 696132.46511694334913, 2428392.677384889218956 ], [ 696132.594823202351108, 2428392.500033024232835 ], [ 696132.706762805231847, 2428392.310642657801509 ], [ 696132.799857712816447, 2428392.111037722788751 ], [ 696132.873211369849741, 2428391.903140523936599 ], [ 696132.926117340917699, 2428391.688953224569559 ], [ 696132.958066112361848, 2428391.470538565889001 ], [ 696132.96875, 2428391.25 ] ] ] } },
{ "type": "Feature", "properties": { "xmin": 1031.9329, "ymin": 17.229385, "xmax": 1040.0, "ymax": 40.019821, "score": 0.25948682, "label": "Tree", "tile_idx": 2, "geo_xmin": 696277.75, "geo_ymin": 2428646.0, "geo_xmax": 696279.94, "geo_ymax": 2428652.0, "center_x": 696278.88, "center_y": 2428649.0, "width_m": 2.1875, "height_m": 6.0, "crown_diameter_m": 3.6228442, "lon": 88.900641149817261, "lat": 21.951256211458478, "crown_area_raw_m2": 10.308352, "crown_area_calibrated_m2": 12.370023, "agb_tree_kg": 15.904015578744263 }, "geometry": { "type": "Polygon", "coordinates": [ [ [ 696279.96875, 2428649.0 ], [ 696279.963483294821344, 2428648.705948579125106 ], [ 696279.947733900393359, 2428648.414729034062475 ], [ 696279.921653492259793, 2428648.129145968239754 ], [ 696279.885493238689378, 2428647.851949702948332 ], [ 696279.839601382846013, 2428647.585809789597988 ], [ 696279.784419888514094, 2428647.333289301022887 ], [ 696279.720480183372274, 2428647.096820147708058 ], [ 696279.648398041957989, 2428646.878679656423628 ], [ 696279.568867654539645, 2428646.680968639906496 ], [ 696279.482654942316003, 2428646.505591162946075 ], [ 696279.390590180875733, 2428646.354236206971109 ], [ 696279.293560004094616, 2428646.228361402638257 ], [ 696279.192498865770176, 2428646.12917899293825 ], [ 696279.088380039669573, 2428646.057644158601761 ], [ 696278.982206247281283, 2428646.014445819891989 ], [ 696278.875, 2428646.0 ], [ 696278.767793752718717, 2428646.014445819891989 ], [ 696278.661619960330427, 2428646.057644158601761 ], [ 696278.557501134229824, 2428646.12917899293825 ], [ 696278.456439995905384, 2428646.228361402638257 ], [ 696278.359409819124267, 2428646.354236206971109 ], [ 696278.267345057683997, 2428646.505591162946075 ], [ 696278.181132345460355, 2428646.680968639906496 ], [ 696278.101601958042011, 2428646.878679656423628 ], [ 696278.029519816627726, 2428647.096820147708058 ], [ 696277.965580111485906, 2428647.333289301022887 ], [ 696277.910398617153987, 2428647.585809789597988 ], [ 696277.864506761310622, 2428647.851949702948332 ], [ 696277.828346507740207, 2428648.129145968239754 ], [ 696277.802266099606641, 2428648.414729034062475 ], [ 696277.786516705178656, 2428648.705948579125106 ], [ 696277.78125, 2428649.0 ], [ 696277.786516705178656, 2428649.294051420874894 ], [ 696277.802266099606641, 2428649.585270965937525 ], [ 696277.828346507740207, 2428649.870854031760246 ], [ 696277.864506761310622, 2428650.148050297051668 ], [ 696277.910398617153987, 2428650.414190210402012 ], [ 696277.965580111485906, 2428650.666710698977113 ], [ 696278.029519816627726, 2428650.903179852291942 ], [ 696278.101601958042011, 2428651.121320343576372 ], [ 696278.181132345460355, 2428651.319031360093504 ], [ 696278.267345057683997, 2428651.494408837053925 ], [ 696278.359409819124267, 2428651.645763793028891 ], [ 696278.456439995905384, 2428651.771638597361743 ], [ 696278.557501134229824, 2428651.87082100706175 ], [ 696278.661619960330427, 2428651.942355841398239 ], [ 696278.767793752718717, 2428651.985554180108011 ], [ 696278.875, 2428652.0 ], [ 696278.982206247281283, 2428651.985554180108011 ], [ 696279.088380039669573, 2428651.942355841398239 ], [ 696279.192498865770176, 2428651.87082100706175 ], [ 696279.293560004094616, 2428651.771638597361743 ], [ 696279.390590180875733, 2428651.645763793028891 ], [ 696279.482654942316003, 2428651.494408837053925 ], [ 696279.568867654539645, 2428651.319031360093504 ], [ 696279.648398041957989, 2428651.121320343576372 ], [ 696279.720480183372274, 2428650.903179852291942 ], [ 696279.784419888514094, 2428650.666710698977113 ], [ 696279.839601382846013, 2428650.414190210402012 ], [ 696279.885493238689378, 2428650.148050297051668 ], [ 696279.921653492259793, 2428649.870854031760246 ], [ 696279.947733900393359, 2428649.585270965937525 ], [ 696279.963483294821344, 2428649.294051420874894 ], [ 696279.96875, 2428649.0 ] ] ] } },
{ "type": "Feature", "properties": { "xmin": 695.78894, "ymin": 408.60162, "xmax": 710.97089, "ymax": 423.89764, "score": 0.25832972, "label": "Tree", "tile_idx": 6, "geo_xmin": 696187.0, "geo_ymin": 2428542.2, "geo_xmax": 696191.06, "geo_ymax": 2428546.5, "center_x": 696189.0, "center_y": 2428544.5, "width_m": 4.0625, "height_m": 4.25, "crown_diameter_m": 4.1551924, "lon": 88.899758680546029, "lat": 21.950322679864325, "crown_area_raw_m2": 13.56039, "crown_area_calibrated_m2": 16.272469, "agb_tree_kg": 22.112838766682799 }, "geometry": { "type": "Polygon", "coordinates": [ [ [ 696191.03125, 2428544.5 ], [ 696191.02146897604689, 2428544.291713576763868 ], [ 696190.992220100830309, 2428544.085433065891266 ], [ 696190.943785056937486, 2428543.883145060855895 ], [ 696190.87663030042313, 2428543.686797706410289 ], [ 696190.791402568225749, 2428543.498281934298575 ], [ 696190.688922649947926, 2428543.319413254968822 ], [ 696190.57017748337239, 2428543.151914271060377 ], [ 696190.436310649267398, 2428542.997398090083152 ], [ 696190.288611358497292, 2428542.857352786697447 ], [ 696190.128502035862766, 2428542.733127073850483 ], [ 696189.957524621626362, 2428542.625917313154787 ], [ 696189.777325722039677, 2428542.536755993496627 ], [ 696189.589640750666149, 2428542.466501786373556 ], [ 696189.396277216612361, 2428542.415831279009581 ], [ 696189.19909731624648, 2428542.385232456028461 ], [ 696189.0, 2428542.375 ], [ 696188.80090268375352, 2428542.385232456028461 ], [ 696188.603722783387639, 2428542.415831279009581 ], [ 696188.410359249333851, 2428542.466501786373556 ], [ 696188.222674277960323, 2428542.536755993496627 ], [ 696188.042475378373638, 2428542.625917313154787 ], [ 696187.871497964137234, 2428542.733127073850483 ], [ 696187.711388641502708, 2428542.857352786697447 ], [ 696187.563689350732602, 2428542.997398090083152 ], [ 696187.42982251662761, 2428543.151914271060377 ], [ 696187.311077350052074, 2428543.319413254968822 ], [ 696187.208597431774251, 2428543.498281934298575 ], [ 696187.12336969957687, 2428543.686797706410289 ], [ 696187.056214943062514, 2428543.883145060855895 ], [ 696187.007779899169691, 2428544.085433065891266 ], [ 696186.97853102395311, 2428544.291713576763868 ], [ 696186.96875, 2428544.5 ], [ 696186.97853102395311, 2428544.708286423236132 ], [ 696187.007779899169691, 2428544.914566934108734 ], [ 696187.056214943062514, 2428545.116854939144105 ], [ 696187.12336969957687, 2428545.313202293589711 ], [ 696187.208597431774251, 2428545.501718065701425 ], [ 696187.311077350052074, 2428545.680586745031178 ], [ 696187.42982251662761, 2428545.848085728939623 ], [ 696187.563689350732602, 2428546.002601909916848 ], [ 696187.711388641502708, 2428546.142647213302553 ], [ 696187.871497964137234, 2428546.266872926149517 ], [ 696188.042475378373638, 2428546.374082686845213 ], [ 696188.222674277960323, 2428546.463244006503373 ], [ 696188.410359249333851, 2428546.533498213626444 ], [ 696188.603722783387639, 2428546.584168720990419 ], [ 696188.80090268375352, 2428546.614767543971539 ], [ 696189.0, 2428546.625 ], [ 696189.19909731624648, 2428546.614767543971539 ], [ 696189.396277216612361, 2428546.584168720990419 ], [ 696189.589640750666149, 2428546.533498213626444 ], [ 696189.777325722039677, 2428546.463244006503373 ], [ 696189.957524621626362, 2428546.374082686845213 ], [ 696190.128502035862766, 2428546.266872926149517 ], [ 696190.288611358497292, 2428546.142647213302553 ], [ 696190.436310649267398, 2428546.002601909916848 ], [ 696190.57017748337239, 2428545.848085728939623 ], [ 696190.688922649947926, 2428545.680586745031178 ], [ 696190.791402568225749, 2428545.501718065701425 ], [ 696190.87663030042313, 2428545.313202293589711 ], [ 696190.943785056937486, 2428545.116854939144105 ], [ 696190.992220100830309, 2428544.914566934108734 ], [ 696191.02146897604689, 2428544.708286423236132 ], [ 696191.03125, 2428544.5 ] ] ] } },
{ "type": "Feature", "properties": { "xmin": 513.75977, "ymin": 314.27264, "xmax": 533.00513, "ymax": 335.11316, "score": 0.25812149, "label": "Tree", "tile_idx": 1, "geo_xmin": 696137.81, "geo_ymin": 2428566.2, "geo_xmax": 696143.06, "geo_ymax": 2428572.0, "center_x": 696140.44, "center_y": 2428569.0, "width_m": 5.25, "height_m": 5.75, "crown_diameter_m": 5.4943151, "lon": 88.899291571619173, "lat": 21.950549342122486, "crown_area_raw_m2": 23.709209, "crown_area_calibrated_m2": 28.451052, "agb_tree_kg": 43.281631547008814 }, "geometry": { "type": "Polygon", "coordinates": [ [ [ 696143.0625, 2428569.0 ], [ 696143.049859907478094, 2428568.718200721777976 ], [ 696143.012061361107044, 2428568.439115324057639 ], [ 696142.949468381353654, 2428568.165431553032249 ], [ 696142.862683772807941, 2428567.899785132147372 ], [ 696142.75254331890028, 2428567.644734381698072 ], [ 696142.620107732247561, 2428567.402735580224544 ], [ 696142.466652440023609, 2428567.176119307987392 ], [ 696142.293655300629325, 2428566.967068003956228 ], [ 696142.102782370871864, 2428566.777594946790487 ], [ 696141.895871861721389, 2428566.609524864703417 ], [ 696141.674916434218176, 2428566.464476365130395 ], [ 696141.44204400992021, 2428566.34384634392336 ], [ 696141.199497277848423, 2428566.248796534724534 ], [ 696140.949612095253542, 2428566.180242318660021 ], [ 696140.694794993381947, 2428566.138843910768628 ], [ 696140.4375, 2428566.125 ], [ 696140.180205006618053, 2428566.138843910768628 ], [ 696139.925387904746458, 2428566.180242318660021 ], [ 696139.675502722151577, 2428566.248796534724534 ], [ 696139.43295599007979, 2428566.34384634392336 ], [ 696139.200083565781824, 2428566.464476365130395 ], [ 696138.979128138278611, 2428566.609524864703417 ], [ 696138.772217629128136, 2428566.777594946790487 ], [ 696138.581344699370675, 2428566.967068003956228 ], [ 696138.408347559976391, 2428567.176119307987392 ], [ 696138.254892267752439, 2428567.402735580224544 ], [ 696138.12245668109972, 2428567.644734381698072 ], [ 696138.012316227192059, 2428567.899785132147372 ], [ 696137.925531618646346, 2428568.165431553032249 ], [ 696137.862938638892956, 2428568.439115324057639 ], [ 696137.825140092521906, 2428568.718200721777976 ], [ 696137.8125, 2428569.0 ], [ 696137.825140092521906, 2428569.281799278222024 ], [ 696137.862938638892956, 2428569.560884675942361 ], [ 696137.925531618646346, 2428569.834568446967751 ], [ 696138.012316227192059, 2428570.100214867852628 ], [ 696138.12245668109972, 2428570.355265618301928 ], [ 696138.254892267752439, 2428570.597264419775456 ], [ 696138.408347559976391, 2428570.823880692012608 ], [ 696138.581344699370675, 2428571.032931996043772 ], [ 696138.772217629128136, 2428571.222405053209513 ], [ 696138.979128138278611, 2428571.390475135296583 ], [ 696139.200083565781824, 2428571.535523634869605 ], [ 696139.43295599007979, 2428571.65615365607664 ], [ 696139.675502722151577, 2428571.751203465275466 ], [ 696139.925387904746458, 2428571.819757681339979 ], [ 696140.180205006618053, 2428571.861156089231372 ], [ 696140.4375, 2428571.875 ], [ 696140.694794993381947, 2428571.861156089231372 ], [ 696140.949612095253542, 2428571.819757681339979 ], [ 696141.199497277848423, 2428571.751203465275466 ], [ 696141.44204400992021, 2428571.65615365607664 ], [ 696141.674916434218176, 2428571.535523634869605 ], [ 696141.895871861721389, 2428571.390475135296583 ], [ 696142.102782370871864, 2428571.222405053209513 ], [ 696142.293655300629325, 2428571.032931996043772 ], [ 696142.466652440023609, 2428570.823880692012608 ], [ 696142.620107732247561, 2428570.597264419775456 ], [ 696142.75254331890028, 2428570.355265618301928 ], [ 696142.862683772807941, 2428570.100214867852628 ], [ 696142.949468381353654, 2428569.834568446967751 ], [ 696143.012061361107044, 2428569.560884675942361 ], [ 696143.049859907478094, 2428569.281799278222024 ], [ 696143.0625, 2428569.0 ] ] ] } },
{ "type": "Feature", "properties": { "xmin": 907.11938, "ymin": 44.338737, "xmax": 928.07269, "ymax": 65.606209, "score": 0.25670299, "label": "Tree", "tile_idx": 3, "geo_xmin": 696244.06, "geo_ymin": 2428639.0, "geo_xmax": 696249.69, "geo_ymax": 2428644.8, "center_x": 696246.88, "center_y": 2428642.0, "width_m": 5.625, "height_m": 5.75, "crown_diameter_m": 5.6871567, "lon": 88.900330571660291, "lat": 21.951196588191117, "crown_area_raw_m2": 25.402723, "crown_area_calibrated_m2": 30.483269, "agb_tree_kg": 47.023987549506771 }, "geometry": { "type": "Polygon", "coordinates": [ [ [ 696249.6875, 2428642.0 ], [ 696249.673957043793052, 2428641.718200721777976 ], [ 696249.633458601078019, 2428641.439115324057639 ], [ 696249.566394694265909, 2428641.165431553032249 ], [ 696249.473411185201257, 2428640.899785132147372 ], [ 696249.355403556022793, 2428640.644734381698072 ], [ 696249.213508284650743, 2428640.402735580224544 ], [ 696249.049091900116764, 2428640.176119307987392 ], [ 696248.863737822044641, 2428639.967068003956228 ], [ 696248.659231111756526, 2428639.777594946790487 ], [ 696248.437541280407459, 2428639.609524864703417 ], [ 696248.200803322368301, 2428639.464476365130395 ], [ 696247.951297153485939, 2428639.34384634392336 ], [ 696247.691425654804334, 2428639.248796534724534 ], [ 696247.423691530711949, 2428639.180242318660021 ], [ 696247.15067320712842, 2428639.138843910768628 ], [ 696246.875, 2428639.125 ], [ 696246.59932679287158, 2428639.138843910768628 ], [ 696246.326308469288051, 2428639.180242318660021 ], [ 696246.058574345195666, 2428639.248796534724534 ], [ 696245.798702846514061, 2428639.34384634392336 ], [ 696245.549196677631699, 2428639.464476365130395 ], [ 696245.312458719592541, 2428639.609524864703417 ], [ 696245.090768888243474, 2428639.777594946790487 ], [ 696244.886262177955359, 2428639.967068003956228 ], [ 696244.700908099883236, 2428640.176119307987392 ], [ 696244.536491715349257, 2428640.402735580224544 ], [ 696244.394596443977207, 2428640.644734381698072 ], [ 696244.276588814798743, 2428640.899785132147372 ], [ 696244.183605305734091, 2428641.165431553032249 ], [ 696244.116541398921981, 2428641.439115324057639 ], [ 696244.076042956206948, 2428641.718200721777976 ], [ 696244.0625, 2428642.0 ], [ 696244.076042956206948, 2428642.281799278222024 ], [ 696244.116541398921981, 2428642.560884675942361 ], [ 696244.183605305734091, 2428642.834568446967751 ], [ 696244.276588814798743, 2428643.100214867852628 ], [ 696244.394596443977207, 2428643.355265618301928 ], [ 696244.536491715349257, 2428643.597264419775456 ], [ 696244.700908099883236, 2428643.823880692012608 ], [ 696244.886262177955359, 2428644.032931996043772 ], [ 696245.090768888243474, 2428644.222405053209513 ], [ 696245.312458719592541, 2428644.390475135296583 ], [ 696245.549196677631699, 2428644.535523634869605 ], [ 696245.798702846514061, 2428644.65615365607664 ], [ 696246.058574345195666, 2428644.751203465275466 ], [ 696246.326308469288051, 2428644.819757681339979 ], [ 696246.59932679287158, 2428644.861156089231372 ], [ 696246.875, 2428644.875 ], [ 696247.15067320712842, 2428644.861156089231372 ], [ 696247.423691530711949, 2428644.819757681339979 ], [ 696247.691425654804334, 2428644.751203465275466 ], [ 696247.951297153485939, 2428644.65615365607664 ], [ 696248.200803322368301, 2428644.535523634869605 ], [ 696248.437541280407459, 2428644.390475135296583 ], [ 696248.659231111756526, 2428644.222405053209513 ], [ 696248.863737822044641, 2428644.032931996043772 ], [ 696249.049091900116764, 2428643.823880692012608 ], [ 696249.213508284650743, 2428643.597264419775456 ], [ 696249.355403556022793, 2428643.355265618301928 ], [ 696249.473411185201257, 2428643.100214867852628 ], [ 696249.566394694265909, 2428642.834568446967751 ], [ 696249.633458601078019, 2428642.560884675942361 ], [ 696249.673957043793052, 2428642.281799278222024 ], [ 696249.6875, 2428642.0 ] ] ] } },
{ "type": "Feature", "properties": { "xmin": 419.06384, "ymin": 765.42877, "xmax": 438.39432, "ymax": 785.07709, "score": 0.25631711, "label": "Tree", "tile_idx": 9, "geo_xmin": 696112.25, "geo_ymin": 2428444.8, "geo_xmax": 696117.5, "geo_ymax": 2428450.0, "center_x": 696114.88, "center_y": 2428447.5, "width_m": 5.25, "height_m": 5.25, "crown_diameter_m": 5.25, "lon": 88.899029569826766, "lat": 21.949455102378465, "crown_area_raw_m2": 21.647537, "crown_area_calibrated_m2": 25.977045, "agb_tree_kg": 38.798449952558542 }, "geometry": { "type": "Polygon", "coordinates": [ [ [ 696117.5, 2428447.5 ], [ 696117.487359907478094, 2428447.242705006618053 ], [ 696117.449561361107044, 2428446.987887904513627 ], [ 696117.386968381353654, 2428446.738002722151577 ], [ 696117.300183772807941, 2428446.49545599007979 ], [ 696117.19004331890028, 2428446.26258356589824 ], [ 696117.057607732247561, 2428446.041628138162196 ], [ 696116.904152440023609, 2428445.83471762901172 ], [ 696116.731155300629325, 2428445.64384469948709 ], [ 696116.540282370871864, 2428445.470847560092807 ], [ 696116.333371861721389, 2428445.317392267752439 ], [ 696116.112416434218176, 2428445.184956680983305 ], [ 696115.87954400992021, 2428445.074816226959229 ], [ 696115.636997277848423, 2428444.988031618762761 ], [ 696115.387112095253542, 2428444.925438638776541 ], [ 696115.132294993381947, 2428444.887640092521906 ], [ 696114.875, 2428444.875 ], [ 696114.617705006618053, 2428444.887640092521906 ], [ 696114.362887904746458, 2428444.925438638776541 ], [ 696114.113002722151577, 2428444.988031618762761 ], [ 696113.87045599007979, 2428445.074816226959229 ], [ 696113.637583565781824, 2428445.184956680983305 ], [ 696113.416628138278611, 2428445.317392267752439 ], [ 696113.209717629128136, 2428445.470847560092807 ], [ 696113.018844699370675, 2428445.64384469948709 ], [ 696112.845847559976391, 2428445.83471762901172 ], [ 696112.692392267752439, 2428446.041628138162196 ], [ 696112.55995668109972, 2428446.26258356589824 ], [ 696112.449816227192059, 2428446.49545599007979 ], [ 696112.363031618646346, 2428446.738002722151577 ], [ 696112.300438638892956, 2428446.987887904513627 ], [ 696112.262640092521906, 2428447.242705006618053 ], [ 696112.25, 2428447.5 ], [ 696112.262640092521906, 2428447.757294993381947 ], [ 696112.300438638892956, 2428448.012112095486373 ], [ 696112.363031618646346, 2428448.261997277848423 ], [ 696112.449816227192059, 2428448.50454400992021 ], [ 696112.55995668109972, 2428448.73741643410176 ], [ 696112.692392267752439, 2428448.958371861837804 ], [ 696112.845847559976391, 2428449.16528237098828 ], [ 696113.018844699370675, 2428449.35615530051291 ], [ 696113.209717629128136, 2428449.529152439907193 ], [ 696113.416628138278611, 2428449.682607732247561 ], [ 696113.637583565781824, 2428449.815043319016695 ], [ 696113.87045599007979, 2428449.925183773040771 ], [ 696114.113002722151577, 2428450.011968381237239 ], [ 696114.362887904746458, 2428450.074561361223459 ], [ 696114.617705006618053, 2428450.112359907478094 ], [ 696114.875, 2428450.125 ], [ 696115.132294993381947, 2428450.112359907478094 ], [ 696115.387112095253542, 2428450.074561361223459 ], [ 696115.636997277848423, 2428450.011968381237239 ], [ 696115.87954400992021, 2428449.925183773040771 ], [ 696116.112416434218176, 2428449.815043319016695 ], [ 696116.333371861721389, 2428449.682607732247561 ], [ 696116.540282370871864, 2428449.529152439907193 ], [ 696116.731155300629325, 2428449.35615530051291 ], [ 696116.904152440023609, 2428449.16528237098828 ], [ 696117.057607732247561, 2428448.958371861837804 ], [ 696117.19004331890028, 2428448.73741643410176 ], [ 696117.300183772807941, 2428448.50454400992021 ], [ 696117.386968381353654, 2428448.261997277848423 ], [ 696117.449561361107044, 2428448.012112095486373 ], [ 696117.487359907478094, 2428447.757294993381947 ], [ 696117.5, 2428447.5 ] ] ] } },
{ "type": "Feature", "properties": { "xmin": 321.42148, "ymin": 40.806961, "xmax": 341.41019, "ymax": 60.366669, "score": 0.25465402, "label": "Tree", "tile_idx": 0, "geo_xmin": 696085.94, "geo_ymin": 2428640.5, "geo_xmax": 696091.31, "geo_ymax": 2428645.8, "center_x": 696088.62, "center_y": 2428643.0, "width_m": 5.375, "height_m": 5.25, "crown_diameter_m": 5.3121324, "lon": 88.898798941201093, "lat": 21.951223333825801, "crown_area_raw_m2": 22.162954, "crown_area_calibrated_m2": 26.595547, "agb_tree_kg": 39.911478424586385 }, "geometry": { "type": "Polygon", "coordinates": [ [ [ 696091.3125, 2428643.0 ], [ 696091.299558952916414, 2428642.742705006618053 ], [ 696091.260860441136174, 2428642.487887904513627 ], [ 696091.196777152246796, 2428642.238002722151577 ], [ 696091.107926243566908, 2428641.99545599007979 ], [ 696090.995163397979923, 2428641.76258356589824 ], [ 696090.859574583009817, 2428641.541628138162196 ], [ 696090.702465593465604, 2428641.33471762901172 ], [ 696090.525349474395625, 2428641.14384469948709 ], [ 696090.329931951244362, 2428640.970847560092807 ], [ 696090.118095001205802, 2428640.817392267752439 ], [ 696089.891878730268218, 2428640.684956680983305 ], [ 696089.65346172451973, 2428640.574816226959229 ], [ 696089.405140070128255, 2428640.488031618762761 ], [ 696089.149305240367539, 2428640.425438638776541 ], [ 696088.888421064591967, 2428640.387640092521906 ], [ 696088.625, 2428640.375 ], [ 696088.361578935408033, 2428640.387640092521906 ], [ 696088.100694759632461, 2428640.425438638776541 ], [ 696087.844859929871745, 2428640.488031618762761 ], [ 696087.59653827548027, 2428640.574816226959229 ], [ 696087.358121269731782, 2428640.684956680983305 ], [ 696087.131904998794198, 2428640.817392267752439 ], [ 696086.920068048755638, 2428640.970847560092807 ], [ 696086.724650525604375, 2428641.14384469948709 ], [ 696086.547534406534396, 2428641.33471762901172 ], [ 696086.390425416990183, 2428641.541628138162196 ], [ 696086.254836602020077, 2428641.76258356589824 ], [ 696086.142073756433092, 2428641.99545599007979 ], [ 696086.053222847753204, 2428642.238002722151577 ], [ 696085.989139558863826, 2428642.487887904513627 ], [ 696085.950441047083586, 2428642.742705006618053 ], [ 696085.9375, 2428643.0 ], [ 696085.950441047083586, 2428643.257294993381947 ], [ 696085.989139558863826, 2428643.512112095486373 ], [ 696086.053222847753204, 2428643.761997277848423 ], [ 696086.142073756433092, 2428644.00454400992021 ], [ 696086.254836602020077, 2428644.23741643410176 ], [ 696086.390425416990183, 2428644.458371861837804 ], [ 696086.547534406534396, 2428644.66528237098828 ], [ 696086.724650525604375, 2428644.85615530051291 ], [ 696086.920068048755638, 2428645.029152439907193 ], [ 696087.131904998794198, 2428645.182607732247561 ], [ 696087.358121269731782, 2428645.315043319016695 ], [ 696087.59653827548027, 2428645.425183773040771 ], [ 696087.844859929871745, 2428645.511968381237239 ], [ 696088.100694759632461, 2428645.574561361223459 ], [ 696088.361578935408033, 2428645.612359907478094 ], [ 696088.625, 2428645.625 ], [ 696088.888421064591967, 2428645.612359907478094 ], [ 696089.149305240367539, 2428645.574561361223459 ], [ 696089.405140070128255, 2428645.511968381237239 ], [ 696089.65346172451973, 2428645.425183773040771 ], [ 696089.891878730268218, 2428645.315043319016695 ], [ 696090.118095001205802, 2428645.182607732247561 ], [ 696090.329931951244362, 2428645.029152439907193 ], [ 696090.525349474395625, 2428644.85615530051291 ], [ 696090.702465593465604, 2428644.66528237098828 ], [ 696090.859574583009817, 2428644.458371861837804 ], [ 696090.995163397979923, 2428644.23741643410176 ], [ 696091.107926243566908, 2428644.00454400992021 ], [ 696091.196777152246796, 2428643.761997277848423 ], [ 696091.260860441136174, 2428643.512112095486373 ], [ 696091.299558952916414, 2428643.257294993381947 ], [ 696091.3125, 2428643.0 ] ] ] } },
{ "type": "Feature", "properties": { "xmin": 356.0462, "ymin": 483.66034, "xmax": 371.55508, "ymax": 500.3483, "score": 0.25349125, "label": "Tree", "tile_idx": 5, "geo_xmin": 696095.25, "geo_ymin": 2428521.8, "geo_xmax": 696099.44, "geo_ymax": 2428526.2, "center_x": 696097.38, "center_y": 2428524.0, "width_m": 4.1875, "height_m": 4.5, "crown_diameter_m": 4.340939, "lon": 88.89886936024277, "lat": 21.950147827946111, "crown_area_raw_m2": 14.799847, "crown_area_calibrated_m2": 17.759817, "agb_tree_kg": 24.564198309430072 }, "geometry": { "type": "Polygon", "coordinates": [ [ [ 696099.46875, 2428524.0 ], [ 696099.458668021485209, 2428523.779461434110999 ], [ 696099.428519180859439, 2428523.561046775430441 ], [ 696099.378593827947043, 2428523.346859476063401 ], [ 696099.309372771182097, 2428523.138962277211249 ], [ 696099.221522647188976, 2428522.939357342198491 ], [ 696099.115889500710182, 2428522.749966975767165 ], [ 696098.99349063669797, 2428522.572615110781044 ], [ 696098.855504823150113, 2428522.409009742550552 ], [ 696098.703260938753374, 2428522.260726479813457 ], [ 696098.538225175347179, 2428522.129193372093141 ], [ 696098.361986917676404, 2428522.015677154995501 ], [ 696098.176243436522782, 2428521.921271051745862 ], [ 696097.982783542945981, 2428521.846884244587272 ], [ 696097.783470361726359, 2428521.793233118951321 ], [ 696097.580223387572914, 2428521.760834365151823 ], [ 696097.375, 2428521.75 ], [ 696097.169776612427086, 2428521.760834365151823 ], [ 696096.966529638273641, 2428521.793233118951321 ], [ 696096.767216457054019, 2428521.846884244587272 ], [ 696096.573756563477218, 2428521.921271051745862 ], [ 696096.388013082323596, 2428522.015677154995501 ], [ 696096.211774824652821, 2428522.129193372093141 ], [ 696096.046739061246626, 2428522.260726479813457 ], [ 696095.894495176849887, 2428522.409009742550552 ], [ 696095.75650936330203, 2428522.572615110781044 ], [ 696095.634110499289818, 2428522.749966975767165 ], [ 696095.528477352811024, 2428522.939357342198491 ], [ 696095.440627228817903, 2428523.138962277211249 ], [ 696095.371406172052957, 2428523.346859476063401 ], [ 696095.321480819140561, 2428523.561046775430441 ], [ 696095.291331978514791, 2428523.779461434110999 ], [ 696095.28125, 2428524.0 ], [ 696095.291331978514791, 2428524.220538565889001 ], [ 696095.321480819140561, 2428524.438953224569559 ], [ 696095.371406172052957, 2428524.653140523936599 ], [ 696095.440627228817903, 2428524.861037722788751 ], [ 696095.528477352811024, 2428525.060642657801509 ], [ 696095.634110499289818, 2428525.250033024232835 ], [ 696095.75650936330203, 2428525.427384889218956 ], [ 696095.894495176849887, 2428525.590990257449448 ], [ 696096.046739061246626, 2428525.739273520186543 ], [ 696096.211774824652821, 2428525.870806627906859 ], [ 696096.388013082323596, 2428525.984322845004499 ], [ 696096.573756563477218, 2428526.078728948254138 ], [ 696096.767216457054019, 2428526.153115755412728 ], [ 696096.966529638273641, 2428526.206766881048679 ], [ 696097.169776612427086, 2428526.239165634848177 ], [ 696097.375, 2428526.25 ], [ 696097.580223387572914, 2428526.239165634848177 ], [ 696097.783470361726359, 2428526.206766881048679 ], [ 696097.982783542945981, 2428526.153115755412728 ], [ 696098.176243436522782, 2428526.078728948254138 ], [ 696098.361986917676404, 2428525.984322845004499 ], [ 696098.538225175347179, 2428525.870806627906859 ], [ 696098.703260938753374, 2428525.739273520186543 ], [ 696098.855504823150113, 2428525.590990257449448 ], [ 696098.99349063669797, 2428525.427384889218956 ], [ 696099.115889500710182, 2428525.250033024232835 ], [ 696099.221522647188976, 2428525.060642657801509 ], [ 696099.309372771182097, 2428524.861037722788751 ], [ 696099.378593827947043, 2428524.653140523936599 ], [ 696099.428519180859439, 2428524.438953224569559 ], [ 696099.458668021485209, 2428524.220538565889001 ], [ 696099.46875, 2428524.0 ] ] ] } },
{ "type": "Feature", "properties": { "xmin": 715.58423, "ymin": 613.85632, "xmax": 734.62085, "ymax": 633.79517, "score": 0.2527827, "label": "Tree", "tile_idx": 6, "geo_xmin": 696192.31, "geo_ymin": 2428485.8, "geo_xmax": 696197.5, "geo_ymax": 2428491.0, "center_x": 696194.88, "center_y": 2428488.5, "width_m": 5.1875, "height_m": 5.25, "crown_diameter_m": 5.2186565, "lon": 88.899808825397159, "lat": 21.949816362725993, "crown_area_raw_m2": 21.389828, "crown_area_calibrated_m2": 25.667795, "agb_tree_kg": 38.243934106837898 }, "geometry": { "type": "Polygon", "coordinates": [ [ [ 696197.46875, 2428488.5 ], [ 696197.456260384758934, 2428488.242705006618053 ], [ 696197.418911821092479, 2428487.987887904513627 ], [ 696197.357063995790668, 2428487.738002722151577 ], [ 696197.271312537486665, 2428487.49545599007979 ], [ 696197.162483279360458, 2428487.26258356589824 ], [ 696197.031624306924641, 2428487.041628138162196 ], [ 696196.879995863419026, 2428486.83471762901172 ], [ 696196.709058213746175, 2428486.64384469948709 ], [ 696196.520457580802031, 2428486.470847560092807 ], [ 696196.316010291920975, 2428486.317392267752439 ], [ 696196.097685286193155, 2428486.184956680983305 ], [ 696195.867585152736865, 2428486.074816226959229 ], [ 696195.627925881650299, 2428485.988031618762761 ], [ 696195.381015522754751, 2428485.925438638776541 ], [ 696195.12923195771873, 2428485.887640092521906 ], [ 696194.875, 2428485.875 ], [ 696194.62076804228127, 2428485.887640092521906 ], [ 696194.368984477245249, 2428485.925438638776541 ], [ 696194.122074118349701, 2428485.988031618762761 ], [ 696193.882414847263135, 2428486.074816226959229 ], [ 696193.652314713806845, 2428486.184956680983305 ], [ 696193.433989708079025, 2428486.317392267752439 ], [ 696193.229542419197969, 2428486.470847560092807 ], [ 696193.040941786253825, 2428486.64384469948709 ], [ 696192.870004136580974, 2428486.83471762901172 ], [ 696192.718375693075359, 2428487.041628138162196 ], [ 696192.587516720639542, 2428487.26258356589824 ], [ 696192.478687462513335, 2428487.49545599007979 ], [ 696192.392936004209332, 2428487.738002722151577 ], [ 696192.331088178907521, 2428487.987887904513627 ], [ 696192.293739615241066, 2428488.242705006618053 ], [ 696192.28125, 2428488.5 ], [ 696192.293739615241066, 2428488.757294993381947 ], [ 696192.331088178907521, 2428489.012112095486373 ], [ 696192.392936004209332, 2428489.261997277848423 ], [ 696192.478687462513335, 2428489.50454400992021 ], [ 696192.587516720639542, 2428489.73741643410176 ], [ 696192.718375693075359, 2428489.958371861837804 ], [ 696192.870004136580974, 2428490.16528237098828 ], [ 696193.040941786253825, 2428490.35615530051291 ], [ 696193.229542419197969, 2428490.529152439907193 ], [ 696193.433989708079025, 2428490.682607732247561 ], [ 696193.652314713806845, 2428490.815043319016695 ], [ 696193.882414847263135, 2428490.925183773040771 ], [ 696194.122074118349701, 2428491.011968381237239 ], [ 696194.368984477245249, 2428491.074561361223459 ], [ 696194.62076804228127, 2428491.112359907478094 ], [ 696194.875, 2428491.125 ], [ 696195.12923195771873, 2428491.112359907478094 ], [ 696195.381015522754751, 2428491.074561361223459 ], [ 696195.627925881650299, 2428491.011968381237239 ], [ 696195.867585152736865, 2428490.925183773040771 ], [ 696196.097685286193155, 2428490.815043319016695 ], [ 696196.316010291920975, 2428490.682607732247561 ], [ 696196.520457580802031, 2428490.529152439907193 ], [ 696196.709058213746175, 2428490.35615530051291 ], [ 696196.879995863419026, 2428490.16528237098828 ], [ 696197.031624306924641, 2428489.958371861837804 ], [ 696197.162483279360458, 2428489.73741643410176 ], [ 696197.271312537486665, 2428489.50454400992021 ], [ 696197.357063995790668, 2428489.261997277848423 ], [ 696197.418911821092479, 2428489.012112095486373 ], [ 696197.456260384758934, 2428488.757294993381947 ], [ 696197.46875, 2428488.5 ] ] ] } },
{ "type": "Feature", "properties": { "xmin": 137.81401, "ymin": 654.10779, "xmax": 158.15202, "ymax": 674.00671, "score": 0.25253057, "label": "Tree", "tile_idx": 4, "geo_xmin": 696036.31, "geo_ymin": 2428474.8, "geo_xmax": 696041.81, "geo_ymax": 2428480.2, "center_x": 696039.06, "center_y": 2428477.5, "width_m": 5.5, "height_m": 5.5, "crown_diameter_m": 5.5, "lon": 88.898299363333578, "lat": 21.949734474086458, "crown_area_raw_m2": 23.758297, "crown_area_calibrated_m2": 28.509958, "agb_tree_kg": 43.389367115078066 }, "geometry": { "type": "Polygon", "coordinates": [ [ [ 696041.8125, 2428477.5 ], [ 696041.799257998354733, 2428477.230452863965183 ], [ 696041.759659521165304, 2428476.963501614518464 ], [ 696041.694085923256353, 2428476.701717137359083 ], [ 696041.60316871444229, 2428476.44762056088075 ], [ 696041.48778347694315, 2428476.203658973798156 ], [ 696041.349041433888488, 2428475.9721818594262 ], [ 696041.188278746791184, 2428475.755418468732387 ], [ 696041.007043648278341, 2428475.55545635195449 ], [ 696040.807081531500444, 2428475.374221253208816 ], [ 696040.59031814080663, 2428475.213458565995097 ], [ 696040.35884102631826, 2428475.074716522824019 ], [ 696040.114879439002834, 2428474.959331285674125 ], [ 696039.860782862408087, 2428474.868414076510817 ], [ 696039.598998385597952, 2428474.802840478718281 ], [ 696039.332047135918401, 2428474.763242001645267 ], [ 696039.0625, 2428474.75 ], [ 696038.792952864081599, 2428474.763242001645267 ], [ 696038.526001614402048, 2428474.802840478718281 ], [ 696038.264217137591913, 2428474.868414076510817 ], [ 696038.010120560997166, 2428474.959331285674125 ], [ 696037.76615897368174, 2428475.074716522824019 ], [ 696037.53468185919337, 2428475.213458565995097 ], [ 696037.317918468499556, 2428475.374221253208816 ], [ 696037.117956351721659, 2428475.55545635195449 ], [ 696036.936721253208816, 2428475.755418468732387 ], [ 696036.775958566111512, 2428475.9721818594262 ], [ 696036.63721652305685, 2428476.203658973798156 ], [ 696036.52183128555771, 2428476.44762056088075 ], [ 696036.430914076743647, 2428476.701717137359083 ], [ 696036.365340478834696, 2428476.963501614518464 ], [ 696036.325742001645267, 2428477.230452863965183 ], [ 696036.3125, 2428477.5 ], [ 696036.325742001645267, 2428477.769547136034817 ], [ 696036.365340478834696, 2428478.036498385481536 ], [ 696036.430914076743647, 2428478.298282862640917 ], [ 696036.52183128555771, 2428478.55237943911925 ], [ 696036.63721652305685, 2428478.796341026201844 ], [ 696036.775958566111512, 2428479.0278181405738 ], [ 696036.936721253208816, 2428479.244581531267613 ], [ 696037.117956351721659, 2428479.44454364804551 ], [ 696037.317918468499556, 2428479.625778746791184 ], [ 696037.53468185919337, 2428479.786541434004903 ], [ 696037.76615897368174, 2428479.925283477175981 ], [ 696038.010120560997166, 2428480.040668714325875 ], [ 696038.264217137591913, 2428480.131585923489183 ], [ 696038.526001614402048, 2428480.197159521281719 ], [ 696038.792952864081599, 2428480.236757998354733 ], [ 696039.0625, 2428480.25 ], [ 696039.332047135918401, 2428480.236757998354733 ], [ 696039.598998385597952, 2428480.197159521281719 ], [ 696039.860782862408087, 2428480.131585923489183 ], [ 696040.114879439002834, 2428480.040668714325875 ], [ 696040.35884102631826, 2428479.925283477175981 ], [ 696040.59031814080663, 2428479.786541434004903 ], [ 696040.807081531500444, 2428479.625778746791184 ], [ 696041.007043648278341, 2428479.44454364804551 ], [ 696041.188278746791184, 2428479.244581531267613 ], [ 696041.349041433888488, 2428479.0278181405738 ], [ 696041.48778347694315, 2428478.796341026201844 ], [ 696041.60316871444229, 2428478.55237943911925 ], [ 696041.694085923256353, 2428478.298282862640917 ], [ 696041.759659521165304, 2428478.036498385481536 ], [ 696041.799257998354733, 2428477.769547136034817 ], [ 696041.8125, 2428477.5 ] ] ] } },
{ "type": "Feature", "properties": { "xmin": 622.9292, "ymin": 934.62073, "xmax": 641.84027, "ymax": 954.06348, "score": 0.2516979, "label": "Tree", "tile_idx": 9, "geo_xmin": 696167.31, "geo_ymin": 2428399.2, "geo_xmax": 696172.44, "geo_ymax": 2428404.5, "center_x": 696169.88, "center_y": 2428402.0, "width_m": 5.125, "height_m": 5.25, "crown_diameter_m": 5.1871233, "lon": 88.899556465662627, "lat": 21.949038098146119, "crown_area_raw_m2": 21.132118, "crown_area_calibrated_m2": 25.358543, "agb_tree_kg": 37.690759373839704 }, "geometry": { "type": "Polygon", "coordinates": [ [ [ 696172.4375, 2428402.0 ], [ 696172.425160862039775, 2428401.742705006618053 ], [ 696172.388262281077914, 2428401.487887904513627 ], [ 696172.327159610344097, 2428401.238002722151577 ], [ 696172.242441302048974, 2428400.99545599007979 ], [ 696172.134923239937052, 2428400.76258356589824 ], [ 696172.005640881485306, 2428400.541628138162196 ], [ 696171.855839286698028, 2428400.33471762901172 ], [ 696171.68696112674661, 2428400.14384469948709 ], [ 696171.500632790615782, 2428399.970847560092807 ], [ 696171.298648722120561, 2428399.817392267752439 ], [ 696171.082954138168134, 2428399.684956680983305 ], [ 696170.855626295437105, 2428399.574816226959229 ], [ 696170.618854485452175, 2428399.488031618762761 ], [ 696170.374918950139545, 2428399.425438638776541 ], [ 696170.126168922055513, 2428399.387640092521906 ], [ 696169.875, 2428399.375 ], [ 696169.623831077944487, 2428399.387640092521906 ], [ 696169.375081049860455, 2428399.425438638776541 ], [ 696169.131145514547825, 2428399.488031618762761 ], [ 696168.894373704562895, 2428399.574816226959229 ], [ 696168.667045861831866, 2428399.684956680983305 ], [ 696168.451351277879439, 2428399.817392267752439 ], [ 696168.249367209384218, 2428399.970847560092807 ], [ 696168.06303887325339, 2428400.14384469948709 ], [ 696167.894160713301972, 2428400.33471762901172 ], [ 696167.744359118514694, 2428400.541628138162196 ], [ 696167.615076760062948, 2428400.76258356589824 ], [ 696167.507558697951026, 2428400.99545599007979 ], [ 696167.422840389655903, 2428401.238002722151577 ], [ 696167.361737718922086, 2428401.487887904513627 ], [ 696167.324839137960225, 2428401.742705006618053 ], [ 696167.3125, 2428402.0 ], [ 696167.324839137960225, 2428402.257294993381947 ], [ 696167.361737718922086, 2428402.512112095486373 ], [ 696167.422840389655903, 2428402.761997277848423 ], [ 696167.507558697951026, 2428403.00454400992021 ], [ 696167.615076760062948, 2428403.23741643410176 ], [ 696167.744359118514694, 2428403.458371861837804 ], [ 696167.894160713301972, 2428403.66528237098828 ], [ 696168.06303887325339, 2428403.85615530051291 ], [ 696168.249367209384218, 2428404.029152439907193 ], [ 696168.451351277879439, 2428404.182607732247561 ], [ 696168.667045861831866, 2428404.315043319016695 ], [ 696168.894373704562895, 2428404.425183773040771 ], [ 696169.131145514547825, 2428404.511968381237239 ], [ 696169.375081049860455, 2428404.574561361223459 ], [ 696169.623831077944487, 2428404.612359907478094 ], [ 696169.875, 2428404.625 ], [ 696170.126168922055513, 2428404.612359907478094 ], [ 696170.374918950139545, 2428404.574561361223459 ], [ 696170.618854485452175, 2428404.511968381237239 ], [ 696170.855626295437105, 2428404.425183773040771 ], [ 696171.082954138168134, 2428404.315043319016695 ], [ 696171.298648722120561, 2428404.182607732247561 ], [ 696171.500632790615782, 2428404.029152439907193 ], [ 696171.68696112674661, 2428403.85615530051291 ], [ 696171.855839286698028, 2428403.66528237098828 ], [ 696172.005640881485306, 2428403.458371861837804 ], [ 696172.134923239937052, 2428403.23741643410176 ], [ 696172.242441302048974, 2428403.00454400992021 ], [ 696172.327159610344097, 2428402.761997277848423 ], [ 696172.388262281077914, 2428402.512112095486373 ], [ 696172.425160862039775, 2428402.257294993381947 ], [ 696172.4375, 2428402.0 ] ] ] } },
{ "type": "Feature", "properties": { "xmin": 704.47272, "ymin": 269.13504, "xmax": 719.70923, "ymax": 284.59561, "score": 0.25149134, "label": "Tree", "tile_idx": 2, "geo_xmin": 696189.31, "geo_ymin": 2428580.0, "geo_xmax": 696193.44, "geo_ymax": 2428584.0, "center_x": 696191.38, "center_y": 2428582.0, "width_m": 4.125, "height_m": 4.0, "crown_diameter_m": 4.0620193, "lon": 88.899786169268864, "lat": 21.950661025148264, "crown_area_raw_m2": 12.95907, "crown_area_calibrated_m2": 15.550885, "agb_tree_kg": 20.939540554446658 }, "geometry": { "type": "Polygon", "coordinates": [ [ [ 696193.4375, 2428582.0 ], [ 696193.42756849876605, 2428581.803965719416738 ], [ 696193.397869640844874, 2428581.60981935588643 ], [ 696193.348689442500472, 2428581.41943064564839 ], [ 696193.280501535860822, 2428581.234633135143667 ], [ 696193.19396260776557, 2428581.057206526398659 ], [ 696193.089906075387262, 2428580.888859534170479 ], [ 696192.969334060093388, 2428580.731213431805372 ], [ 696192.833407736150548, 2428580.585786437615752 ], [ 696192.683436148567125, 2428580.453979093115777 ], [ 696192.520863605546765, 2428580.337060775607824 ], [ 696192.347255769651383, 2428580.236157471314073 ], [ 696192.164284579223022, 2428580.15224093478173 ], [ 696191.973712146864273, 2428580.0861193286255 ], [ 696191.777373789111152, 2428580.038429439067841 ], [ 696191.577160351909697, 2428580.009630546439439 ], [ 696191.375, 2428580.0 ], [ 696191.172839648090303, 2428580.009630546439439 ], [ 696190.972626210888848, 2428580.038429439067841 ], [ 696190.776287853135727, 2428580.0861193286255 ], [ 696190.585715420776978, 2428580.15224093478173 ], [ 696190.402744230348617, 2428580.236157471314073 ], [ 696190.229136394453235, 2428580.337060775607824 ], [ 696190.066563851432875, 2428580.453979093115777 ], [ 696189.916592263849452, 2428580.585786437615752 ], [ 696189.780665939906612, 2428580.731213431805372 ], [ 696189.660093924612738, 2428580.888859534170479 ], [ 696189.55603739223443, 2428581.057206526398659 ], [ 696189.469498464139178, 2428581.234633135143667 ], [ 696189.401310557499528, 2428581.41943064564839 ], [ 696189.352130359155126, 2428581.60981935588643 ], [ 696189.32243150123395, 2428581.803965719416738 ], [ 696189.3125, 2428582.0 ], [ 696189.32243150123395, 2428582.196034280583262 ], [ 696189.352130359155126, 2428582.39018064411357 ], [ 696189.401310557499528, 2428582.58056935435161 ], [ 696189.469498464139178, 2428582.765366864856333 ], [ 696189.55603739223443, 2428582.942793473601341 ], [ 696189.660093924612738, 2428583.111140465829521 ], [ 696189.780665939906612, 2428583.268786568194628 ], [ 696189.916592263849452, 2428583.414213562384248 ], [ 696190.066563851432875, 2428583.546020906884223 ], [ 696190.229136394453235, 2428583.662939224392176 ], [ 696190.402744230348617, 2428583.763842528685927 ], [ 696190.585715420776978, 2428583.84775906521827 ], [ 696190.776287853135727, 2428583.9138806713745 ], [ 696190.972626210888848, 2428583.961570560932159 ], [ 696191.172839648090303, 2428583.990369453560561 ], [ 696191.375, 2428584.0 ], [ 696191.577160351909697, 2428583.990369453560561 ], [ 696191.777373789111152, 2428583.961570560932159 ], [ 696191.973712146864273, 2428583.9138806713745 ], [ 696192.164284579223022, 2428583.84775906521827 ], [ 696192.347255769651383, 2428583.763842528685927 ], [ 696192.520863605546765, 2428583.662939224392176 ], [ 696192.683436148567125, 2428583.546020906884223 ], [ 696192.833407736150548, 2428583.414213562384248 ], [ 696192.969334060093388, 2428583.268786568194628 ], [ 696193.089906075387262, 2428583.111140465829521 ], [ 696193.19396260776557, 2428582.942793473601341 ], [ 696193.280501535860822, 2428582.765366864856333 ], [ 696193.348689442500472, 2428582.58056935435161 ], [ 696193.397869640844874, 2428582.39018064411357 ], [ 696193.42756849876605, 2428582.196034280583262 ], [ 696193.4375, 2428582.0 ] ] ] } },
{ "type": "Feature", "properties": { "xmin": 820.73584, "ymin": 660.42834, "xmax": 835.23413, "ymax": 675.35553, "score": 0.2507596, "label": "Tree", "tile_idx": 10, "geo_xmin": 696220.75, "geo_ymin": 2428474.5, "geo_xmax": 696224.62, "geo_ymax": 2428478.5, "center_x": 696222.69, "center_y": 2428476.5, "width_m": 3.875, "height_m": 4.0, "crown_diameter_m": 3.9370039, "lon": 88.900076588126936, "lat": 21.949704893129123, "crown_area_raw_m2": 12.173672, "crown_area_calibrated_m2": 14.608407, "agb_tree_kg": 19.423616211304559 }, "geometry": { "type": "Polygon", "coordinates": [ [ [ 696224.625, 2428476.5 ], [ 696224.615670407889411, 2428476.303965719416738 ], [ 696224.587771480786614, 2428476.10981935588643 ], [ 696224.541571900481358, 2428475.91943064564839 ], [ 696224.477516594226472, 2428475.734633135143667 ], [ 696224.3962224497227, 2428475.557206526398659 ], [ 696224.298472373862751, 2428475.388859534170479 ], [ 696224.185207753442228, 2428475.231213431805372 ], [ 696224.057519388501532, 2428475.085786437615752 ], [ 696223.916636988054961, 2428474.953979093115777 ], [ 696223.763917326461524, 2428474.837060775607824 ], [ 696223.600831177551299, 2428474.736157471314073 ], [ 696223.428949150256813, 2428474.65224093478173 ], [ 696223.249926562188193, 2428474.5861193286255 ], [ 696223.065487498883158, 2428474.538429439067841 ], [ 696222.877408209373243, 2428474.509630546439439 ], [ 696222.6875, 2428474.5 ], [ 696222.497591790626757, 2428474.509630546439439 ], [ 696222.309512501116842, 2428474.538429439067841 ], [ 696222.125073437811807, 2428474.5861193286255 ], [ 696221.946050849743187, 2428474.65224093478173 ], [ 696221.774168822448701, 2428474.736157471314073 ], [ 696221.611082673538476, 2428474.837060775607824 ], [ 696221.458363011945039, 2428474.953979093115777 ], [ 696221.317480611498468, 2428475.085786437615752 ], [ 696221.189792246557772, 2428475.231213431805372 ], [ 696221.076527626137249, 2428475.388859534170479 ], [ 696220.9787775502773, 2428475.557206526398659 ], [ 696220.897483405773528, 2428475.734633135143667 ], [ 696220.833428099518642, 2428475.91943064564839 ], [ 696220.787228519213386, 2428476.10981935588643 ], [ 696220.759329592110589, 2428476.303965719416738 ], [ 696220.75, 2428476.5 ], [ 696220.759329592110589, 2428476.696034280583262 ], [ 696220.787228519213386, 2428476.89018064411357 ], [ 696220.833428099518642, 2428477.08056935435161 ], [ 696220.897483405773528, 2428477.265366864856333 ], [ 696220.9787775502773, 2428477.442793473601341 ], [ 696221.076527626137249, 2428477.611140465829521 ], [ 696221.189792246557772, 2428477.768786568194628 ], [ 696221.317480611498468, 2428477.914213562384248 ], [ 696221.458363011945039, 2428478.046020906884223 ], [ 696221.611082673538476, 2428478.162939224392176 ], [ 696221.774168822448701, 2428478.263842528685927 ], [ 696221.946050849743187, 2428478.34775906521827 ], [ 696222.125073437811807, 2428478.4138806713745 ], [ 696222.309512501116842, 2428478.461570560932159 ], [ 696222.497591790626757, 2428478.490369453560561 ], [ 696222.6875, 2428478.5 ], [ 696222.877408209373243, 2428478.490369453560561 ], [ 696223.065487498883158, 2428478.461570560932159 ], [ 696223.249926562188193, 2428478.4138806713745 ], [ 696223.428949150256813, 2428478.34775906521827 ], [ 696223.600831177551299, 2428478.263842528685927 ], [ 696223.763917326461524, 2428478.162939224392176 ], [ 696223.916636988054961, 2428478.046020906884223 ], [ 696224.057519388501532, 2428477.914213562384248 ], [ 696224.185207753442228, 2428477.768786568194628 ], [ 696224.298472373862751, 2428477.611140465829521 ], [ 696224.3962224497227, 2428477.442793473601341 ], [ 696224.477516594226472, 2428477.265366864856333 ], [ 696224.541571900481358, 2428477.08056935435161 ], [ 696224.587771480786614, 2428476.89018064411357 ], [ 696224.615670407889411, 2428476.696034280583262 ], [ 696224.625, 2428476.5 ] ] ] } }
]
}
